flag_date,ticker,contract,kind,type,strike,expiry,dte,dte_bucket,moneyness,moneyness_bucket,vol,oi,prem_last,prem_mid,close,quality_flags,tags
2026-07-22,AAPL,AAPL260722C00280000,unusual_volume,C,280.0,2026-07-22,0,0-7,-0.141,ITM_5-15,383,74,1693625,1790525,325.89,LAST_OUTSIDE_QUOTE,NEAR_EXPIRY|WEEKLY_EXPIRY|DEEP_ITM|PROBABLE_MULTI_LEG(13)|EARNINGS_DATE_UNCHECKED
2026-07-22,AAPL,AAPL260722C00282500,unusual_volume,C,282.5,2026-07-22,0,0-7,-0.133,ITM_5-15,661,63,2758353,2923272,325.89,LAST_OUTSIDE_QUOTE,NEAR_EXPIRY|WEEKLY_EXPIRY|DEEP_ITM|PROBABLE_MULTI_LEG(12)|EARNINGS_DATE_UNCHECKED
2026-07-22,AAPL,AAPL260722C00285000,unusual_volume,C,285.0,2026-07-22,0,0-7,-0.125,ITM_5-15,418,32,1641904,1746195,325.89,LAST_OUTSIDE_QUOTE,NEAR_EXPIRY|WEEKLY_EXPIRY|DEEP_ITM|PROBABLE_MULTI_LEG(8)|EARNINGS_DATE_UNCHECKED
2026-07-22,AAPL,AAPL260722C00290000,unusual_volume,C,290.0,2026-07-22,0,0-7,-0.11,ITM_5-15,344,127,1202280,1251300,325.89,,NEAR_EXPIRY|WEEKLY_EXPIRY|DEEP_ITM|PROBABLE_MULTI_LEG(9)|EARNINGS_DATE_UNCHECKED
2026-07-22,AAPL,AAPL260722C00292500,unusual_volume,C,292.5,2026-07-22,0,0-7,-0.102,ITM_5-15,410,37,1307490,1405275,325.89,LAST_OUTSIDE_QUOTE,NEAR_EXPIRY|WEEKLY_EXPIRY|DEEP_ITM|PROBABLE_MULTI_LEG(8)|EARNINGS_DATE_UNCHECKED
2026-07-22,AAPL,AAPL260722C00295000,unusual_volume,C,295.0,2026-07-22,0,0-7,-0.095,ITM_5-15,340,31,995860,1082050,325.89,LAST_OUTSIDE_QUOTE,NEAR_EXPIRY|WEEKLY_EXPIRY|DEEP_ITM|PROBABLE_MULTI_LEG(10)|EARNINGS_DATE_UNCHECKED
2026-07-22,AAPL,AAPL260722C00310000,unusual_volume,C,310.0,2026-07-22,0,0-7,-0.049,ATM,1186,123,1749350,1870914,325.89,,NEAR_EXPIRY|WEEKLY_EXPIRY|EARNINGS_DATE_UNCHECKED
2026-07-22,AAPL,AAPL260722C00322500,unusual_volume,C,322.5,2026-07-22,0,0-7,-0.01,ATM,15689,1594,6746270,5561750,325.89,WIDE_MARKET|LAST_OUTSIDE_QUOTE,NEAR_EXPIRY|WEEKLY_EXPIRY|EARNINGS_DATE_UNCHECKED
2026-07-22,AAPL,AAPL260722C00325000,unusual_volume,C,325.0,2026-07-22,0,0-7,-0.003,ATM,159821,6890,16141921,17340578,325.89,WIDE_MARKET,NEAR_EXPIRY|WEEKLY_EXPIRY|PROBABLE_MULTI_LEG(2)|EARNINGS_DATE_UNCHECKED
2026-07-22,AAPL,AAPL260722P00325000,unusual_volume,P,325.0,2026-07-22,0,0-7,0.003,ATM,111072,6793,666432,666432,325.89,WIDE_MARKET,NEAR_EXPIRY|WEEKLY_EXPIRY|EARNINGS_DATE_UNCHECKED
2026-07-22,AAPL,AAPL260724C00325000,unusual_volume,C,325.0,2026-07-24,2,0-7,-0.003,ATM,27219,5250,10043811,10139077,325.89,,NEAR_EXPIRY|WEEKLY_EXPIRY|EARNINGS_DATE_UNCHECKED
2026-07-22,AAPL,AAPL260724C00327500,unusual_volume,C,327.5,2026-07-24,2,0-7,0.005,ATM,25503,6002,6146223,6044211,325.89,,NEAR_EXPIRY|WEEKLY_EXPIRY|EARNINGS_DATE_UNCHECKED
2026-07-22,AAPL,AAPL260724C00330000,unusual_volume,C,330.0,2026-07-24,2,0-7,0.013,ATM,44372,17427,6478312,6611428,325.89,,NEAR_EXPIRY|WEEKLY_EXPIRY|PROBABLE_MULTI_LEG(2)|EARNINGS_DATE_UNCHECKED
2026-07-22,AAPL,AAPL260724P00317500,unusual_volume,P,317.5,2026-07-24,2,0-7,0.026,ATM,12306,3737,738360,787583,325.89,,NEAR_EXPIRY|WEEKLY_EXPIRY|PROBABLE_MULTI_LEG(3)|EARNINGS_DATE_UNCHECKED
2026-07-22,AAPL,AAPL260724P00322500,unusual_volume,P,322.5,2026-07-24,2,0-7,0.01,ATM,11136,3088,1737216,1809600,325.89,,NEAR_EXPIRY|WEEKLY_EXPIRY|PROBABLE_MULTI_LEG(3)|EARNINGS_DATE_UNCHECKED
2026-07-22,AAPL,AAPL260727C00322500,unusual_volume,C,322.5,2026-07-27,5,0-7,-0.01,ATM,633,69,405120,356062,325.89,LAST_OUTSIDE_QUOTE,WEEKLY_EXPIRY|PROBABLE_MULTI_LEG(11)|EARNINGS_DATE_UNCHECKED
2026-07-22,AAPL,AAPL260727C00325000,unusual_volume,C,325.0,2026-07-27,5,0-7,-0.003,ATM,3719,649,1710739,1561980,325.89,LAST_OUTSIDE_QUOTE,WEEKLY_EXPIRY|PROBABLE_MULTI_LEG(3)|EARNINGS_DATE_UNCHECKED
2026-07-22,AAPL,AAPL260727C00327500,unusual_volume,C,327.5,2026-07-27,5,0-7,0.005,ATM,2829,677,891135,871332,325.89,,WEEKLY_EXPIRY|PROBABLE_MULTI_LEG(2)|EARNINGS_DATE_UNCHECKED
2026-07-22,AAPL,AAPL260727C00335000,unusual_volume,C,335.0,2026-07-27,5,0-7,0.028,ATM,4511,1733,360880,399223,325.89,WIDE_MARKET,WEEKLY_EXPIRY|PROBABLE_MULTI_LEG(3)|EARNINGS_DATE_UNCHECKED
2026-07-22,AAPL,AAPL260729C00325000,unusual_volume,C,325.0,2026-07-29,7,0-7,-0.003,ATM,1412,420,776600,751890,325.89,,WEEKLY_EXPIRY|PROBABLE_MULTI_LEG(4)|EARNINGS_DATE_UNCHECKED
2026-07-22,AAPL,AAPL260731C00287500,unusual_volume,C,287.5,2026-07-31,9,8-30,-0.118,ITM_5-15,318,50,1197270,1259280,325.89,LAST_OUTSIDE_QUOTE,WEEKLY_EXPIRY|DEEP_ITM|PROBABLE_MULTI_LEG(11)|EARNINGS_DATE_UNCHECKED
2026-07-22,AAPL,AAPL260731C00292500,unusual_volume,C,292.5,2026-07-31,9,8-30,-0.102,ITM_5-15,256,34,839679,889600,325.89,LAST_OUTSIDE_QUOTE,WEEKLY_EXPIRY|DEEP_ITM|PROBABLE_MULTI_LEG(19)|EARNINGS_DATE_UNCHECKED
2026-07-22,AAPL,AAPL261016C00390000,unusual_volume,C,390.0,2026-10-16,86,31-90,0.197,OTM_15+,11231,1450,2324817,2324817,325.89,,MONTHLY_EXPIRY|PROBABLE_MULTI_LEG(3)|EARNINGS_DATE_UNCHECKED
2026-07-22,GOOGL,GOOGL260724C00340000,unusual_volume,C,340.0,2026-07-24,2,0-7,-0.006,ATM,3205,884,3557550,3685750,342.09,,NEAR_EXPIRY|WEEKLY_EXPIRY|PROBABLE_MULTI_LEG(3)|EARNINGS_DATE_UNCHECKED
2026-07-22,GOOGL,GOOGL260724C00342500,unusual_volume,C,342.5,2026-07-24,2,0-7,0.001,ATM,1061,341,1082220,1058347,342.09,,NEAR_EXPIRY|WEEKLY_EXPIRY|PROBABLE_MULTI_LEG(19)|EARNINGS_DATE_UNCHECKED
2026-07-22,GOOGL,GOOGL260724C00345000,unusual_volume,C,345.0,2026-07-24,2,0-7,0.009,ATM,3785,956,3383790,3330800,342.09,,NEAR_EXPIRY|WEEKLY_EXPIRY|PROBABLE_MULTI_LEG(4)|EARNINGS_DATE_UNCHECKED
2026-07-22,GOOGL,GOOGL260724C00347500,unusual_volume,C,347.5,2026-07-24,2,0-7,0.016,ATM,9057,474,6973890,6996532,342.09,,NEAR_EXPIRY|WEEKLY_EXPIRY|PROBABLE_MULTI_LEG(2)|EARNINGS_DATE_UNCHECKED
2026-07-22,GOOGL,GOOGL260724C00365000,unusual_volume,C,365.0,2026-07-24,2,0-7,0.067,OTM_5-15,9489,3574,2562030,2547796,342.09,,NEAR_EXPIRY|WEEKLY_EXPIRY|PROBABLE_MULTI_LEG(3)|EARNINGS_DATE_UNCHECKED
2026-07-22,GOOGL,GOOGL260724C00385000,unusual_volume,C,385.0,2026-07-24,2,0-7,0.125,OTM_5-15,6776,1647,521752,511588,342.09,,NEAR_EXPIRY|WEEKLY_EXPIRY|PROBABLE_MULTI_LEG(2)|EARNINGS_DATE_UNCHECKED
2026-07-22,GOOGL,GOOGL260724P00310000,unusual_volume,P,310.0,2026-07-24,2,0-7,0.094,OTM_5-15,5731,1833,498597,484269,342.09,,NEAR_EXPIRY|WEEKLY_EXPIRY|PROBABLE_MULTI_LEG(2)|EARNINGS_DATE_UNCHECKED
2026-07-22,GOOGL,GOOGL260724P00320000,unusual_volume,P,320.0,2026-07-24,2,0-7,0.065,OTM_5-15,9886,2986,2105718,2135376,342.09,,NEAR_EXPIRY|WEEKLY_EXPIRY|PROBABLE_MULTI_LEG(3)|EARNINGS_DATE_UNCHECKED
2026-07-22,GOOGL,GOOGL260724P00322500,unusual_volume,P,322.5,2026-07-24,2,0-7,0.057,OTM_5-15,2637,523,711990,738360,342.09,,NEAR_EXPIRY|WEEKLY_EXPIRY|PROBABLE_MULTI_LEG(3)|EARNINGS_DATE_UNCHECKED
2026-07-22,GOOGL,GOOGL260724P00327500,unusual_volume,P,327.5,2026-07-24,2,0-7,0.043,ATM,2897,825,1173285,1180527,342.09,,NEAR_EXPIRY|WEEKLY_EXPIRY|PROBABLE_MULTI_LEG(3)|EARNINGS_DATE_UNCHECKED
2026-07-22,GOOGL,GOOGL260724P00345000,unusual_volume,P,345.0,2026-07-24,2,0-7,-0.009,ATM,14147,2867,16269050,16269050,342.09,,NEAR_EXPIRY|WEEKLY_EXPIRY|PROBABLE_MULTI_LEG(2)|EARNINGS_DATE_UNCHECKED
2026-07-22,GOOGL,GOOGL260724P00352500,unusual_volume,P,352.5,2026-07-24,2,0-7,-0.03,ATM,1106,243,1751904,1758540,342.09,,NEAR_EXPIRY|WEEKLY_EXPIRY|PROBABLE_MULTI_LEG(14)|EARNINGS_DATE_UNCHECKED
2026-07-22,GOOGL,GOOGL260727C00345000,unusual_volume,C,345.0,2026-07-27,5,0-7,0.009,ATM,472,67,436600,444860,342.09,,WEEKLY_EXPIRY|PROBABLE_MULTI_LEG(6)|EARNINGS_DATE_UNCHECKED
2026-07-22,GOOGL,GOOGL260727C00347500,unusual_volume,C,347.5,2026-07-27,5,0-7,0.016,ATM,453,64,374178,379387,342.09,,WEEKLY_EXPIRY|PROBABLE_MULTI_LEG(9)|EARNINGS_DATE_UNCHECKED
2026-07-22,GOOGL,GOOGL260727P00330000,unusual_volume,P,330.0,2026-07-27,5,0-7,0.035,ATM,878,252,471485,476314,342.09,,WEEKLY_EXPIRY|PROBABLE_MULTI_LEG(8)|EARNINGS_DATE_UNCHECKED
2026-07-22,GOOGL,GOOGL260727P00345000,unusual_volume,P,345.0,2026-07-27,5,0-7,-0.009,ATM,838,166,997220,1001409,342.09,,WEEKLY_EXPIRY|PROBABLE_MULTI_LEG(8)|EARNINGS_DATE_UNCHECKED
2026-07-22,GOOGL,GOOGL260727P00347500,unusual_volume,P,347.5,2026-07-27,5,0-7,-0.016,ATM,512,67,591360,682240,342.09,LAST_OUTSIDE_QUOTE,WEEKLY_EXPIRY|PROBABLE_MULTI_LEG(10)|EARNINGS_DATE_UNCHECKED
2026-07-22,GOOGL,GOOGL260731C00347500,unusual_volume,C,347.5,2026-07-31,9,8-30,0.016,ATM,722,162,725610,714779,342.09,,WEEKLY_EXPIRY|PROBABLE_MULTI_LEG(13)|EARNINGS_DATE_UNCHECKED
2026-07-22,GOOGL,GOOGL260731C00390000,unusual_volume,C,390.0,2026-07-31,9,8-30,0.14,OTM_5-15,4154,1408,477709,483941,342.09,,WEEKLY_EXPIRY|PROBABLE_MULTI_LEG(2)|EARNINGS_DATE_UNCHECKED
2026-07-22,GOOGL,GOOGL260731P00322500,unusual_volume,P,322.5,2026-07-31,9,8-30,0.057,OTM_5-15,676,84,282568,277160,342.09,,WEEKLY_EXPIRY|PROBABLE_MULTI_LEG(16)|EARNINGS_DATE_UNCHECKED
2026-07-22,GOOGL,GOOGL260731P00332500,unusual_volume,P,332.5,2026-07-31,9,8-30,0.028,ATM,731,62,464184,539112,342.09,LAST_OUTSIDE_QUOTE,WEEKLY_EXPIRY|PROBABLE_MULTI_LEG(12)|EARNINGS_DATE_UNCHECKED
2026-07-22,GOOGL,GOOGL260803C00347500,unusual_volume,C,347.5,2026-08-03,12,8-30,0.016,ATM,545,25,540640,546362,342.09,,WEEKLY_EXPIRY|PROBABLE_MULTI_LEG(10)|EARNINGS_DATE_UNCHECKED
2026-07-22,GOOGL,GOOGL260821C00367500,unusual_volume,C,367.5,2026-08-21,30,8-30,0.074,OTM_5-15,339,125,229164,228825,342.09,,MONTHLY_EXPIRY|PROBABLE_MULTI_LEG(10)|EARNINGS_DATE_UNCHECKED
2026-07-22,GOOGL,GOOGL260821P00337500,unusual_volume,P,337.5,2026-08-21,30,8-30,0.013,ATM,303,34,358146,385567,342.09,LAST_OUTSIDE_QUOTE,MONTHLY_EXPIRY|PROBABLE_MULTI_LEG(16)|EARNINGS_DATE_UNCHECKED
2026-07-22,GOOGL,GOOGL260821P00405000,unusual_volume,P,405.0,2026-08-21,30,8-30,-0.184,ITM_15+,500,71,2900000,3183750,342.09,LAST_OUTSIDE_QUOTE,MONTHLY_EXPIRY|DEEP_ITM|PROBABLE_MULTI_LEG(9)|EARNINGS_DATE_UNCHECKED
2026-07-22,GOOGL,GOOGL260821P00410000,unusual_volume,P,410.0,2026-08-21,30,8-30,-0.199,ITM_15+,1000,280,6394000,6832499,342.09,LAST_OUTSIDE_QUOTE,MONTHLY_EXPIRY|DEEP_ITM|PROBABLE_MULTI_LEG(12)|EARNINGS_DATE_UNCHECKED
2026-07-22,GOOGL,GOOGL260828C00380000,unusual_volume,C,380.0,2026-08-28,37,31-90,0.111,OTM_5-15,411,128,209610,210637,342.09,WIDE_MARKET,WEEKLY_EXPIRY|PROBABLE_MULTI_LEG(18)|EARNINGS_DATE_UNCHECKED
2026-07-22,MCO,MCO260821P00490000,unusual_volume,P,490.0,2026-08-21,30,8-30,0.002,ATM,92,34,168360,166059,491.11,STALE_LAST,MONTHLY_EXPIRY|EARNINGS_DATE_UNCHECKED
2026-07-22,MSFT,MSFT260722C00340000,unusual_volume,C,340.0,2026-07-22,0,0-7,-0.129,ITM_5-15,377,46,1857102,1878402,390.34,,NEAR_EXPIRY|WEEKLY_EXPIRY|DEEP_ITM|PROBABLE_MULTI_LEG(17)|EARNINGS_DATE_UNCHECKED
2026-07-22,MSFT,MSFT260722C00342500,unusual_volume,C,342.5,2026-07-22,0,0-7,-0.123,ITM_5-15,377,42,1716104,1784152,390.34,LAST_OUTSIDE_QUOTE,NEAR_EXPIRY|WEEKLY_EXPIRY|DEEP_ITM|PROBABLE_MULTI_LEG(17)|EARNINGS_DATE_UNCHECKED
2026-07-22,MSFT,MSFT260722C00385000,unusual_volume,C,385.0,2026-07-22,0,0-7,-0.014,ATM,1537,192,906830,845350,390.34,,NEAR_EXPIRY|WEEKLY_EXPIRY|PROBABLE_MULTI_LEG(7)|EARNINGS_DATE_UNCHECKED
2026-07-22,MSFT,MSFT260722C00387500,unusual_volume,C,387.5,2026-07-22,0,0-7,-0.007,ATM,12382,109,4791834,4333700,390.34,LAST_OUTSIDE_QUOTE,NEAR_EXPIRY|WEEKLY_EXPIRY|PROBABLE_MULTI_LEG(2)|EARNINGS_DATE_UNCHECKED
2026-07-22,MSFT,MSFT260722C00390000,unusual_volume,C,390.0,2026-07-22,0,0-7,-0.001,ATM,46881,471,9094914,8579223,390.34,,NEAR_EXPIRY|WEEKLY_EXPIRY|EARNINGS_DATE_UNCHECKED
2026-07-22,MSFT,MSFT260722C00392500,unusual_volume,C,392.5,2026-07-22,0,0-7,0.006,ATM,39682,367,3650744,3154719,390.34,LAST_OUTSIDE_QUOTE,NEAR_EXPIRY|WEEKLY_EXPIRY|EARNINGS_DATE_UNCHECKED
2026-07-22,MSFT,MSFT260722C00395000,unusual_volume,C,395.0,2026-07-22,0,0-7,0.012,ATM,42689,962,1366048,1195292,390.34,,NEAR_EXPIRY|WEEKLY_EXPIRY|EARNINGS_DATE_UNCHECKED
2026-07-22,MSFT,MSFT260722C00397500,unusual_volume,C,397.5,2026-07-22,0,0-7,0.018,ATM,25093,822,250930,225837,390.34,,NEAR_EXPIRY|WEEKLY_EXPIRY|EARNINGS_DATE_UNCHECKED
2026-07-22,MSFT,MSFT260722P00385000,unusual_volume,P,385.0,2026-07-22,0,0-7,0.014,ATM,27649,1634,552980,580629,390.34,,NEAR_EXPIRY|WEEKLY_EXPIRY|PROBABLE_MULTI_LEG(2)|EARNINGS_DATE_UNCHECKED
2026-07-22,MSFT,MSFT260722P00387500,unusual_volume,P,387.5,2026-07-22,0,0-7,0.007,ATM,34270,1080,1884850,2141875,390.34,,NEAR_EXPIRY|WEEKLY_EXPIRY|PROBABLE_MULTI_LEG(2)|EARNINGS_DATE_UNCHECKED
2026-07-22,MSFT,MSFT260722P00390000,unusual_volume,P,390.0,2026-07-22,0,0-7,0.001,ATM,27882,1564,4405356,4502943,390.34,WIDE_MARKET,NEAR_EXPIRY|WEEKLY_EXPIRY|PROBABLE_MULTI_LEG(2)|EARNINGS_DATE_UNCHECKED
2026-07-22,MSFT,MSFT260722P00392500,unusual_volume,P,392.5,2026-07-22,0,0-7,-0.006,ATM,9871,1414,2546718,3114300,390.34,LAST_OUTSIDE_QUOTE,NEAR_EXPIRY|WEEKLY_EXPIRY|PROBABLE_MULTI_LEG(2)|EARNINGS_DATE_UNCHECKED
2026-07-22,MSFT,MSFT260724C00387500,unusual_volume,C,387.5,2026-07-24,2,0-7,-0.007,ATM,2032,509,1473200,1427480,390.34,,NEAR_EXPIRY|WEEKLY_EXPIRY|PROBABLE_MULTI_LEG(8)|EARNINGS_DATE_UNCHECKED
2026-07-22,MSFT,MSFT260724C00390000,unusual_volume,C,390.0,2026-07-24,2,0-7,-0.001,ATM,9552,2818,5587920,5349120,390.34,,NEAR_EXPIRY|WEEKLY_EXPIRY|PROBABLE_MULTI_LEG(2)|EARNINGS_DATE_UNCHECKED
2026-07-22,MSFT,MSFT260724C00392500,unusual_volume,C,392.5,2026-07-24,2,0-7,0.006,ATM,4449,775,2068785,2057662,390.34,,NEAR_EXPIRY|WEEKLY_EXPIRY|PROBABLE_MULTI_LEG(5)|EARNINGS_DATE_UNCHECKED
2026-07-22,MSFT,MSFT260724C00395000,unusual_volume,C,395.0,2026-07-24,2,0-7,0.012,ATM,12023,2227,4328280,4358337,390.34,,NEAR_EXPIRY|WEEKLY_EXPIRY|PROBABLE_MULTI_LEG(2)|EARNINGS_DATE_UNCHECKED
2026-07-22,MSFT,MSFT260724P00380000,unusual_volume,P,380.0,2026-07-24,2,0-7,0.026,ATM,6234,2315,1134588,1143939,390.34,,NEAR_EXPIRY|WEEKLY_EXPIRY|PROBABLE_MULTI_LEG(2)|EARNINGS_DATE_UNCHECKED
2026-07-22,MSFT,MSFT260724P00382500,unusual_volume,P,382.5,2026-07-24,2,0-7,0.02,ATM,2554,577,607852,642331,390.34,,NEAR_EXPIRY|WEEKLY_EXPIRY|PROBABLE_MULTI_LEG(3)|EARNINGS_DATE_UNCHECKED
2026-07-22,MSFT,MSFT260727C00387500,unusual_volume,C,387.5,2026-07-27,5,0-7,-0.007,ATM,694,72,576020,577754,390.34,,WEEKLY_EXPIRY|PROBABLE_MULTI_LEG(9)|EARNINGS_DATE_UNCHECKED
2026-07-22,MSFT,MSFT260727C00390000,unusual_volume,C,390.0,2026-07-27,5,0-7,-0.001,ATM,1870,700,1303390,1290300,390.34,,WEEKLY_EXPIRY|PROBABLE_MULTI_LEG(6)|EARNINGS_DATE_UNCHECKED
2026-07-22,MSFT,MSFT260727C00392500,unusual_volume,C,392.5,2026-07-27,5,0-7,0.006,ATM,844,111,489520,478970,390.34,,WEEKLY_EXPIRY|PROBABLE_MULTI_LEG(7)|EARNINGS_DATE_UNCHECKED
2026-07-22,MSFT,MSFT260727C00397500,unusual_volume,C,397.5,2026-07-27,5,0-7,0.018,ATM,1004,266,386540,379010,390.34,,WEEKLY_EXPIRY|PROBABLE_MULTI_LEG(14)|EARNINGS_DATE_UNCHECKED
2026-07-22,MSFT,MSFT260731C00387500,unusual_volume,C,387.5,2026-07-31,9,8-30,-0.007,ATM,1101,140,1954275,1948770,390.34,,WEEKLY_EXPIRY|PROBABLE_MULTI_LEG(6)|EARNINGS_DATE_UNCHECKED
2026-07-22,MSFT,MSFT260731C00390000,unusual_volume,C,390.0,2026-07-31,9,8-30,-0.001,ATM,7067,2313,11816024,11731220,390.34,,WEEKLY_EXPIRY|PROBABLE_MULTI_LEG(3)|EARNINGS_DATE_UNCHECKED
2026-07-22,MSFT,MSFT260731C00392500,unusual_volume,C,392.5,2026-07-31,9,8-30,0.006,ATM,4590,544,7137450,7057125,390.34,,WEEKLY_EXPIRY|PROBABLE_MULTI_LEG(5)|EARNINGS_DATE_UNCHECKED
2026-07-22,MSFT,MSFT260731C00407500,unusual_volume,C,407.5,2026-07-31,9,8-30,0.044,ATM,418,78,368258,392919,390.34,LAST_OUTSIDE_QUOTE,WEEKLY_EXPIRY|PROBABLE_MULTI_LEG(8)|EARNINGS_DATE_UNCHECKED
2026-07-22,MSFT,MSFT260731C00452500,unusual_volume,C,452.5,2026-07-31,9,8-30,0.159,OTM_15+,2708,60,463068,482024,390.34,,WEEKLY_EXPIRY|PROBABLE_MULTI_LEG(3)|EARNINGS_DATE_UNCHECKED
2026-07-22,MSFT,MSFT260731P00392500,unusual_volume,P,392.5,2026-07-31,9,8-30,-0.006,ATM,604,219,1031028,1028309,390.34,,WEEKLY_EXPIRY|PROBABLE_MULTI_LEG(7)|EARNINGS_DATE_UNCHECKED
2026-07-22,MSFT,MSFT260803C00385000,unusual_volume,C,385.0,2026-08-03,12,8-30,-0.014,ATM,640,14,1235840,1244800,390.34,,WEEKLY_EXPIRY|PROBABLE_MULTI_LEG(4)|EARNINGS_DATE_UNCHECKED
2026-07-22,MSFT,MSFT260803C00387500,unusual_volume,C,387.5,2026-08-03,12,8-30,-0.007,ATM,706,1,1279272,1286685,390.34,,WEEKLY_EXPIRY|PROBABLE_MULTI_LEG(8)|EARNINGS_DATE_UNCHECKED
2026-07-22,MSFT,MSFT260803C00390000,unusual_volume,C,390.0,2026-08-03,12,8-30,-0.001,ATM,3964,13,6798259,6768530,390.34,,WEEKLY_EXPIRY|EARNINGS_DATE_UNCHECKED
2026-07-22,MSFT,MSFT260803C00392500,unusual_volume,C,392.5,2026-08-03,12,8-30,0.006,ATM,3609,45,5720265,5747332,390.34,,WEEKLY_EXPIRY|EARNINGS_DATE_UNCHECKED
2026-07-22,MSFT,MSFT260805C00430000,unusual_volume,C,430.0,2026-08-05,14,8-30,0.102,OTM_5-15,1039,6,535085,542877,390.34,,WEEKLY_EXPIRY|PROBABLE_MULTI_LEG(11)|EARNINGS_DATE_UNCHECKED
2026-07-22,MSFT,MSFT260807C00392500,unusual_volume,C,392.5,2026-08-07,16,8-30,0.006,ATM,260,16,439400,444600,390.34,,WEEKLY_EXPIRY|PROBABLE_MULTI_LEG(9)|EARNINGS_DATE_UNCHECKED
2026-07-22,MSFT,MSFT260918C00405000,unusual_volume,C,405.0,2026-09-18,58,31-90,0.038,ATM,4239,708,8278767,8425012,390.34,LAST_OUTSIDE_QUOTE,QUARTERLY_EXPIRY|PROBABLE_MULTI_LEG(4)|EARNINGS_DATE_UNCHECKED
2026-07-22,NVDA,NVDA260722C00167500,unusual_volume,C,167.5,2026-07-22,0,0-7,-0.21,ITM_15+,296,18,1366632,1326080,212.06,LAST_OUTSIDE_QUOTE,NEAR_EXPIRY|WEEKLY_EXPIRY|DEEP_ITM|PROBABLE_MULTI_LEG(19)|EARNINGS_DATE_UNCHECKED
2026-07-22,NVDA,NVDA260722C00190000,unusual_volume,C,190.0,2026-07-22,0,0-7,-0.104,ITM_5-15,4036,575,9081000,8909470,212.06,LAST_OUTSIDE_QUOTE,NEAR_EXPIRY|WEEKLY_EXPIRY|DEEP_ITM|PROBABLE_MULTI_LEG(8)|EARNINGS_DATE_UNCHECKED
2026-07-22,NVDA,NVDA260722C00192500,unusual_volume,C,192.5,2026-07-22,0,0-7,-0.092,ITM_5-15,5453,651,10633350,10292537,212.06,,NEAR_EXPIRY|WEEKLY_EXPIRY|DEEP_ITM|PROBABLE_MULTI_LEG(9)|EARNINGS_DATE_UNCHECKED
2026-07-22,NVDA,NVDA260722C00197500,unusual_volume,C,197.5,2026-07-22,0,0-7,-0.069,ITM_5-15,2162,617,3219218,2983560,212.06,LAST_OUTSIDE_QUOTE,NEAR_EXPIRY|WEEKLY_EXPIRY|PROBABLE_MULTI_LEG(14)|EARNINGS_DATE_UNCHECKED
2026-07-22,NVDA,NVDA260722C00200000,unusual_volume,C,200.0,2026-07-22,0,0-7,-0.057,ITM_5-15,2306,726,2725692,2594250,212.06,,NEAR_EXPIRY|WEEKLY_EXPIRY|PROBABLE_MULTI_LEG(11)|EARNINGS_DATE_UNCHECKED
2026-07-22,NVDA,NVDA260722C00207500,unusual_volume,C,207.5,2026-07-22,0,0-7,-0.022,ATM,246780,24332,113765580,112284900,212.06,,NEAR_EXPIRY|WEEKLY_EXPIRY|PROBABLE_MULTI_LEG(2)|EARNINGS_DATE_UNCHECKED
2026-07-22,NVDA,NVDA260722C00210000,unusual_volume,C,210.0,2026-07-22,0,0-7,-0.01,ATM,366641,36733,76627969,74611443,212.06,,NEAR_EXPIRY|WEEKLY_EXPIRY|PROBABLE_MULTI_LEG(2)|EARNINGS_DATE_UNCHECKED
2026-07-22,NVDA,NVDA260722C00212500,unusual_volume,C,212.5,2026-07-22,0,0-7,0.002,ATM,357524,22282,8580576,8401814,212.06,,NEAR_EXPIRY|WEEKLY_EXPIRY|PROBABLE_MULTI_LEG(2)|EARNINGS_DATE_UNCHECKED
2026-07-22,NVDA,NVDA260722C00215000,unusual_volume,C,215.0,2026-07-22,0,0-7,0.014,ATM,600192,16715,1800575,2100672,212.06,WIDE_MARKET,NEAR_EXPIRY|WEEKLY_EXPIRY|EARNINGS_DATE_UNCHECKED
2026-07-22,NVDA,NVDA260722C00217500,unusual_volume,C,217.5,2026-07-22,0,0-7,0.026,ATM,141794,6067,141794,212691,212.06,WIDE_MARKET,NEAR_EXPIRY|WEEKLY_EXPIRY|PROBABLE_MULTI_LEG(2)|EARNINGS_DATE_UNCHECKED
2026-07-22,NVDA,NVDA260722P00207500,unusual_volume,P,207.5,2026-07-22,0,0-7,0.022,ATM,144089,10121,288178,360222,212.06,WIDE_MARKET,NEAR_EXPIRY|WEEKLY_EXPIRY|PROBABLE_MULTI_LEG(2)|EARNINGS_DATE_UNCHECKED
2026-07-22,NVDA,NVDA260722P00210000,unusual_volume,P,210.0,2026-07-22,0,0-7,0.01,ATM,243309,7893,1703163,2068126,212.06,,NEAR_EXPIRY|WEEKLY_EXPIRY|PROBABLE_MULTI_LEG(2)|EARNINGS_DATE_UNCHECKED
2026-07-22,NVDA,NVDA260722P00212500,unusual_volume,P,212.5,2026-07-22,0,0-7,-0.002,ATM,298162,1012,21169502,21467664,212.06,,NEAR_EXPIRY|WEEKLY_EXPIRY|EARNINGS_DATE_UNCHECKED
2026-07-22,NVDA,NVDA260722P00215000,unusual_volume,P,215.0,2026-07-22,0,0-7,-0.014,ATM,102295,885,26903584,30995385,212.06,LAST_OUTSIDE_QUOTE,NEAR_EXPIRY|WEEKLY_EXPIRY|EARNINGS_DATE_UNCHECKED
2026-07-22,NVDA,NVDA260722P00217500,unusual_volume,P,217.5,2026-07-22,0,0-7,-0.026,ATM,5101,35,2907570,3188125,212.06,WIDE_MARKET,NEAR_EXPIRY|WEEKLY_EXPIRY|PROBABLE_MULTI_LEG(8)|EARNINGS_DATE_UNCHECKED
2026-07-22,NVDA,NVDA260722P00220000,unusual_volume,P,220.0,2026-07-22,0,0-7,-0.037,ATM,1830,3,1372500,1605824,212.06,LAST_OUTSIDE_QUOTE,NEAR_EXPIRY|WEEKLY_EXPIRY|PROBABLE_MULTI_LEG(11)|EARNINGS_DATE_UNCHECKED
2026-07-22,NVDA,NVDA260722P00222500,unusual_volume,P,222.5,2026-07-22,0,0-7,-0.049,ATM,843,0,826140,937837,212.06,LAST_OUTSIDE_QUOTE,NEAR_EXPIRY|WEEKLY_EXPIRY|PROBABLE_MULTI_LEG(17)|EARNINGS_DATE_UNCHECKED
2026-07-22,NVDA,NVDA260722P00225000,unusual_volume,P,225.0,2026-07-22,0,0-7,-0.061,ITM_5-15,540,0,680400,741150,212.06,LAST_OUTSIDE_QUOTE,NEAR_EXPIRY|WEEKLY_EXPIRY|PROBABLE_MULTI_LEG(19)|EARNINGS_DATE_UNCHECKED
2026-07-22,NVDA,NVDA260722P00227500,unusual_volume,P,227.5,2026-07-22,0,0-7,-0.073,ITM_5-15,1563,0,2453910,2524244,212.06,,NEAR_EXPIRY|WEEKLY_EXPIRY|DEEP_ITM|PROBABLE_MULTI_LEG(13)|EARNINGS_DATE_UNCHECKED
2026-07-22,NVDA,NVDA260722P00232500,unusual_volume,P,232.5,2026-07-22,0,0-7,-0.096,ITM_5-15,389,0,741433,821762,212.06,LAST_OUTSIDE_QUOTE,NEAR_EXPIRY|WEEKLY_EXPIRY|DEEP_ITM|PROBABLE_MULTI_LEG(20)|EARNINGS_DATE_UNCHECKED
2026-07-22,NVDA,NVDA260724C00140000,unusual_volume,C,140.0,2026-07-24,2,0-7,-0.34,ITM_15+,600,28,4442400,4339500,212.06,,NEAR_EXPIRY|WEEKLY_EXPIRY|DEEP_ITM|PROBABLE_MULTI_LEG(19)|EARNINGS_DATE_UNCHECKED
2026-07-22,NVDA,NVDA260724C00150000,unusual_volume,C,150.0,2026-07-24,2,0-7,-0.293,ITM_15+,275,74,1768525,1713937,212.06,,NEAR_EXPIRY|WEEKLY_EXPIRY|DEEP_ITM|PROBABLE_MULTI_LEG(19)|EARNINGS_DATE_UNCHECKED
2026-07-22,NVDA,NVDA260724C00155000,unusual_volume,C,155.0,2026-07-24,2,0-7,-0.269,ITM_15+,538,44,3094037,3088120,212.06,,NEAR_EXPIRY|WEEKLY_EXPIRY|DEEP_ITM|PROBABLE_MULTI_LEG(18)|EARNINGS_DATE_UNCHECKED
2026-07-22,NVDA,NVDA260724C00182500,unusual_volume,C,182.5,2026-07-24,2,0-7,-0.139,ITM_5-15,1318,112,4080528,3937525,212.06,,NEAR_EXPIRY|WEEKLY_EXPIRY|DEEP_ITM|PROBABLE_MULTI_LEG(15)|EARNINGS_DATE_UNCHECKED
2026-07-22,NVDA,NVDA260724C00187500,unusual_volume,C,187.5,2026-07-24,2,0-7,-0.116,ITM_5-15,1888,661,4914464,4672800,212.06,,NEAR_EXPIRY|WEEKLY_EXPIRY|DEEP_ITM|PROBABLE_MULTI_LEG(15)|EARNINGS_DATE_UNCHECKED
2026-07-22,NVDA,NVDA260724C00195000,unusual_volume,C,195.0,2026-07-24,2,0-7,-0.08,ITM_5-15,16708,5232,29239000,30032630,212.06,,NEAR_EXPIRY|WEEKLY_EXPIRY|DEEP_ITM|PROBABLE_MULTI_LEG(2)|EARNINGS_DATE_UNCHECKED
2026-07-22,NVDA,NVDA260724C00197500,unusual_volume,C,197.5,2026-07-24,2,0-7,-0.069,ITM_5-15,10297,1894,15805894,15496985,212.06,,NEAR_EXPIRY|WEEKLY_EXPIRY|PROBABLE_MULTI_LEG(6)|EARNINGS_DATE_UNCHECKED
2026-07-22,NVDA,NVDA260724C00220000,unusual_volume,C,220.0,2026-07-24,2,0-7,0.037,ATM,90238,34853,4331424,4286305,212.06,,NEAR_EXPIRY|WEEKLY_EXPIRY|PROBABLE_MULTI_LEG(3)|EARNINGS_DATE_UNCHECKED
2026-07-22,NVDA,NVDA260724P00202500,unusual_volume,P,202.5,2026-07-24,2,0-7,0.045,ATM,19813,7036,733081,723174,212.06,,NEAR_EXPIRY|WEEKLY_EXPIRY|PROBABLE_MULTI_LEG(5)|EARNINGS_DATE_UNCHECKED
2026-07-22,NVDA,NVDA260724P00205000,unusual_volume,P,205.0,2026-07-24,2,0-7,0.033,ATM,57512,16668,3680768,3594500,212.06,,NEAR_EXPIRY|WEEKLY_EXPIRY|EARNINGS_DATE_UNCHECKED
2026-07-22,NVDA,NVDA260724P00207500,unusual_volume,P,207.5,2026-07-24,2,0-7,0.022,ATM,33465,11652,3681150,3664417,212.06,,NEAR_EXPIRY|WEEKLY_EXPIRY|PROBABLE_MULTI_LEG(2)|EARNINGS_DATE_UNCHECKED
2026-07-22,NVDA,NVDA260724P00210000,unusual_volume,P,210.0,2026-07-24,2,0-7,0.01,ATM,49343,7558,9227141,9153126,212.06,,NEAR_EXPIRY|WEEKLY_EXPIRY|EARNINGS_DATE_UNCHECKED
2026-07-22,NVDA,NVDA260724P00212500,unusual_volume,P,212.5,2026-07-24,2,0-7,-0.002,ATM,40190,1627,12057000,11936429,212.06,,NEAR_EXPIRY|WEEKLY_EXPIRY|PROBABLE_MULTI_LEG(3)|EARNINGS_DATE_UNCHECKED
2026-07-22,NVDA,NVDA260724P00215000,unusual_volume,P,215.0,2026-07-24,2,0-7,-0.014,ATM,41531,1820,18273640,18377467,212.06,,NEAR_EXPIRY|WEEKLY_EXPIRY|PROBABLE_MULTI_LEG(4)|EARNINGS_DATE_UNCHECKED
2026-07-22,NVDA,NVDA260724P00217500,unusual_volume,P,217.5,2026-07-24,2,0-7,-0.026,ATM,6844,816,4133776,4294610,212.06,LAST_OUTSIDE_QUOTE,NEAR_EXPIRY|WEEKLY_EXPIRY|PROBABLE_MULTI_LEG(5)|EARNINGS_DATE_UNCHECKED
2026-07-22,NVDA,NVDA260724P00220000,unusual_volume,P,220.0,2026-07-24,2,0-7,-0.037,ATM,4456,1181,3631640,3731900,212.06,LAST_OUTSIDE_QUOTE,NEAR_EXPIRY|WEEKLY_EXPIRY|PROBABLE_MULTI_LEG(12)|EARNINGS_DATE_UNCHECKED
2026-07-22,NVDA,NVDA260724P00222500,unusual_volume,P,222.5,2026-07-24,2,0-7,-0.049,ATM,2233,598,2311155,2344650,212.06,,NEAR_EXPIRY|WEEKLY_EXPIRY|PROBABLE_MULTI_LEG(13)|EARNINGS_DATE_UNCHECKED
2026-07-22,NVDA,NVDA260724P00225000,unusual_volume,P,225.0,2026-07-24,2,0-7,-0.061,ITM_5-15,3905,62,5037450,5115550,212.06,,NEAR_EXPIRY|WEEKLY_EXPIRY|PROBABLE_MULTI_LEG(10)|EARNINGS_DATE_UNCHECKED
2026-07-22,NVDA,NVDA260724P00227500,unusual_volume,P,227.5,2026-07-24,2,0-7,-0.073,ITM_5-15,8886,9,14084310,13506719,212.06,,NEAR_EXPIRY|WEEKLY_EXPIRY|DEEP_ITM|PROBABLE_MULTI_LEG(8)|EARNINGS_DATE_UNCHECKED
2026-07-22,NVDA,NVDA260724P00230000,unusual_volume,P,230.0,2026-07-24,2,0-7,-0.085,ITM_5-15,789,66,1423356,1418227,212.06,,NEAR_EXPIRY|WEEKLY_EXPIRY|DEEP_ITM|PROBABLE_MULTI_LEG(14)|EARNINGS_DATE_UNCHECKED
2026-07-22,NVDA,NVDA260724P00232500,unusual_volume,P,232.5,2026-07-24,2,0-7,-0.096,ITM_5-15,2716,15,5613972,5520270,212.06,,NEAR_EXPIRY|WEEKLY_EXPIRY|DEEP_ITM|PROBABLE_MULTI_LEG(9)|EARNINGS_DATE_UNCHECKED
2026-07-22,NVDA,NVDA260724P00235000,unusual_volume,P,235.0,2026-07-24,2,0-7,-0.108,ITM_5-15,622,0,1410696,1441484,212.06,,NEAR_EXPIRY|WEEKLY_EXPIRY|DEEP_ITM|PROBABLE_MULTI_LEG(27)|EARNINGS_DATE_UNCHECKED
2026-07-22,NVDA,NVDA260724P00237500,unusual_volume,P,237.5,2026-07-24,2,0-7,-0.12,ITM_5-15,468,0,1140984,1187550,212.06,,NEAR_EXPIRY|WEEKLY_EXPIRY|DEEP_ITM|PROBABLE_MULTI_LEG(23)|EARNINGS_DATE_UNCHECKED
2026-07-22,NVDA,NVDA260724P00240000,unusual_volume,P,240.0,2026-07-24,2,0-7,-0.132,ITM_5-15,520,0,1430000,1443000,212.06,,NEAR_EXPIRY|WEEKLY_EXPIRY|DEEP_ITM|PROBABLE_MULTI_LEG(15)|EARNINGS_DATE_UNCHECKED
2026-07-22,NVDA,NVDA260724P00245000,unusual_volume,P,245.0,2026-07-24,2,0-7,-0.155,ITM_15+,382,0,1195660,1252959,212.06,LAST_OUTSIDE_QUOTE,NEAR_EXPIRY|WEEKLY_EXPIRY|DEEP_ITM|PROBABLE_MULTI_LEG(25)|EARNINGS_DATE_UNCHECKED
2026-07-22,NVDA,NVDA260727C00190000,unusual_volume,C,190.0,2026-07-27,5,0-7,-0.104,ITM_5-15,550,85,1245750,1233375,212.06,,WEEKLY_EXPIRY|DEEP_ITM|PROBABLE_MULTI_LEG(17)|EARNINGS_DATE_UNCHECKED
2026-07-22,NVDA,NVDA260727C00197500,unusual_volume,C,197.5,2026-07-27,5,0-7,-0.069,ITM_5-15,4864,417,7952640,7320320,212.06,LAST_OUTSIDE_QUOTE,WEEKLY_EXPIRY|PROBABLE_MULTI_LEG(8)|EARNINGS_DATE_UNCHECKED
2026-07-22,NVDA,NVDA260727C00200000,unusual_volume,C,200.0,2026-07-27,5,0-7,-0.057,ITM_5-15,5399,260,7693575,6856730,212.06,LAST_OUTSIDE_QUOTE,WEEKLY_EXPIRY|PROBABLE_MULTI_LEG(10)|EARNINGS_DATE_UNCHECKED
2026-07-22,NVDA,NVDA260727C00202500,unusual_volume,C,202.5,2026-07-27,5,0-7,-0.045,ATM,1555,292,1694950,1613312,212.06,LAST_OUTSIDE_QUOTE,WEEKLY_EXPIRY|PROBABLE_MULTI_LEG(13)|EARNINGS_DATE_UNCHECKED
2026-07-22,NVDA,NVDA260727C00207500,unusual_volume,C,207.5,2026-07-27,5,0-7,-0.022,ATM,4318,1557,2828290,2741930,212.06,LAST_OUTSIDE_QUOTE,WEEKLY_EXPIRY|PROBABLE_MULTI_LEG(9)|EARNINGS_DATE_UNCHECKED
2026-07-22,NVDA,NVDA260727C00215000,unusual_volume,C,215.0,2026-07-27,5,0-7,0.014,ATM,29546,9800,6529666,6485347,212.06,,WEEKLY_EXPIRY|EARNINGS_DATE_UNCHECKED
2026-07-22,NVDA,NVDA260727C00217500,unusual_volume,C,217.5,2026-07-27,5,0-7,0.026,ATM,7131,1491,998340,994774,212.06,,WEEKLY_EXPIRY|PROBABLE_MULTI_LEG(5)|EARNINGS_DATE_UNCHECKED
2026-07-22,NVDA,NVDA260727P00207500,unusual_volume,P,207.5,2026-07-27,5,0-7,0.022,ATM,4052,1124,700996,680736,212.06,LAST_OUTSIDE_QUOTE,WEEKLY_EXPIRY|PROBABLE_MULTI_LEG(7)|EARNINGS_DATE_UNCHECKED
2026-07-22,NVDA,NVDA260727P00212500,unusual_volume,P,212.5,2026-07-27,5,0-7,-0.002,ATM,3588,278,1284504,1300650,212.06,LAST_OUTSIDE_QUOTE,WEEKLY_EXPIRY|PROBABLE_MULTI_LEG(11)|EARNINGS_DATE_UNCHECKED
2026-07-22,NVDA,NVDA260727P00215000,unusual_volume,P,215.0,2026-07-27,5,0-7,-0.014,ATM,2956,161,1442528,1492780,212.06,LAST_OUTSIDE_QUOTE,WEEKLY_EXPIRY|PROBABLE_MULTI_LEG(12)|EARNINGS_DATE_UNCHECKED
2026-07-22,NVDA,NVDA260727P00220000,unusual_volume,P,220.0,2026-07-27,5,0-7,-0.037,ATM,1400,337,1211000,1217999,212.06,,WEEKLY_EXPIRY|PROBABLE_MULTI_LEG(8)|EARNINGS_DATE_UNCHECKED
2026-07-22,NVDA,NVDA260727P00225000,unusual_volume,P,225.0,2026-07-27,5,0-7,-0.061,ITM_5-15,988,18,1200420,1286870,212.06,LAST_OUTSIDE_QUOTE,WEEKLY_EXPIRY|PROBABLE_MULTI_LEG(18)|EARNINGS_DATE_UNCHECKED
2026-07-22,NVDA,NVDA260727P00227500,unusual_volume,P,227.5,2026-07-27,5,0-7,-0.073,ITM_5-15,636,1,909480,984210,212.06,LAST_OUTSIDE_QUOTE,WEEKLY_EXPIRY|DEEP_ITM|PROBABLE_MULTI_LEG(26)|EARNINGS_DATE_UNCHECKED
2026-07-22,NVDA,NVDA260729C00200000,unusual_volume,C,200.0,2026-07-29,7,0-7,-0.057,ITM_5-15,700,115,920500,924000,212.06,,WEEKLY_EXPIRY|PROBABLE_MULTI_LEG(15)|EARNINGS_DATE_UNCHECKED
2026-07-22,NVDA,NVDA260729C00202500,unusual_volume,C,202.5,2026-07-29,7,0-7,-0.045,ATM,532,161,604352,589190,212.06,,WEEKLY_EXPIRY|PROBABLE_MULTI_LEG(16)|EARNINGS_DATE_UNCHECKED
2026-07-22,NVDA,NVDA260729C00212500,unusual_volume,C,212.5,2026-07-29,7,0-7,0.002,ATM,1552,506,659600,663480,212.06,,WEEKLY_EXPIRY|PROBABLE_MULTI_LEG(13)|EARNINGS_DATE_UNCHECKED
2026-07-22,NVDA,NVDA260729C00215000,unusual_volume,C,215.0,2026-07-29,7,0-7,0.014,ATM,5417,744,1787609,1706355,212.06,LAST_OUTSIDE_QUOTE,WEEKLY_EXPIRY|PROBABLE_MULTI_LEG(10)|EARNINGS_DATE_UNCHECKED
2026-07-22,NVDA,NVDA260729C00220000,unusual_volume,C,220.0,2026-07-29,7,0-7,0.037,ATM,5077,1219,817397,786935,212.06,LAST_OUTSIDE_QUOTE,WEEKLY_EXPIRY|PROBABLE_MULTI_LEG(8)|EARNINGS_DATE_UNCHECKED
2026-07-22,NVDA,NVDA260729P00205000,unusual_volume,P,205.0,2026-07-29,7,0-7,0.033,ATM,1140,289,198360,206910,212.06,,WEEKLY_EXPIRY|PROBABLE_MULTI_LEG(22)|EARNINGS_DATE_UNCHECKED
2026-07-22,NVDA,NVDA260729P00207500,unusual_volume,P,207.5,2026-07-29,7,0-7,0.022,ATM,2279,410,549239,561773,212.06,,WEEKLY_EXPIRY|PROBABLE_MULTI_LEG(10)|EARNINGS_DATE_UNCHECKED
2026-07-22,NVDA,NVDA260729P00210000,unusual_volume,P,210.0,2026-07-29,7,0-7,0.01,ATM,2296,222,769160,774900,212.06,,WEEKLY_EXPIRY|PROBABLE_MULTI_LEG(10)|EARNINGS_DATE_UNCHECKED
2026-07-22,NVDA,NVDA260729P00212500,unusual_volume,P,212.5,2026-07-29,7,0-7,-0.002,ATM,672,102,295680,307440,212.06,,WEEKLY_EXPIRY|PROBABLE_MULTI_LEG(17)|EARNINGS_DATE_UNCHECKED
2026-07-22,NVDA,NVDA260729P00215000,unusual_volume,P,215.0,2026-07-29,7,0-7,-0.014,ATM,1877,57,1088660,1116815,212.06,,WEEKLY_EXPIRY|PROBABLE_MULTI_LEG(15)|EARNINGS_DATE_UNCHECKED
2026-07-22,NVDA,NVDA260731C00217500,unusual_volume,C,217.5,2026-07-31,9,8-30,0.026,ATM,9959,3461,3077331,3012597,212.06,LAST_OUTSIDE_QUOTE,WEEKLY_EXPIRY|PROBABLE_MULTI_LEG(6)|EARNINGS_DATE_UNCHECKED
2026-07-22,NVDA,NVDA260731C00227500,unusual_volume,C,227.5,2026-07-31,9,8-30,0.073,OTM_5-15,10375,1934,861125,830000,212.06,LAST_OUTSIDE_QUOTE,WEEKLY_EXPIRY|PROBABLE_MULTI_LEG(6)|EARNINGS_DATE_UNCHECKED
2026-07-22,NVDA,NVDA260731P00207500,unusual_volume,P,207.5,2026-07-31,9,8-30,0.022,ATM,3526,931,1110690,1145950,212.06,LAST_OUTSIDE_QUOTE,WEEKLY_EXPIRY|PROBABLE_MULTI_LEG(15)|EARNINGS_DATE_UNCHECKED
2026-07-22,NVDA,NVDA260731P00212500,unusual_volume,P,212.5,2026-07-31,9,8-30,-0.002,ATM,2079,368,1072764,1112265,212.06,LAST_OUTSIDE_QUOTE,WEEKLY_EXPIRY|PROBABLE_MULTI_LEG(13)|EARNINGS_DATE_UNCHECKED
2026-07-22,NVDA,NVDA260731P00215000,unusual_volume,P,215.0,2026-07-31,9,8-30,-0.014,ATM,2415,958,1593900,1618050,212.06,LAST_OUTSIDE_QUOTE,WEEKLY_EXPIRY|PROBABLE_MULTI_LEG(10)|EARNINGS_DATE_UNCHECKED
2026-07-22,NVDA,NVDA260803C00207500,unusual_volume,C,207.5,2026-08-03,12,8-30,-0.022,ATM,556,72,492059,475380,212.06,LAST_OUTSIDE_QUOTE,WEEKLY_EXPIRY|PROBABLE_MULTI_LEG(16)|EARNINGS_DATE_UNCHECKED
2026-07-22,NVDA,NVDA260803C00212500,unusual_volume,C,212.5,2026-08-03,12,8-30,0.002,ATM,448,157,253120,252000,212.06,,WEEKLY_EXPIRY|PROBABLE_MULTI_LEG(20)|EARNINGS_DATE_UNCHECKED
2026-07-22,NVDA,NVDA260803C00217500,unusual_volume,C,217.5,2026-08-03,12,8-30,0.026,ATM,994,239,332990,340445,212.06,,WEEKLY_EXPIRY|PROBABLE_MULTI_LEG(18)|EARNINGS_DATE_UNCHECKED
2026-07-22,NVDA,NVDA260803C00235000,unusual_volume,C,235.0,2026-08-03,12,8-30,0.108,OTM_5-15,6132,134,214619,208487,212.06,,WEEKLY_EXPIRY|PROBABLE_MULTI_LEG(8)|EARNINGS_DATE_UNCHECKED
2026-07-22,NVDA,NVDA260803P00212500,unusual_volume,P,212.5,2026-08-03,12,8-30,-0.002,ATM,1192,1,667520,673480,212.06,,WEEKLY_EXPIRY|PROBABLE_MULTI_LEG(19)|EARNINGS_DATE_UNCHECKED
2026-07-22,NVDA,NVDA260805C00220000,unusual_volume,C,220.0,2026-08-05,14,8-30,0.037,ATM,642,88,207366,208650,212.06,,WEEKLY_EXPIRY|PROBABLE_MULTI_LEG(27)|EARNINGS_DATE_UNCHECKED
2026-07-22,NVDA,NVDA260807C00222500,unusual_volume,C,222.5,2026-08-07,16,8-30,0.049,ATM,1084,299,325200,317612,212.06,,WEEKLY_EXPIRY|PROBABLE_MULTI_LEG(17)|EARNINGS_DATE_UNCHECKED
2026-07-22,NVDA,NVDA260807P00212500,unusual_volume,P,212.5,2026-08-07,16,8-30,-0.002,ATM,358,22,239860,242545,212.06,,WEEKLY_EXPIRY|PROBABLE_MULTI_LEG(23)|EARNINGS_DATE_UNCHECKED
2026-07-22,NVDA,NVDA260814P00215000,unusual_volume,P,215.0,2026-08-14,23,8-30,-0.014,ATM,841,275,786335,782130,212.06,,WEEKLY_EXPIRY|PROBABLE_MULTI_LEG(18)|EARNINGS_DATE_UNCHECKED
2026-07-22,NVDA,NVDA260821C00217500,unusual_volume,C,217.5,2026-08-21,30,8-30,0.026,ATM,1141,275,821520,812962,212.06,,MONTHLY_EXPIRY|PROBABLE_MULTI_LEG(22)|EARNINGS_DATE_UNCHECKED
2026-07-22,NVDA,NVDA260821P00212500,unusual_volume,P,212.5,2026-08-21,30,8-30,-0.002,ATM,626,31,582180,575920,212.06,LAST_OUTSIDE_QUOTE,MONTHLY_EXPIRY|PROBABLE_MULTI_LEG(27)|EARNINGS_DATE_UNCHECKED
2026-07-22,NVDA,NVDA260821P00260000,unusual_volume,P,260.0,2026-08-21,30,8-30,-0.226,ITM_15+,262,3,1219872,1258255,212.06,,MONTHLY_EXPIRY|DEEP_ITM|PROBABLE_MULTI_LEG(20)|EARNINGS_DATE_UNCHECKED
2026-07-22,NVDA,NVDA261016C00180000,unusual_volume,C,180.0,2026-10-16,86,31-90,-0.151,ITM_15+,88132,2988,344155459,346579090,212.06,,MONTHLY_EXPIRY|DEEP_ITM|PROBABLE_MULTI_LEG(3)|EARNINGS_DATE_UNCHECKED
2026-07-22,ORCL,ORCL260731P00124000,unusual_volume,P,124.0,2026-07-31,9,8-30,0.015,ATM,9420,95,4191900,4333200,125.85,,WEEKLY_EXPIRY|PROBABLE_MULTI_LEG(2)|EARNINGS_DATE_UNCHECKED
2026-07-22,ORCL,ORCL260821C00129000,unusual_volume,C,129.0,2026-08-21,30,8-30,0.025,ATM,262,76,222700,224010,125.85,,MONTHLY_EXPIRY|PROBABLE_MULTI_LEG(8)|EARNINGS_DATE_UNCHECKED
2026-07-22,ORCL,ORCL260821P00118000,unusual_volume,P,118.0,2026-08-21,30,8-30,0.062,OTM_5-15,3158,104,1800060,1863220,125.85,,MONTHLY_EXPIRY|PROBABLE_MULTI_LEG(4)|EARNINGS_DATE_UNCHECKED
2026-07-22,SOLS,SOLS261120C00060000,unusual_volume,C,60.0,2026-11-20,121,91+,-0.001,ATM,468,119,435240,416520,60.08,STALE_LAST,MONTHLY_EXPIRY|EARNINGS_DATE_UNCHECKED
2026-07-22,SPGI,SPGI260918C00450000,unusual_volume,C,450.0,2026-09-18,58,31-90,0.048,ATM,67,13,97150,95475,429.54,,QUARTERLY_EXPIRY|EARNINGS_DATE_UNCHECKED
2026-07-22,SPGI,SPGI261120C00510000,unusual_volume,C,510.0,2026-11-20,121,91+,0.187,OTM_15+,106,0,102819,96460,429.54,,MONTHLY_EXPIRY|EARNINGS_DATE_UNCHECKED
2026-07-22,TSM,TSM260724P00425000,unusual_volume,P,425.0,2026-07-24,2,0-7,-0.009,ATM,1379,260,1310050,1389342,421.21,LAST_OUTSIDE_QUOTE,NEAR_EXPIRY|WEEKLY_EXPIRY|PROBABLE_MULTI_LEG(3)|EARNINGS_DATE_UNCHECKED
2026-07-22,TSM,TSM260828P00390000,unusual_volume,P,390.0,2026-08-28,37,31-90,0.074,OTM_5-15,314,94,400978,429395,421.21,LAST_OUTSIDE_QUOTE,WEEKLY_EXPIRY|PROBABLE_MULTI_LEG(7)|EARNINGS_DATE_UNCHECKED
2026-07-23,AAPL,AAPL260724C00322500,unusual_volume,C,322.5,2026-07-24,1,0-7,0.003,ATM,49652,5918,7894668,7820189,321.66,,NEAR_EXPIRY|WEEKLY_EXPIRY|PROBABLE_MULTI_LEG(2)|EARNINGS_DATE_UNCHECKED
2026-07-23,AAPL,AAPL260724C00325000,unusual_volume,C,325.0,2026-07-24,1,0-7,0.01,ATM,51331,11089,3695832,3618835,321.66,,NEAR_EXPIRY|WEEKLY_EXPIRY|PROBABLE_MULTI_LEG(2)|EARNINGS_DATE_UNCHECKED
2026-07-23,AAPL,AAPL260724P00315000,unusual_volume,P,315.0,2026-07-24,1,0-7,0.021,ATM,39159,8718,1292247,1292247,321.66,,NEAR_EXPIRY|WEEKLY_EXPIRY|EARNINGS_DATE_UNCHECKED
2026-07-23,AAPL,AAPL260724P00317500,unusual_volume,P,317.5,2026-07-24,1,0-7,0.013,ATM,30925,5823,1886425,2087437,321.66,,NEAR_EXPIRY|WEEKLY_EXPIRY|EARNINGS_DATE_UNCHECKED
2026-07-23,AAPL,AAPL260724P00320000,unusual_volume,P,320.0,2026-07-24,1,0-7,0.005,ATM,56398,13555,7106148,7134347,321.66,,NEAR_EXPIRY|WEEKLY_EXPIRY|EARNINGS_DATE_UNCHECKED
2026-07-23,AAPL,AAPL260724P00322500,unusual_volume,P,322.5,2026-07-24,1,0-7,-0.003,ATM,15522,3744,3539015,3709757,321.66,,NEAR_EXPIRY|WEEKLY_EXPIRY|EARNINGS_DATE_UNCHECKED
2026-07-23,AAPL,AAPL260724P00332500,unusual_volume,P,332.5,2026-07-24,1,0-7,-0.034,ATM,3248,40,3494847,3418519,321.66,,NEAR_EXPIRY|WEEKLY_EXPIRY|PROBABLE_MULTI_LEG(6)|EARNINGS_DATE_UNCHECKED
2026-07-23,AAPL,AAPL260724P00335000,unusual_volume,P,335.0,2026-07-24,1,0-7,-0.041,ATM,2387,67,3356122,3115035,321.66,LAST_OUTSIDE_QUOTE,NEAR_EXPIRY|WEEKLY_EXPIRY|PROBABLE_MULTI_LEG(5)|EARNINGS_DATE_UNCHECKED
2026-07-23,AAPL,AAPL260724P00337500,unusual_volume,P,337.5,2026-07-24,1,0-7,-0.049,ATM,3119,17,4965448,4967007,321.66,,NEAR_EXPIRY|WEEKLY_EXPIRY|PROBABLE_MULTI_LEG(4)|EARNINGS_DATE_UNCHECKED
2026-07-23,AAPL,AAPL260724P00340000,unusual_volume,P,340.0,2026-07-24,1,0-7,-0.057,ITM_5-15,1385,25,2659200,2541475,321.66,LAST_OUTSIDE_QUOTE,NEAR_EXPIRY|WEEKLY_EXPIRY|PROBABLE_MULTI_LEG(7)|EARNINGS_DATE_UNCHECKED
2026-07-23,AAPL,AAPL260724P00342500,unusual_volume,P,342.5,2026-07-24,1,0-7,-0.065,ITM_5-15,572,1,1251535,1178320,321.66,LAST_OUTSIDE_QUOTE,NEAR_EXPIRY|WEEKLY_EXPIRY|PROBABLE_MULTI_LEG(6)|EARNINGS_DATE_UNCHECKED
2026-07-23,AAPL,AAPL260727C00320000,unusual_volume,C,320.0,2026-07-27,4,0-7,-0.005,ATM,2267,854,850125,895465,321.66,,WEEKLY_EXPIRY|PROBABLE_MULTI_LEG(5)|EARNINGS_DATE_UNCHECKED
2026-07-23,AAPL,AAPL260727C00322500,unusual_volume,C,322.5,2026-07-27,4,0-7,0.003,ATM,5217,659,1345986,1312075,321.66,,WEEKLY_EXPIRY|PROBABLE_MULTI_LEG(3)|EARNINGS_DATE_UNCHECKED
2026-07-23,AAPL,AAPL260727C00325000,unusual_volume,C,325.0,2026-07-27,4,0-7,0.01,ATM,7738,1806,1214866,1145224,321.66,,WEEKLY_EXPIRY|PROBABLE_MULTI_LEG(2)|EARNINGS_DATE_UNCHECKED
2026-07-23,AAPL,AAPL260727C00327500,unusual_volume,C,327.5,2026-07-27,4,0-7,0.018,ATM,4327,1208,385103,395920,321.66,,WEEKLY_EXPIRY|PROBABLE_MULTI_LEG(5)|EARNINGS_DATE_UNCHECKED
2026-07-23,AAPL,AAPL260807C00265000,unusual_volume,C,265.0,2026-08-07,15,8-30,-0.176,ITM_15+,267,64,1493598,1523234,321.66,,WEEKLY_EXPIRY|DEEP_ITM|PROBABLE_MULTI_LEG(16)|EARNINGS_DATE_UNCHECKED
2026-07-23,AAPL,AAPL260807P00370000,unusual_volume,P,370.0,2026-08-07,15,8-30,-0.15,ITM_15+,319,0,1639659,1552732,321.66,LAST_OUTSIDE_QUOTE,WEEKLY_EXPIRY|DEEP_ITM|PROBABLE_MULTI_LEG(9)|EARNINGS_DATE_UNCHECKED
2026-07-23,ACN,ACN260821C00130000,unusual_volume,C,130.0,2026-08-21,29,8-30,-0.063,ITM_5-15,21202,1173,27774620,29364770,138.74,,MONTHLY_EXPIRY|EARNINGS_DATE_UNCHECKED
2026-07-23,ACN,ACN260821P00120000,unusual_volume,P,120.0,2026-08-21,29,8-30,0.135,OTM_5-15,22741,1564,3411150,3581707,138.74,WIDE_MARKET,MONTHLY_EXPIRY|EARNINGS_DATE_UNCHECKED
2026-07-23,COST,COST260724C00650000,unusual_volume,C,650.0,2026-07-24,1,0-7,-0.298,ITM_15+,297,0,8125920,8206110,926.06,,NEAR_EXPIRY|WEEKLY_EXPIRY|DEEP_ITM|PROBABLE_MULTI_LEG(7)|EARNINGS_DATE_UNCHECKED
2026-07-23,COST,COST260724C00760000,unusual_volume,C,760.0,2026-07-24,1,0-7,-0.179,ITM_15+,445,0,7275750,7400350,926.06,,NEAR_EXPIRY|WEEKLY_EXPIRY|DEEP_ITM|PROBABLE_MULTI_LEG(2)|EARNINGS_DATE_UNCHECKED
2026-07-23,COST,COST260724C00900000,unusual_volume,C,900.0,2026-07-24,1,0-7,-0.028,ATM,293,28,681225,759602,926.06,WIDE_MARKET,NEAR_EXPIRY|WEEKLY_EXPIRY|PROBABLE_MULTI_LEG(6)|EARNINGS_DATE_UNCHECKED
2026-07-23,COST,COST260731C00670000,unusual_volume,C,670.0,2026-07-31,8,8-30,-0.277,ITM_15+,295,0,7478250,7560850,926.06,,WEEKLY_EXPIRY|DEEP_ITM|PROBABLE_MULTI_LEG(6)|EARNINGS_DATE_UNCHECKED
2026-07-23,GOOGL,GOOGL260724C00300000,unusual_volume,C,300.0,2026-07-24,1,0-7,-0.056,ITM_5-15,389,132,700589,689502,317.69,,NEAR_EXPIRY|WEEKLY_EXPIRY|PROBABLE_MULTI_LEG(26)|EARNINGS_DATE_UNCHECKED
2026-07-23,GOOGL,GOOGL260724C00312500,unusual_volume,C,312.5,2026-07-24,1,0-7,-0.016,ATM,591,130,404835,370852,317.69,,NEAR_EXPIRY|WEEKLY_EXPIRY|PROBABLE_MULTI_LEG(16)|EARNINGS_DATE_UNCHECKED
2026-07-23,GOOGL,GOOGL260724C00315000,unusual_volume,C,315.0,2026-07-24,1,0-7,-0.008,ATM,4300,672,1956500,1892000,317.69,,NEAR_EXPIRY|WEEKLY_EXPIRY|PROBABLE_MULTI_LEG(7)|EARNINGS_DATE_UNCHECKED
2026-07-23,GOOGL,GOOGL260724C00317500,unusual_volume,C,317.5,2026-07-24,1,0-7,-0.001,ATM,10629,1998,3188700,3029265,317.69,,NEAR_EXPIRY|WEEKLY_EXPIRY|PROBABLE_MULTI_LEG(3)|EARNINGS_DATE_UNCHECKED
2026-07-23,GOOGL,GOOGL260724C00320000,unusual_volume,C,320.0,2026-07-24,1,0-7,0.007,ATM,31495,4941,6015545,5732089,317.69,LAST_OUTSIDE_QUOTE,NEAR_EXPIRY|WEEKLY_EXPIRY|PROBABLE_MULTI_LEG(2)|EARNINGS_DATE_UNCHECKED
2026-07-23,GOOGL,GOOGL260724C00322500,unusual_volume,C,322.5,2026-07-24,1,0-7,0.015,ATM,13255,1846,1405030,1411657,317.69,,NEAR_EXPIRY|WEEKLY_EXPIRY|PROBABLE_MULTI_LEG(4)|EARNINGS_DATE_UNCHECKED
2026-07-23,GOOGL,GOOGL260724C00325000,unusual_volume,C,325.0,2026-07-24,1,0-7,0.023,ATM,30053,4858,1893339,1848259,317.69,,NEAR_EXPIRY|WEEKLY_EXPIRY|PROBABLE_MULTI_LEG(2)|EARNINGS_DATE_UNCHECKED
2026-07-23,GOOGL,GOOGL260724C00327500,unusual_volume,C,327.5,2026-07-24,1,0-7,0.031,ATM,7017,1690,266646,231560,317.69,,NEAR_EXPIRY|WEEKLY_EXPIRY|PROBABLE_MULTI_LEG(9)|EARNINGS_DATE_UNCHECKED
2026-07-23,GOOGL,GOOGL260724C00330000,unusual_volume,C,330.0,2026-07-24,1,0-7,0.039,ATM,23919,7342,502299,490339,317.69,,NEAR_EXPIRY|WEEKLY_EXPIRY|EARNINGS_DATE_UNCHECKED
2026-07-23,GOOGL,GOOGL260724P00310000,unusual_volume,P,310.0,2026-07-24,1,0-7,0.024,ATM,21272,5845,957240,967876,317.69,,NEAR_EXPIRY|WEEKLY_EXPIRY|EARNINGS_DATE_UNCHECKED
2026-07-23,GOOGL,GOOGL260724P00315000,unusual_volume,P,315.0,2026-07-24,1,0-7,0.008,ATM,18268,4510,2740200,2721932,317.69,,NEAR_EXPIRY|WEEKLY_EXPIRY|PROBABLE_MULTI_LEG(2)|EARNINGS_DATE_UNCHECKED
2026-07-23,GOOGL,GOOGL260724P00320000,unusual_volume,P,320.0,2026-07-24,1,0-7,-0.007,ATM,19043,5923,7617200,7521985,317.69,,NEAR_EXPIRY|WEEKLY_EXPIRY|PROBABLE_MULTI_LEG(2)|EARNINGS_DATE_UNCHECKED
2026-07-23,GOOGL,GOOGL260724P00342500,unusual_volume,P,342.5,2026-07-24,1,0-7,-0.078,ITM_5-15,398,77,969130,1002960,317.69,,NEAR_EXPIRY|WEEKLY_EXPIRY|DEEP_ITM|PROBABLE_MULTI_LEG(22)|EARNINGS_DATE_UNCHECKED
2026-07-23,GOOGL,GOOGL260724P00345000,unusual_volume,P,345.0,2026-07-24,1,0-7,-0.086,ITM_5-15,6717,771,18471750,18538920,317.69,,NEAR_EXPIRY|WEEKLY_EXPIRY|DEEP_ITM|PROBABLE_MULTI_LEG(8)|EARNINGS_DATE_UNCHECKED
2026-07-23,GOOGL,GOOGL260724P00347500,unusual_volume,P,347.5,2026-07-24,1,0-7,-0.094,ITM_5-15,3193,242,9147945,9499175,317.69,LAST_OUTSIDE_QUOTE,NEAR_EXPIRY|WEEKLY_EXPIRY|DEEP_ITM|PROBABLE_MULTI_LEG(10)|EARNINGS_DATE_UNCHECKED
2026-07-23,GOOGL,GOOGL260724P00350000,unusual_volume,P,350.0,2026-07-24,1,0-7,-0.102,ITM_5-15,6683,156,21485845,21619504,317.69,,NEAR_EXPIRY|WEEKLY_EXPIRY|DEEP_ITM|PROBABLE_MULTI_LEG(8)|EARNINGS_DATE_UNCHECKED
2026-07-23,GOOGL,GOOGL260724P00352500,unusual_volume,P,352.5,2026-07-24,1,0-7,-0.11,ITM_5-15,2920,10,10135320,10139700,317.69,,NEAR_EXPIRY|WEEKLY_EXPIRY|DEEP_ITM|PROBABLE_MULTI_LEG(9)|EARNINGS_DATE_UNCHECKED
2026-07-23,GOOGL,GOOGL260724P00355000,unusual_volume,P,355.0,2026-07-24,1,0-7,-0.117,ITM_5-15,2702,135,9781240,10085215,317.69,LAST_OUTSIDE_QUOTE,NEAR_EXPIRY|WEEKLY_EXPIRY|DEEP_ITM|PROBABLE_MULTI_LEG(9)|EARNINGS_DATE_UNCHECKED
2026-07-23,GOOGL,GOOGL260724P00357500,unusual_volume,P,357.5,2026-07-24,1,0-7,-0.125,ITM_5-15,692,231,2675271,2771460,317.69,LAST_OUTSIDE_QUOTE,NEAR_EXPIRY|WEEKLY_EXPIRY|DEEP_ITM|PROBABLE_MULTI_LEG(17)|EARNINGS_DATE_UNCHECKED
2026-07-23,GOOGL,GOOGL260724P00360000,unusual_volume,P,360.0,2026-07-24,1,0-7,-0.133,ITM_5-15,1581,126,6679725,6663915,317.69,,NEAR_EXPIRY|WEEKLY_EXPIRY|DEEP_ITM|PROBABLE_MULTI_LEG(13)|EARNINGS_DATE_UNCHECKED
2026-07-23,GOOGL,GOOGL260724P00362500,unusual_volume,P,362.5,2026-07-24,1,0-7,-0.141,ITM_5-15,337,24,1481789,1504705,317.69,,NEAR_EXPIRY|WEEKLY_EXPIRY|DEEP_ITM|PROBABLE_MULTI_LEG(27)|EARNINGS_DATE_UNCHECKED
2026-07-23,GOOGL,GOOGL260724P00365000,unusual_volume,P,365.0,2026-07-24,1,0-7,-0.149,ITM_5-15,759,62,3506580,3578685,317.69,LAST_OUTSIDE_QUOTE,NEAR_EXPIRY|WEEKLY_EXPIRY|DEEP_ITM|PROBABLE_MULTI_LEG(13)|EARNINGS_DATE_UNCHECKED
2026-07-23,GOOGL,GOOGL260724P00367500,unusual_volume,P,367.5,2026-07-24,1,0-7,-0.157,ITM_15+,439,18,2162075,2179635,317.69,,NEAR_EXPIRY|WEEKLY_EXPIRY|DEEP_ITM|PROBABLE_MULTI_LEG(31)|EARNINGS_DATE_UNCHECKED
2026-07-23,GOOGL,GOOGL260724P00370000,unusual_volume,P,370.0,2026-07-24,1,0-7,-0.165,ITM_15+,2057,43,10716970,10830105,317.69,,NEAR_EXPIRY|WEEKLY_EXPIRY|DEEP_ITM|PROBABLE_MULTI_LEG(11)|EARNINGS_DATE_UNCHECKED
2026-07-23,GOOGL,GOOGL260724P00372500,unusual_volume,P,372.5,2026-07-24,1,0-7,-0.173,ITM_15+,341,1,1848902,1856745,317.69,,NEAR_EXPIRY|WEEKLY_EXPIRY|DEEP_ITM|PROBABLE_MULTI_LEG(29)|EARNINGS_DATE_UNCHECKED
2026-07-23,GOOGL,GOOGL260724P00375000,unusual_volume,P,375.0,2026-07-24,1,0-7,-0.18,ITM_15+,450,4,2499750,2594250,317.69,LAST_OUTSIDE_QUOTE,NEAR_EXPIRY|WEEKLY_EXPIRY|DEEP_ITM|PROBABLE_MULTI_LEG(33)|EARNINGS_DATE_UNCHECKED
2026-07-23,GOOGL,GOOGL260724P00380000,unusual_volume,P,380.0,2026-07-24,1,0-7,-0.196,ITM_15+,622,6,3830898,3870395,317.69,,NEAR_EXPIRY|WEEKLY_EXPIRY|DEEP_ITM|PROBABLE_MULTI_LEG(19)|EARNINGS_DATE_UNCHECKED
2026-07-23,GOOGL,GOOGL260724P00390000,unusual_volume,P,390.0,2026-07-24,1,0-7,-0.228,ITM_15+,305,0,2203625,2202100,317.69,,NEAR_EXPIRY|WEEKLY_EXPIRY|DEEP_ITM|PROBABLE_MULTI_LEG(27)|EARNINGS_DATE_UNCHECKED
2026-07-23,GOOGL,GOOGL260724P00395000,unusual_volume,P,395.0,2026-07-24,1,0-7,-0.243,ITM_15+,3566,1,27336956,27529520,317.69,,NEAR_EXPIRY|WEEKLY_EXPIRY|DEEP_ITM|PROBABLE_MULTI_LEG(10)|EARNINGS_DATE_UNCHECKED
2026-07-23,GOOGL,GOOGL260724P00400000,unusual_volume,P,400.0,2026-07-24,1,0-7,-0.259,ITM_15+,387,0,3155985,3179205,317.69,,NEAR_EXPIRY|WEEKLY_EXPIRY|DEEP_ITM|PROBABLE_MULTI_LEG(28)|EARNINGS_DATE_UNCHECKED
2026-07-23,GOOGL,GOOGL260724P00420000,unusual_volume,P,420.0,2026-07-24,1,0-7,-0.322,ITM_15+,288,0,2924640,2938320,317.69,,NEAR_EXPIRY|WEEKLY_EXPIRY|DEEP_ITM|PROBABLE_MULTI_LEG(31)|EARNINGS_DATE_UNCHECKED
2026-07-23,GOOGL,GOOGL260727C00310000,unusual_volume,C,310.0,2026-07-27,4,0-7,-0.024,ATM,376,77,349680,349680,317.69,,WEEKLY_EXPIRY|PROBABLE_MULTI_LEG(29)|EARNINGS_DATE_UNCHECKED
2026-07-23,GOOGL,GOOGL260727C00315000,unusual_volume,C,315.0,2026-07-27,4,0-7,-0.008,ATM,1764,387,1044287,1106910,317.69,,WEEKLY_EXPIRY|PROBABLE_MULTI_LEG(14)|EARNINGS_DATE_UNCHECKED
2026-07-23,GOOGL,GOOGL260727C00317500,unusual_volume,C,317.5,2026-07-27,4,0-7,-0.001,ATM,800,166,358400,356000,317.69,,WEEKLY_EXPIRY|PROBABLE_MULTI_LEG(25)|EARNINGS_DATE_UNCHECKED
2026-07-23,GOOGL,GOOGL260727C00320000,unusual_volume,C,320.0,2026-07-27,4,0-7,0.007,ATM,3289,1000,1052480,1093592,317.69,,WEEKLY_EXPIRY|PROBABLE_MULTI_LEG(11)|EARNINGS_DATE_UNCHECKED
2026-07-23,GOOGL,GOOGL260727C00322500,unusual_volume,C,322.5,2026-07-27,4,0-7,0.015,ATM,1629,556,390960,398290,317.69,,WEEKLY_EXPIRY|PROBABLE_MULTI_LEG(12)|EARNINGS_DATE_UNCHECKED
2026-07-23,GOOGL,GOOGL260727C00325000,unusual_volume,C,325.0,2026-07-27,4,0-7,0.023,ATM,4155,1488,685575,737512,317.69,WIDE_MARKET,WEEKLY_EXPIRY|PROBABLE_MULTI_LEG(7)|EARNINGS_DATE_UNCHECKED
2026-07-23,GOOGL,GOOGL260727C00330000,unusual_volume,C,330.0,2026-07-27,4,0-7,0.039,ATM,3855,1072,300690,352732,317.69,WIDE_MARKET|LAST_OUTSIDE_QUOTE,WEEKLY_EXPIRY|PROBABLE_MULTI_LEG(9)|EARNINGS_DATE_UNCHECKED
2026-07-23,GOOGL,GOOGL260727P00310000,unusual_volume,P,310.0,2026-07-27,4,0-7,0.024,ATM,1917,760,268380,249210,317.69,WIDE_MARKET,WEEKLY_EXPIRY|PROBABLE_MULTI_LEG(8)|EARNINGS_DATE_UNCHECKED
2026-07-23,GOOGL,GOOGL260727P00315000,unusual_volume,P,315.0,2026-07-27,4,0-7,0.008,ATM,3409,1087,988610,1022700,317.69,,WEEKLY_EXPIRY|PROBABLE_MULTI_LEG(12)|EARNINGS_DATE_UNCHECKED
2026-07-23,GOOGL,GOOGL260727P00317500,unusual_volume,P,317.5,2026-07-27,4,0-7,0.001,ATM,888,270,328560,352535,317.69,WIDE_MARKET,WEEKLY_EXPIRY|PROBABLE_MULTI_LEG(14)|EARNINGS_DATE_UNCHECKED
2026-07-23,GOOGL,GOOGL260727P00367500,unusual_volume,P,367.5,2026-07-27,4,0-7,-0.157,ITM_15+,381,0,1889760,1894522,317.69,,WEEKLY_EXPIRY|DEEP_ITM|PROBABLE_MULTI_LEG(27)|EARNINGS_DATE_UNCHECKED
2026-07-23,GOOGL,GOOGL260727P00370000,unusual_volume,P,370.0,2026-07-27,4,0-7,-0.165,ITM_15+,1837,0,9486268,9667212,317.69,,WEEKLY_EXPIRY|DEEP_ITM|PROBABLE_MULTI_LEG(13)|EARNINGS_DATE_UNCHECKED
2026-07-23,GOOGL,GOOGL260729C00320000,unusual_volume,C,320.0,2026-07-29,6,0-7,0.007,ATM,1162,384,534520,595525,317.69,,WEEKLY_EXPIRY|PROBABLE_MULTI_LEG(11)|EARNINGS_DATE_UNCHECKED
2026-07-23,GOOGL,GOOGL260731P00375000,unusual_volume,P,375.0,2026-07-31,8,8-30,-0.18,ITM_15+,291,3,1637457,1677615,317.69,LAST_OUTSIDE_QUOTE,WEEKLY_EXPIRY|DEEP_ITM|PROBABLE_MULTI_LEG(30)|EARNINGS_DATE_UNCHECKED
2026-07-23,GOOGL,GOOGL260731P00385000,unusual_volume,P,385.0,2026-07-31,8,8-30,-0.212,ITM_15+,773,2,5175235,5227412,317.69,,WEEKLY_EXPIRY|DEEP_ITM|PROBABLE_MULTI_LEG(16)|EARNINGS_DATE_UNCHECKED
2026-07-23,GOOGL,GOOGL260814C00320000,unusual_volume,C,320.0,2026-08-14,22,8-30,0.007,ATM,664,264,664000,659020,317.69,,WEEKLY_EXPIRY|PROBABLE_MULTI_LEG(23)|EARNINGS_DATE_UNCHECKED
2026-07-23,GOOGL,GOOGL260821P00390000,unusual_volume,P,390.0,2026-08-21,29,8-30,-0.228,ITM_15+,8221,2646,59018559,59006227,317.69,,MONTHLY_EXPIRY|DEEP_ITM|PROBABLE_MULTI_LEG(4)|EARNINGS_DATE_UNCHECKED
2026-07-23,GOOGL,GOOGL260821P00395000,unusual_volume,P,395.0,2026-08-21,29,8-30,-0.243,ITM_15+,2744,226,21115080,21053340,317.69,,MONTHLY_EXPIRY|DEEP_ITM|PROBABLE_MULTI_LEG(10)|EARNINGS_DATE_UNCHECKED
2026-07-23,GOOGL,GOOGL260821P00400000,unusual_volume,P,400.0,2026-08-21,29,8-30,-0.259,ITM_15+,3259,212,26870455,26634177,317.69,,MONTHLY_EXPIRY|DEEP_ITM|PROBABLE_MULTI_LEG(11)|EARNINGS_DATE_UNCHECKED
2026-07-23,GOOGL,GOOGL260821P00405000,unusual_volume,P,405.0,2026-08-21,29,8-30,-0.275,ITM_15+,2437,19,21128790,21238455,317.69,,MONTHLY_EXPIRY|DEEP_ITM|PROBABLE_MULTI_LEG(6)|EARNINGS_DATE_UNCHECKED
2026-07-23,GOOGL,GOOGL260821P00410000,unusual_volume,P,410.0,2026-08-21,29,8-30,-0.291,ITM_15+,1693,36,15160815,15567134,317.69,LAST_OUTSIDE_QUOTE,MONTHLY_EXPIRY|DEEP_ITM|PROBABLE_MULTI_LEG(16)|EARNINGS_DATE_UNCHECKED
2026-07-23,GOOGL,GOOGL260821P00420000,unusual_volume,P,420.0,2026-08-21,29,8-30,-0.322,ITM_15+,701,0,6974950,7162467,317.69,LAST_OUTSIDE_QUOTE,MONTHLY_EXPIRY|DEEP_ITM|PROBABLE_MULTI_LEG(18)|EARNINGS_DATE_UNCHECKED
2026-07-23,GOOGL,GOOGL260821P00425000,unusual_volume,P,425.0,2026-08-21,29,8-30,-0.338,ITM_15+,1494,2,16060500,15974595,317.69,,MONTHLY_EXPIRY|DEEP_ITM|PROBABLE_MULTI_LEG(11)|EARNINGS_DATE_UNCHECKED
2026-07-23,GOOGL,GOOGL260821P00430000,unusual_volume,P,430.0,2026-08-21,29,8-30,-0.354,ITM_15+,657,0,7194150,7374825,317.69,LAST_OUTSIDE_QUOTE,MONTHLY_EXPIRY|DEEP_ITM|PROBABLE_MULTI_LEG(22)|EARNINGS_DATE_UNCHECKED
2026-07-23,GOOGL,GOOGL260821P00440000,unusual_volume,P,440.0,2026-08-21,29,8-30,-0.385,ITM_15+,3057,0,37463535,37295400,317.69,,MONTHLY_EXPIRY|DEEP_ITM|PROBABLE_MULTI_LEG(9)|EARNINGS_DATE_UNCHECKED
2026-07-23,GOOGL,GOOGL261218P00475000,unusual_volume,P,475.0,2026-12-18,148,91+,-0.495,ITM_15+,670,0,10515649,10519000,317.69,,QUARTERLY_EXPIRY|DEEP_ITM|PROBABLE_MULTI_LEG(23)|EARNINGS_DATE_UNCHECKED
2026-07-23,GOOGL,GOOGL280616P00650000,unusual_volume,P,650.0,2028-06-16,694,91+,-1.046,ITM_15+,270,0,8856000,8977500,317.69,LAST_OUTSIDE_QUOTE,QUARTERLY_EXPIRY|DEEP_ITM|PROBABLE_MULTI_LEG(29)|EARNINGS_DATE_UNCHECKED
2026-07-23,GOOGL,GOOGL281215P00660000,unusual_volume,P,660.0,2028-12-15,876,91+,-1.077,ITM_15+,297,0,10053450,10172250,317.69,LAST_OUTSIDE_QUOTE,QUARTERLY_EXPIRY|DEEP_ITM|PROBABLE_MULTI_LEG(28)|EARNINGS_DATE_UNCHECKED
2026-07-23,ISRG,ISRG260731P00400000,unusual_volume,P,400.0,2026-07-31,8,8-30,-0.205,ITM_15+,368,7,2517856,2506080,332.02,,WEEKLY_EXPIRY|DEEP_ITM|PROBABLE_MULTI_LEG(2)|EARNINGS_DATE_UNCHECKED
2026-07-23,ISRG,ISRG260731P00405000,unusual_volume,P,405.0,2026-07-31,8,8-30,-0.22,ITM_15+,552,22,4261440,4035119,332.02,LAST_OUTSIDE_QUOTE,WEEKLY_EXPIRY|DEEP_ITM|EARNINGS_DATE_UNCHECKED
2026-07-23,ISRG,ISRG260918P00450000,unusual_volume,P,450.0,2026-09-18,57,31-90,-0.355,ITM_15+,278,31,3236476,3270670,332.02,,QUARTERLY_EXPIRY|DEEP_ITM|PROBABLE_MULTI_LEG(3)|EARNINGS_DATE_UNCHECKED
2026-07-23,ISRG,ISRG260918P00460000,unusual_volume,P,460.0,2026-09-18,57,31-90,-0.385,ITM_15+,654,138,8587020,8394090,332.02,,QUARTERLY_EXPIRY|DEEP_ITM|PROBABLE_MULTI_LEG(2)|EARNINGS_DATE_UNCHECKED
2026-07-23,ISRG,ISRG260918P00470000,unusual_volume,P,470.0,2026-09-18,57,31-90,-0.416,ITM_15+,480,58,6628800,6628800,332.02,,QUARTERLY_EXPIRY|DEEP_ITM|PROBABLE_MULTI_LEG(3)|EARNINGS_DATE_UNCHECKED
2026-07-23,ISRG,ISRG260918P00480000,unusual_volume,P,480.0,2026-09-18,57,31-90,-0.446,ITM_15+,314,41,4662900,4662900,332.02,,QUARTERLY_EXPIRY|DEEP_ITM|PROBABLE_MULTI_LEG(2)|EARNINGS_DATE_UNCHECKED
2026-07-23,ISRG,ISRG261218P00560000,unusual_volume,P,560.0,2026-12-18,148,91+,-0.687,ITM_15+,680,94,15538000,15517600,332.02,,QUARTERLY_EXPIRY|DEEP_ITM|PROBABLE_MULTI_LEG(2)|EARNINGS_DATE_UNCHECKED
2026-07-23,ISRG,ISRG270115P00510000,unusual_volume,P,510.0,2027-01-15,176,91+,-0.536,ITM_15+,272,70,4849760,4862000,332.02,,MONTHLY_EXPIRY|DEEP_ITM|PROBABLE_MULTI_LEG(3)|EARNINGS_DATE_UNCHECKED
2026-07-23,ISRG,ISRG270115P00520000,unusual_volume,P,520.0,2027-01-15,176,91+,-0.566,ITM_15+,517,13,9569670,9724770,332.02,,MONTHLY_EXPIRY|DEEP_ITM|PROBABLE_MULTI_LEG(2)|EARNINGS_DATE_UNCHECKED
2026-07-23,LULU,LULU260724P00120000,unusual_volume,P,120.0,2026-07-24,1,0-7,-0.085,ITM_5-15,650,16,581100,585000,110.63,,NEAR_EXPIRY|WEEKLY_EXPIRY|DEEP_ITM|PROBABLE_MULTI_LEG(2)|EARNINGS_DATE_UNCHECKED
2026-07-23,LULU,LULU260918P00185000,unusual_volume,P,185.0,2026-09-18,57,31-90,-0.672,ITM_15+,475,56,3524500,3519750,110.63,,QUARTERLY_EXPIRY|DEEP_ITM|PROBABLE_MULTI_LEG(2)|EARNINGS_DATE_UNCHECKED
2026-07-23,LULU,LULU260918P00190000,unusual_volume,P,190.0,2026-09-18,57,31-90,-0.717,ITM_15+,302,48,2393350,2391840,110.63,,QUARTERLY_EXPIRY|DEEP_ITM|PROBABLE_MULTI_LEG(2)|EARNINGS_DATE_UNCHECKED
2026-07-23,LULU,LULU260918P00220000,unusual_volume,P,220.0,2026-09-18,57,31-90,-0.989,ITM_15+,256,85,2792960,2803200,110.63,,QUARTERLY_EXPIRY|DEEP_ITM|PROBABLE_MULTI_LEG(2)|EARNINGS_DATE_UNCHECKED
2026-07-23,LULU,LULU261218P00300000,unusual_volume,P,300.0,2026-12-18,148,91+,-1.712,ITM_15+,6561,1700,124166925,124052107,110.63,,QUARTERLY_EXPIRY|DEEP_ITM|EARNINGS_DATE_UNCHECKED
2026-07-23,LULU,LULU261218P00350000,unusual_volume,P,350.0,2026-12-18,148,91+,-2.164,ITM_15+,3957,637,94671225,94671225,110.63,,QUARTERLY_EXPIRY|DEEP_ITM|EARNINGS_DATE_UNCHECKED
2026-07-23,LULU,LULU270115P00280000,unusual_volume,P,280.0,2027-01-15,176,91+,-1.531,ITM_15+,318,106,5361480,5371020,110.63,,MONTHLY_EXPIRY|DEEP_ITM|PROBABLE_MULTI_LEG(2)|EARNINGS_DATE_UNCHECKED
2026-07-23,MSFT,MSFT260724C00300000,unusual_volume,C,300.0,2026-07-24,1,0-7,-0.214,ITM_15+,295,94,2407790,2413100,381.58,,NEAR_EXPIRY|WEEKLY_EXPIRY|DEEP_ITM|PROBABLE_MULTI_LEG(16)|EARNINGS_DATE_UNCHECKED
2026-07-23,MSFT,MSFT260724C00305000,unusual_volume,C,305.0,2026-07-24,1,0-7,-0.201,ITM_15+,401,77,3030356,3082687,381.58,,NEAR_EXPIRY|WEEKLY_EXPIRY|DEEP_ITM|PROBABLE_MULTI_LEG(17)|EARNINGS_DATE_UNCHECKED
2026-07-23,MSFT,MSFT260724C00377500,unusual_volume,C,377.5,2026-07-24,1,0-7,-0.011,ATM,1100,359,688600,616000,381.58,LAST_OUTSIDE_QUOTE,NEAR_EXPIRY|WEEKLY_EXPIRY|PROBABLE_MULTI_LEG(8)|EARNINGS_DATE_UNCHECKED
2026-07-23,MSFT,MSFT260724C00380000,unusual_volume,C,380.0,2026-07-24,1,0-7,-0.004,ATM,6173,1885,2438335,2422902,381.58,,NEAR_EXPIRY|WEEKLY_EXPIRY|PROBABLE_MULTI_LEG(3)|EARNINGS_DATE_UNCHECKED
2026-07-23,MSFT,MSFT260724C00382500,unusual_volume,C,382.5,2026-07-24,1,0-7,0.002,ATM,7537,877,1921934,1929472,381.58,,NEAR_EXPIRY|WEEKLY_EXPIRY|EARNINGS_DATE_UNCHECKED
2026-07-23,MSFT,MSFT260724C00385000,unusual_volume,C,385.0,2026-07-24,1,0-7,0.009,ATM,12128,3005,1867712,1885904,381.58,,NEAR_EXPIRY|WEEKLY_EXPIRY|PROBABLE_MULTI_LEG(2)|EARNINGS_DATE_UNCHECKED
2026-07-23,MSFT,MSFT260724C00390000,unusual_volume,C,390.0,2026-07-24,1,0-7,0.022,ATM,20097,6356,964656,964656,381.58,,NEAR_EXPIRY|WEEKLY_EXPIRY|EARNINGS_DATE_UNCHECKED
2026-07-23,MSFT,MSFT260724C00392500,unusual_volume,C,392.5,2026-07-24,1,0-7,0.029,ATM,11068,3481,287768,287768,381.58,,NEAR_EXPIRY|WEEKLY_EXPIRY|PROBABLE_MULTI_LEG(3)|EARNINGS_DATE_UNCHECKED
2026-07-23,MSFT,MSFT260724C00395000,unusual_volume,C,395.0,2026-07-24,1,0-7,0.035,ATM,17743,4514,230659,239530,381.58,,NEAR_EXPIRY|WEEKLY_EXPIRY|EARNINGS_DATE_UNCHECKED
2026-07-23,MSFT,MSFT260724P00372500,unusual_volume,P,372.5,2026-07-24,1,0-7,0.024,ATM,4949,1402,247450,262297,381.58,,NEAR_EXPIRY|WEEKLY_EXPIRY|PROBABLE_MULTI_LEG(2)|EARNINGS_DATE_UNCHECKED
2026-07-23,MSFT,MSFT260724P00377500,unusual_volume,P,377.5,2026-07-24,1,0-7,0.011,ATM,11936,2997,1647168,1688943,381.58,,NEAR_EXPIRY|WEEKLY_EXPIRY|PROBABLE_MULTI_LEG(3)|EARNINGS_DATE_UNCHECKED
2026-07-23,MSFT,MSFT260724P00380000,unusual_volume,P,380.0,2026-07-24,1,0-7,0.004,ATM,16621,4289,3656620,3756346,381.58,,NEAR_EXPIRY|WEEKLY_EXPIRY|EARNINGS_DATE_UNCHECKED
2026-07-23,MSFT,MSFT260724P00382500,unusual_volume,P,382.5,2026-07-24,1,0-7,-0.002,ATM,6484,1433,2191592,2172140,381.58,,NEAR_EXPIRY|WEEKLY_EXPIRY|PROBABLE_MULTI_LEG(4)|EARNINGS_DATE_UNCHECKED
2026-07-23,MSFT,MSFT260724P00387500,unusual_volume,P,387.5,2026-07-24,1,0-7,-0.016,ATM,4266,1080,3016062,2804895,381.58,LAST_OUTSIDE_QUOTE,NEAR_EXPIRY|WEEKLY_EXPIRY|PROBABLE_MULTI_LEG(4)|EARNINGS_DATE_UNCHECKED
2026-07-23,MSFT,MSFT260724P00400000,unusual_volume,P,400.0,2026-07-24,1,0-7,-0.048,ATM,811,28,1488996,1459800,381.58,,NEAR_EXPIRY|WEEKLY_EXPIRY|PROBABLE_MULTI_LEG(7)|EARNINGS_DATE_UNCHECKED
2026-07-23,MSFT,MSFT260724P00402500,unusual_volume,P,402.5,2026-07-24,1,0-7,-0.055,ITM_5-15,1099,77,2308999,2285920,381.58,,NEAR_EXPIRY|WEEKLY_EXPIRY|PROBABLE_MULTI_LEG(8)|EARNINGS_DATE_UNCHECKED
2026-07-23,MSFT,MSFT260724P00405000,unusual_volume,P,405.0,2026-07-24,1,0-7,-0.061,ITM_5-15,1038,24,2531682,2439300,381.58,,NEAR_EXPIRY|WEEKLY_EXPIRY|PROBABLE_MULTI_LEG(13)|EARNINGS_DATE_UNCHECKED
2026-07-23,MSFT,MSFT260724P00410000,unusual_volume,P,410.0,2026-07-24,1,0-7,-0.074,ITM_5-15,921,204,2704056,2652479,381.58,,NEAR_EXPIRY|WEEKLY_EXPIRY|DEEP_ITM|PROBABLE_MULTI_LEG(6)|EARNINGS_DATE_UNCHECKED
2026-07-23,MSFT,MSFT260724P00415000,unusual_volume,P,415.0,2026-07-24,1,0-7,-0.088,ITM_5-15,499,2,1747498,1667907,381.58,LAST_OUTSIDE_QUOTE,NEAR_EXPIRY|WEEKLY_EXPIRY|DEEP_ITM|PROBABLE_MULTI_LEG(16)|EARNINGS_DATE_UNCHECKED
2026-07-23,MSFT,MSFT260724P00420000,unusual_volume,P,420.0,2026-07-24,1,0-7,-0.101,ITM_5-15,767,0,3058796,2928022,381.58,LAST_OUTSIDE_QUOTE,NEAR_EXPIRY|WEEKLY_EXPIRY|DEEP_ITM|PROBABLE_MULTI_LEG(8)|EARNINGS_DATE_UNCHECKED
2026-07-23,MSFT,MSFT260727C00365000,unusual_volume,C,365.0,2026-07-27,4,0-7,-0.043,ATM,502,75,878500,878500,381.58,,WEEKLY_EXPIRY|PROBABLE_MULTI_LEG(15)|EARNINGS_DATE_UNCHECKED
2026-07-23,MSFT,MSFT260727C00367500,unusual_volume,C,367.5,2026-07-27,4,0-7,-0.037,ATM,502,55,766554,758020,381.58,,WEEKLY_EXPIRY|PROBABLE_MULTI_LEG(15)|EARNINGS_DATE_UNCHECKED
2026-07-23,MSFT,MSFT260727C00385000,unusual_volume,C,385.0,2026-07-27,4,0-7,0.009,ATM,3011,1143,942443,948465,381.58,,WEEKLY_EXPIRY|PROBABLE_MULTI_LEG(5)|EARNINGS_DATE_UNCHECKED
2026-07-23,NVDA,NVDA260724C00130000,unusual_volume,C,130.0,2026-07-24,1,0-7,-0.377,ITM_15+,269,65,2093357,2124427,208.76,,NEAR_EXPIRY|WEEKLY_EXPIRY|DEEP_ITM|PROBABLE_MULTI_LEG(29)|EARNINGS_DATE_UNCHECKED
2026-07-23,NVDA,NVDA260724C00182500,unusual_volume,C,182.5,2026-07-24,1,0-7,-0.126,ITM_5-15,768,159,1947648,2058240,208.76,,NEAR_EXPIRY|WEEKLY_EXPIRY|DEEP_ITM|PROBABLE_MULTI_LEG(17)|EARNINGS_DATE_UNCHECKED
2026-07-23,NVDA,NVDA260724C00187500,unusual_volume,C,187.5,2026-07-24,1,0-7,-0.102,ITM_5-15,1914,746,4095960,4033754,208.76,,NEAR_EXPIRY|WEEKLY_EXPIRY|DEEP_ITM|PROBABLE_MULTI_LEG(10)|EARNINGS_DATE_UNCHECKED
2026-07-23,NVDA,NVDA260724C00197500,unusual_volume,C,197.5,2026-07-24,1,0-7,-0.054,ITM_5-15,14131,2452,16250650,16074012,208.76,,NEAR_EXPIRY|WEEKLY_EXPIRY|PROBABLE_MULTI_LEG(3)|EARNINGS_DATE_UNCHECKED
2026-07-23,NVDA,NVDA260724C00207500,unusual_volume,C,207.5,2026-07-24,1,0-7,-0.006,ATM,93169,35436,22640067,22593482,208.76,,NEAR_EXPIRY|WEEKLY_EXPIRY|EARNINGS_DATE_UNCHECKED
2026-07-23,NVDA,NVDA260724C00210000,unusual_volume,C,210.0,2026-07-24,1,0-7,0.006,ATM,287901,83743,33396515,32964664,208.76,,NEAR_EXPIRY|WEEKLY_EXPIRY|EARNINGS_DATE_UNCHECKED
2026-07-23,NVDA,NVDA260724C00212500,unusual_volume,C,212.5,2026-07-24,1,0-7,0.018,ATM,182074,55104,8193330,8193330,208.76,,NEAR_EXPIRY|WEEKLY_EXPIRY|PROBABLE_MULTI_LEG(2)|EARNINGS_DATE_UNCHECKED
2026-07-23,NVDA,NVDA260724P00202500,unusual_volume,P,202.5,2026-07-24,1,0-7,0.03,ATM,53317,10227,1013023,1146315,208.76,LAST_OUTSIDE_QUOTE,NEAR_EXPIRY|WEEKLY_EXPIRY|EARNINGS_DATE_UNCHECKED
2026-07-23,NVDA,NVDA260724P00205000,unusual_volume,P,205.0,2026-07-24,1,0-7,0.018,ATM,143953,31768,7197650,7197650,208.76,,NEAR_EXPIRY|WEEKLY_EXPIRY|EARNINGS_DATE_UNCHECKED
2026-07-23,NVDA,NVDA260724P00207500,unusual_volume,P,207.5,2026-07-24,1,0-7,0.006,ATM,134511,15266,15468765,15737787,208.76,,NEAR_EXPIRY|WEEKLY_EXPIRY|EARNINGS_DATE_UNCHECKED
2026-07-23,NVDA,NVDA260724P00210000,unusual_volume,P,210.0,2026-07-24,1,0-7,-0.006,ATM,57774,10707,13865760,13779099,208.76,,NEAR_EXPIRY|WEEKLY_EXPIRY|EARNINGS_DATE_UNCHECKED
2026-07-23,NVDA,NVDA260724P00217500,unusual_volume,P,217.5,2026-07-24,1,0-7,-0.042,ATM,7397,272,6413199,5880614,208.76,,NEAR_EXPIRY|WEEKLY_EXPIRY|PROBABLE_MULTI_LEG(8)|EARNINGS_DATE_UNCHECKED
2026-07-23,NVDA,NVDA260724P00220000,unusual_volume,P,220.0,2026-07-24,1,0-7,-0.054,ITM_5-15,6551,1011,7631915,7091457,208.76,,NEAR_EXPIRY|WEEKLY_EXPIRY|PROBABLE_MULTI_LEG(7)|EARNINGS_DATE_UNCHECKED
2026-07-23,NVDA,NVDA260724P00222500,unusual_volume,P,222.5,2026-07-24,1,0-7,-0.066,ITM_5-15,6063,2,8318436,8260837,208.76,,NEAR_EXPIRY|WEEKLY_EXPIRY|PROBABLE_MULTI_LEG(4)|EARNINGS_DATE_UNCHECKED
2026-07-23,NVDA,NVDA260724P00225000,unusual_volume,P,225.0,2026-07-24,1,0-7,-0.078,ITM_5-15,2884,14,4836468,4542300,208.76,,NEAR_EXPIRY|WEEKLY_EXPIRY|DEEP_ITM|PROBABLE_MULTI_LEG(10)|EARNINGS_DATE_UNCHECKED
2026-07-23,NVDA,NVDA260724P00227500,unusual_volume,P,227.5,2026-07-24,1,0-7,-0.09,ITM_5-15,3568,0,7250175,6716760,208.76,,NEAR_EXPIRY|WEEKLY_EXPIRY|DEEP_ITM|PROBABLE_MULTI_LEG(5)|EARNINGS_DATE_UNCHECKED
2026-07-23,NVDA,NVDA260724P00230000,unusual_volume,P,230.0,2026-07-24,1,0-7,-0.102,ITM_5-15,1247,39,2693520,2543880,208.76,LAST_OUTSIDE_QUOTE,NEAR_EXPIRY|WEEKLY_EXPIRY|DEEP_ITM|PROBABLE_MULTI_LEG(18)|EARNINGS_DATE_UNCHECKED
2026-07-23,NVDA,NVDA260724P00232500,unusual_volume,P,232.5,2026-07-24,1,0-7,-0.114,ITM_5-15,744,15,1868184,1713059,208.76,LAST_OUTSIDE_QUOTE,NEAR_EXPIRY|WEEKLY_EXPIRY|DEEP_ITM|PROBABLE_MULTI_LEG(14)|EARNINGS_DATE_UNCHECKED
2026-07-23,NVDA,NVDA260724P00235000,unusual_volume,P,235.0,2026-07-24,1,0-7,-0.126,ITM_5-15,402,0,1105902,1027110,208.76,LAST_OUTSIDE_QUOTE,NEAR_EXPIRY|WEEKLY_EXPIRY|DEEP_ITM|PROBABLE_MULTI_LEG(23)|EARNINGS_DATE_UNCHECKED
2026-07-23,NVDA,NVDA260724P00237500,unusual_volume,P,237.5,2026-07-24,1,0-7,-0.138,ITM_5-15,592,0,1770080,1659080,208.76,LAST_OUTSIDE_QUOTE,NEAR_EXPIRY|WEEKLY_EXPIRY|DEEP_ITM|PROBABLE_MULTI_LEG(24)|EARNINGS_DATE_UNCHECKED
2026-07-23,NVDA,NVDA260727C00177500,unusual_volume,C,177.5,2026-07-27,4,0-7,-0.15,ITM_15+,277,45,840141,858007,208.76,,WEEKLY_EXPIRY|DEEP_ITM|PROBABLE_MULTI_LEG(28)|EARNINGS_DATE_UNCHECKED
2026-07-23,NVDA,NVDA260727C00180000,unusual_volume,C,180.0,2026-07-27,4,0-7,-0.138,ITM_5-15,373,49,1014187,1011762,208.76,,WEEKLY_EXPIRY|DEEP_ITM|PROBABLE_MULTI_LEG(23)|EARNINGS_DATE_UNCHECKED
2026-07-23,NVDA,NVDA260727C00187500,unusual_volume,C,187.5,2026-07-27,4,0-7,-0.102,ITM_5-15,673,78,1377631,1409935,208.76,WIDE_MARKET,WEEKLY_EXPIRY|DEEP_ITM|PROBABLE_MULTI_LEG(10)|EARNINGS_DATE_UNCHECKED
2026-07-23,NVDA,NVDA260727C00190000,unusual_volume,C,190.0,2026-07-27,4,0-7,-0.09,ITM_5-15,656,128,1143408,1187360,208.76,WIDE_MARKET,WEEKLY_EXPIRY|DEEP_ITM|PROBABLE_MULTI_LEG(15)|EARNINGS_DATE_UNCHECKED
2026-07-23,NVDA,NVDA260727C00192500,unusual_volume,C,192.5,2026-07-27,4,0-7,-0.078,ITM_5-15,1832,262,2737008,3123560,208.76,LAST_OUTSIDE_QUOTE,WEEKLY_EXPIRY|DEEP_ITM|PROBABLE_MULTI_LEG(10)|EARNINGS_DATE_UNCHECKED
2026-07-23,NVDA,NVDA260727C00197500,unusual_volume,C,197.5,2026-07-27,4,0-7,-0.054,ITM_5-15,4483,1063,4581626,5245110,208.76,LAST_OUTSIDE_QUOTE,WEEKLY_EXPIRY|PROBABLE_MULTI_LEG(7)|EARNINGS_DATE_UNCHECKED
2026-07-23,NVDA,NVDA260727C00200000,unusual_volume,C,200.0,2026-07-27,4,0-7,-0.042,ATM,2027,509,1864839,1874975,208.76,,WEEKLY_EXPIRY|PROBABLE_MULTI_LEG(7)|EARNINGS_DATE_UNCHECKED
2026-07-23,NVDA,NVDA260727C00207500,unusual_volume,C,207.5,2026-07-27,4,0-7,-0.006,ATM,7376,2236,2618480,2563160,208.76,,WEEKLY_EXPIRY|PROBABLE_MULTI_LEG(8)|EARNINGS_DATE_UNCHECKED
2026-07-23,NVDA,NVDA260727C00210000,unusual_volume,C,210.0,2026-07-27,4,0-7,0.006,ATM,40966,10031,9135418,8930587,208.76,LAST_OUTSIDE_QUOTE,WEEKLY_EXPIRY|EARNINGS_DATE_UNCHECKED
2026-07-23,NVDA,NVDA260727C00212500,unusual_volume,C,212.5,2026-07-27,4,0-7,0.018,ATM,20438,7181,2677378,2626283,208.76,,WEEKLY_EXPIRY|PROBABLE_MULTI_LEG(3)|EARNINGS_DATE_UNCHECKED
2026-07-23,NVDA,NVDA260727P00207500,unusual_volume,P,207.5,2026-07-27,4,0-7,0.006,ATM,8612,2869,1825744,1894640,208.76,LAST_OUTSIDE_QUOTE,WEEKLY_EXPIRY|PROBABLE_MULTI_LEG(5)|EARNINGS_DATE_UNCHECKED
2026-07-23,NVDA,NVDA260727P00212500,unusual_volume,P,212.5,2026-07-27,4,0-7,-0.018,ATM,2976,982,1488000,1488000,208.76,,WEEKLY_EXPIRY|PROBABLE_MULTI_LEG(14)|EARNINGS_DATE_UNCHECKED
2026-07-23,NVDA,NVDA260727P00217500,unusual_volume,P,217.5,2026-07-27,4,0-7,-0.042,ATM,1979,411,2056181,1810785,208.76,LAST_OUTSIDE_QUOTE,WEEKLY_EXPIRY|PROBABLE_MULTI_LEG(9)|EARNINGS_DATE_UNCHECKED
2026-07-23,NVDA,NVDA260727P00220000,unusual_volume,P,220.0,2026-07-27,4,0-7,-0.054,ITM_5-15,1300,352,1535300,1469000,208.76,,WEEKLY_EXPIRY|PROBABLE_MULTI_LEG(12)|EARNINGS_DATE_UNCHECKED
2026-07-23,NVDA,NVDA260727P00222500,unusual_volume,P,222.5,2026-07-27,4,0-7,-0.066,ITM_5-15,421,38,627290,632552,208.76,WIDE_MARKET,WEEKLY_EXPIRY|PROBABLE_MULTI_LEG(22)|EARNINGS_DATE_UNCHECKED
2026-07-23,NVDA,NVDA260727P00225000,unusual_volume,P,225.0,2026-07-27,4,0-7,-0.078,ITM_5-15,678,1,1210908,1178025,208.76,,WEEKLY_EXPIRY|DEEP_ITM|PROBABLE_MULTI_LEG(10)|EARNINGS_DATE_UNCHECKED
2026-07-23,NVDA,NVDA260727P00227500,unusual_volume,P,227.5,2026-07-27,4,0-7,-0.09,ITM_5-15,1426,0,2924726,2762875,208.76,WIDE_MARKET,WEEKLY_EXPIRY|DEEP_ITM|PROBABLE_MULTI_LEG(12)|EARNINGS_DATE_UNCHECKED
2026-07-23,NVDA,NVDA260727P00230000,unusual_volume,P,230.0,2026-07-27,4,0-7,-0.102,ITM_5-15,2199,0,5040108,4557427,208.76,,WEEKLY_EXPIRY|DEEP_ITM|PROBABLE_MULTI_LEG(11)|EARNINGS_DATE_UNCHECKED
2026-07-23,NVDA,NVDA260727P00232500,unusual_volume,P,232.5,2026-07-27,4,0-7,-0.114,ITM_5-15,722,0,1838212,1774315,208.76,,WEEKLY_EXPIRY|DEEP_ITM|PROBABLE_MULTI_LEG(13)|EARNINGS_DATE_UNCHECKED
2026-07-23,NVDA,NVDA260727P00235000,unusual_volume,P,235.0,2026-07-27,4,0-7,-0.126,ITM_5-15,278,0,754770,736005,208.76,,WEEKLY_EXPIRY|DEEP_ITM|PROBABLE_MULTI_LEG(28)|EARNINGS_DATE_UNCHECKED
2026-07-23,NVDA,NVDA260729C00192500,unusual_volume,C,192.5,2026-07-29,6,0-7,-0.078,ITM_5-15,432,109,723600,725759,208.76,,WEEKLY_EXPIRY|DEEP_ITM|PROBABLE_MULTI_LEG(23)|EARNINGS_DATE_UNCHECKED
2026-07-23,NVDA,NVDA260729C00195000,unusual_volume,C,195.0,2026-07-29,6,0-7,-0.066,ITM_5-15,351,52,471393,503684,208.76,LAST_OUTSIDE_QUOTE,WEEKLY_EXPIRY|PROBABLE_MULTI_LEG(12)|EARNINGS_DATE_UNCHECKED
2026-07-23,NVDA,NVDA260729C00200000,unusual_volume,C,200.0,2026-07-29,6,0-7,-0.042,ATM,844,236,801800,839779,208.76,LAST_OUTSIDE_QUOTE,WEEKLY_EXPIRY|PROBABLE_MULTI_LEG(12)|EARNINGS_DATE_UNCHECKED
2026-07-23,NVDA,NVDA260729P00212500,unusual_volume,P,212.5,2026-07-29,6,0-7,-0.018,ATM,1732,270,1014952,1030540,208.76,LAST_OUTSIDE_QUOTE,WEEKLY_EXPIRY|PROBABLE_MULTI_LEG(9)|EARNINGS_DATE_UNCHECKED
2026-07-23,NVDA,NVDA260729P00217500,unusual_volume,P,217.5,2026-07-29,6,0-7,-0.042,ATM,1844,103,1945420,1774850,208.76,LAST_OUTSIDE_QUOTE,WEEKLY_EXPIRY|PROBABLE_MULTI_LEG(10)|EARNINGS_DATE_UNCHECKED
2026-07-23,NVDA,NVDA260729P00220000,unusual_volume,P,220.0,2026-07-29,6,0-7,-0.054,ITM_5-15,2205,174,2568825,2607412,208.76,LAST_OUTSIDE_QUOTE,WEEKLY_EXPIRY|PROBABLE_MULTI_LEG(11)|EARNINGS_DATE_UNCHECKED
2026-07-23,NVDA,NVDA260729P00222500,unusual_volume,P,222.5,2026-07-29,6,0-7,-0.066,ITM_5-15,746,93,1085430,1038805,208.76,LAST_OUTSIDE_QUOTE,WEEKLY_EXPIRY|PROBABLE_MULTI_LEG(15)|EARNINGS_DATE_UNCHECKED
2026-07-23,NVDA,NVDA260729P00225000,unusual_volume,P,225.0,2026-07-29,6,0-7,-0.078,ITM_5-15,256,79,467200,417920,208.76,LAST_OUTSIDE_QUOTE,WEEKLY_EXPIRY|DEEP_ITM|PROBABLE_MULTI_LEG(24)|EARNINGS_DATE_UNCHECKED
2026-07-23,NVDA,NVDA260731P00220000,unusual_volume,P,220.0,2026-07-31,8,8-30,-0.054,ITM_5-15,2523,910,3317745,3109597,208.76,LAST_OUTSIDE_QUOTE,WEEKLY_EXPIRY|PROBABLE_MULTI_LEG(8)|EARNINGS_DATE_UNCHECKED
2026-07-23,NVDA,NVDA260731P00222500,unusual_volume,P,222.5,2026-07-31,8,8-30,-0.066,ITM_5-15,1781,138,2546830,2569092,208.76,LAST_OUTSIDE_QUOTE,WEEKLY_EXPIRY|PROBABLE_MULTI_LEG(9)|EARNINGS_DATE_UNCHECKED
2026-07-23,NVDA,NVDA260731P00225000,unusual_volume,P,225.0,2026-07-31,8,8-30,-0.078,ITM_5-15,530,201,938100,887750,208.76,LAST_OUTSIDE_QUOTE,WEEKLY_EXPIRY|DEEP_ITM|PROBABLE_MULTI_LEG(15)|EARNINGS_DATE_UNCHECKED
2026-07-23,NVDA,NVDA260821P00260000,unusual_volume,P,260.0,2026-08-21,29,8-30,-0.245,ITM_15+,581,3,3070585,2958742,208.76,,MONTHLY_EXPIRY|DEEP_ITM|PROBABLE_MULTI_LEG(23)|EARNINGS_DATE_UNCHECKED
2026-07-23,NVDA,NVDA260904C00210000,unusual_volume,C,210.0,2026-09-04,43,31-90,0.006,ATM,421,123,526250,520987,208.76,,WEEKLY_EXPIRY|PROBABLE_MULTI_LEG(22)|EARNINGS_DATE_UNCHECKED
2026-07-23,NVDA,NVDA281215P00460000,unusual_volume,P,460.0,2028-12-15,876,91+,-1.203,ITM_15+,252,0,6307560,6312600,208.76,,QUARTERLY_EXPIRY|DEEP_ITM|PROBABLE_MULTI_LEG(24)|EARNINGS_DATE_UNCHECKED
2026-07-23,ORCL,ORCL260724P00135000,unusual_volume,P,135.0,2026-07-24,1,0-7,-0.125,ITM_5-15,6259,2227,9532457,9638860,120.04,,NEAR_EXPIRY|WEEKLY_EXPIRY|DEEP_ITM|PROBABLE_MULTI_LEG(2)|EARNINGS_DATE_UNCHECKED
2026-07-23,ORCL,ORCL260724P00140000,unusual_volume,P,140.0,2026-07-24,1,0-7,-0.166,ITM_15+,3374,126,6842472,6866090,120.04,,NEAR_EXPIRY|WEEKLY_EXPIRY|DEEP_ITM|PROBABLE_MULTI_LEG(4)|EARNINGS_DATE_UNCHECKED
2026-07-23,ORCL,ORCL260724P00141000,unusual_volume,P,141.0,2026-07-24,1,0-7,-0.175,ITM_15+,319,0,655545,671494,120.04,,NEAR_EXPIRY|WEEKLY_EXPIRY|DEEP_ITM|PROBABLE_MULTI_LEG(15)|EARNINGS_DATE_UNCHECKED
2026-07-23,ORCL,ORCL260724P00143000,unusual_volume,P,143.0,2026-07-24,1,0-7,-0.191,ITM_15+,410,0,944640,953250,120.04,,NEAR_EXPIRY|WEEKLY_EXPIRY|DEEP_ITM|PROBABLE_MULTI_LEG(10)|EARNINGS_DATE_UNCHECKED
2026-07-23,ORCL,ORCL260724P00145000,unusual_volume,P,145.0,2026-07-24,1,0-7,-0.208,ITM_15+,1655,14,4205355,4216112,120.04,,NEAR_EXPIRY|WEEKLY_EXPIRY|DEEP_ITM|PROBABLE_MULTI_LEG(8)|EARNINGS_DATE_UNCHECKED
2026-07-23,ORCL,ORCL260724P00147000,unusual_volume,P,147.0,2026-07-24,1,0-7,-0.225,ITM_15+,913,1,2369235,2481077,120.04,,NEAR_EXPIRY|WEEKLY_EXPIRY|DEEP_ITM|PROBABLE_MULTI_LEG(6)|EARNINGS_DATE_UNCHECKED
2026-07-23,ORCL,ORCL260724P00148000,unusual_volume,P,148.0,2026-07-24,1,0-7,-0.233,ITM_15+,306,4,827730,864450,120.04,,NEAR_EXPIRY|WEEKLY_EXPIRY|DEEP_ITM|PROBABLE_MULTI_LEG(12)|EARNINGS_DATE_UNCHECKED
2026-07-23,ORCL,ORCL260724P00150000,unusual_volume,P,150.0,2026-07-24,1,0-7,-0.25,ITM_15+,1858,91,5583290,5685480,120.04,,NEAR_EXPIRY|WEEKLY_EXPIRY|DEEP_ITM|PROBABLE_MULTI_LEG(6)|EARNINGS_DATE_UNCHECKED
2026-07-23,ORCL,ORCL260724P00155000,unusual_volume,P,155.0,2026-07-24,1,0-7,-0.291,ITM_15+,2171,0,7837310,7707050,120.04,,NEAR_EXPIRY|WEEKLY_EXPIRY|DEEP_ITM|PROBABLE_MULTI_LEG(4)|EARNINGS_DATE_UNCHECKED
2026-07-23,ORCL,ORCL260724P00160000,unusual_volume,P,160.0,2026-07-24,1,0-7,-0.333,ITM_15+,1103,102,4489210,4439575,120.04,,NEAR_EXPIRY|WEEKLY_EXPIRY|DEEP_ITM|PROBABLE_MULTI_LEG(9)|EARNINGS_DATE_UNCHECKED
2026-07-23,ORCL,ORCL260731C00120000,unusual_volume,C,120.0,2026-07-31,8,8-30,-0.0,ATM,11868,1543,6052680,5904330,120.04,,WEEKLY_EXPIRY|EARNINGS_DATE_UNCHECKED
2026-07-23,ORCL,ORCL260731P00167500,unusual_volume,P,167.5,2026-07-31,8,8-30,-0.395,ITM_15+,311,0,1499020,1476472,120.04,,WEEKLY_EXPIRY|DEEP_ITM|PROBABLE_MULTI_LEG(13)|EARNINGS_DATE_UNCHECKED
2026-07-23,ORCL,ORCL260814C00128000,unusual_volume,C,128.0,2026-08-14,22,8-30,0.066,OTM_5-15,812,108,388136,397880,120.04,,WEEKLY_EXPIRY|PROBABLE_MULTI_LEG(9)|EARNINGS_DATE_UNCHECKED
2026-07-23,ORCL,ORCL260814P00185000,unusual_volume,P,185.0,2026-08-14,22,8-30,-0.541,ITM_15+,757,41,4841015,4922392,120.04,,WEEKLY_EXPIRY|DEEP_ITM|PROBABLE_MULTI_LEG(10)|EARNINGS_DATE_UNCHECKED
2026-07-23,ORCL,ORCL260821P00118000,unusual_volume,P,118.0,2026-08-21,29,8-30,0.017,ATM,3201,515,2480775,2544795,120.04,,MONTHLY_EXPIRY|PROBABLE_MULTI_LEG(6)|EARNINGS_DATE_UNCHECKED
2026-07-23,ORCL,ORCL260821P00200000,unusual_volume,P,200.0,2026-08-21,29,8-30,-0.666,ITM_15+,4088,901,32299288,32775540,120.04,,MONTHLY_EXPIRY|DEEP_ITM|EARNINGS_DATE_UNCHECKED
2026-07-23,ORCL,ORCL260821P00210000,unusual_volume,P,210.0,2026-08-21,29,8-30,-0.749,ITM_15+,1233,148,11066175,11109329,120.04,,MONTHLY_EXPIRY|DEEP_ITM|PROBABLE_MULTI_LEG(5)|EARNINGS_DATE_UNCHECKED
2026-07-23,ORCL,ORCL260821P00220000,unusual_volume,P,220.0,2026-08-21,29,8-30,-0.833,ITM_15+,1517,206,15253435,15090357,120.04,,MONTHLY_EXPIRY|DEEP_ITM|PROBABLE_MULTI_LEG(6)|EARNINGS_DATE_UNCHECKED
2026-07-23,ORCL,ORCL260821P00230000,unusual_volume,P,230.0,2026-08-21,29,8-30,-0.916,ITM_15+,265,15,2922950,2921625,120.04,,MONTHLY_EXPIRY|DEEP_ITM|PROBABLE_MULTI_LEG(19)|EARNINGS_DATE_UNCHECKED
2026-07-23,ORCL,ORCL260821P00240000,unusual_volume,P,240.0,2026-08-21,29,8-30,-0.999,ITM_15+,1790,215,21462100,21511325,120.04,,MONTHLY_EXPIRY|DEEP_ITM|PROBABLE_MULTI_LEG(6)|EARNINGS_DATE_UNCHECKED
2026-07-23,ORCL,ORCL260821P00250000,unusual_volume,P,250.0,2026-08-21,29,8-30,-1.083,ITM_15+,1524,197,19880580,19838670,120.04,,MONTHLY_EXPIRY|DEEP_ITM|PROBABLE_MULTI_LEG(6)|EARNINGS_DATE_UNCHECKED
2026-07-23,ORCL,ORCL260918P00250000,unusual_volume,P,250.0,2026-09-18,57,31-90,-1.083,ITM_15+,789,252,10276725,10253054,120.04,,QUARTERLY_EXPIRY|DEEP_ITM|PROBABLE_MULTI_LEG(10)|EARNINGS_DATE_UNCHECKED
2026-07-23,ORCL,ORCL260918P00260000,unusual_volume,P,260.0,2026-09-18,57,31-90,-1.166,ITM_15+,404,135,5643880,5653980,120.04,,QUARTERLY_EXPIRY|DEEP_ITM|PROBABLE_MULTI_LEG(10)|EARNINGS_DATE_UNCHECKED
2026-07-23,ORCL,ORCL260918P00270000,unusual_volume,P,270.0,2026-09-18,57,31-90,-1.249,ITM_15+,1343,444,20111425,20138284,120.04,,QUARTERLY_EXPIRY|DEEP_ITM|PROBABLE_MULTI_LEG(7)|EARNINGS_DATE_UNCHECKED
2026-07-23,SPGI,SPGI260821C00425000,unusual_volume,C,425.0,2026-08-21,29,8-30,0.01,ATM,74,0,107300,113589,420.65,LAST_OUTSIDE_QUOTE,MONTHLY_EXPIRY|PROBABLE_MULTI_LEG(2)|EARNINGS_DATE_UNCHECKED
2026-07-23,SPGI,SPGI260821P00415000,unusual_volume,P,415.0,2026-08-21,29,8-30,0.013,ATM,77,7,111650,100870,420.65,LAST_OUTSIDE_QUOTE,MONTHLY_EXPIRY|PROBABLE_MULTI_LEG(2)|EARNINGS_DATE_UNCHECKED
2026-07-23,TSM,TSM260724P00450000,unusual_volume,P,450.0,2026-07-24,1,0-7,-0.083,ITM_5-15,1434,6,5127984,4932960,415.58,LAST_OUTSIDE_QUOTE,NEAR_EXPIRY|WEEKLY_EXPIRY|DEEP_ITM|PROBABLE_MULTI_LEG(3)|EARNINGS_DATE_UNCHECKED
2026-07-23,TSM,TSM260724P00457500,unusual_volume,P,457.5,2026-07-24,1,0-7,-0.101,ITM_5-15,327,0,1347240,1371765,415.58,,NEAR_EXPIRY|WEEKLY_EXPIRY|DEEP_ITM|PROBABLE_MULTI_LEG(8)|EARNINGS_DATE_UNCHECKED
2026-07-24,AAPL,AAPL260727C00322500,unusual_volume,C,322.5,2026-07-27,3,0-7,-0.032,ATM,2352,659,2352000,2463720,333.02,,NEAR_EXPIRY|WEEKLY_EXPIRY|PROBABLE_MULTI_LEG(5)|EARNINGS_DATE_UNCHECKED
2026-07-24,AAPL,AAPL260727C00325000,unusual_volume,C,325.0,2026-07-27,3,0-7,-0.024,ATM,7465,1806,6419900,6046650,333.02,,NEAR_EXPIRY|WEEKLY_EXPIRY|PROBABLE_MULTI_LEG(4)|EARNINGS_DATE_UNCHECKED
2026-07-24,AAPL,AAPL260727C00327500,unusual_volume,C,327.5,2026-07-27,3,0-7,-0.017,ATM,19397,1208,11502421,11783677,333.02,,NEAR_EXPIRY|WEEKLY_EXPIRY|PROBABLE_MULTI_LEG(2)|EARNINGS_DATE_UNCHECKED
2026-07-24,AAPL,AAPL260727C00330000,unusual_volume,C,330.0,2026-07-27,3,0-7,-0.009,ATM,31342,1993,12380090,13085285,333.02,LAST_OUTSIDE_QUOTE,NEAR_EXPIRY|WEEKLY_EXPIRY|PROBABLE_MULTI_LEG(2)|EARNINGS_DATE_UNCHECKED
2026-07-24,AAPL,AAPL260727C00332500,unusual_volume,C,332.5,2026-07-27,3,0-7,-0.002,ATM,32131,946,8193404,8321928,333.02,,NEAR_EXPIRY|WEEKLY_EXPIRY|PROBABLE_MULTI_LEG(2)|EARNINGS_DATE_UNCHECKED
2026-07-24,AAPL,AAPL260727C00335000,unusual_volume,C,335.0,2026-07-27,3,0-7,0.006,ATM,47022,2040,6771167,6700634,333.02,,NEAR_EXPIRY|WEEKLY_EXPIRY|EARNINGS_DATE_UNCHECKED
2026-07-24,AAPL,AAPL260727C00337500,unusual_volume,C,337.5,2026-07-27,3,0-7,0.013,ATM,12640,674,910079,891120,333.02,,NEAR_EXPIRY|WEEKLY_EXPIRY|PROBABLE_MULTI_LEG(3)|EARNINGS_DATE_UNCHECKED
2026-07-24,AAPL,AAPL260727C00340000,unusual_volume,C,340.0,2026-07-27,3,0-7,0.021,ATM,16698,4118,601128,609477,333.02,,NEAR_EXPIRY|WEEKLY_EXPIRY|EARNINGS_DATE_UNCHECKED
2026-07-24,AAPL,AAPL260727P00325000,unusual_volume,P,325.0,2026-07-27,3,0-7,0.024,ATM,22420,1637,650179,661390,333.02,,NEAR_EXPIRY|WEEKLY_EXPIRY|PROBABLE_MULTI_LEG(2)|EARNINGS_DATE_UNCHECKED
2026-07-24,AAPL,AAPL260727P00327500,unusual_volume,P,327.5,2026-07-27,3,0-7,0.017,ATM,20857,1027,1188849,1209706,333.02,,NEAR_EXPIRY|WEEKLY_EXPIRY|EARNINGS_DATE_UNCHECKED
2026-07-24,AAPL,AAPL260727P00330000,unusual_volume,P,330.0,2026-07-27,3,0-7,0.009,ATM,23726,1330,2633586,2621723,333.02,,NEAR_EXPIRY|WEEKLY_EXPIRY|PROBABLE_MULTI_LEG(2)|EARNINGS_DATE_UNCHECKED
2026-07-24,AAPL,AAPL260727P00332500,unusual_volume,P,332.5,2026-07-27,3,0-7,0.002,ATM,18984,469,3853751,3844260,333.02,,NEAR_EXPIRY|WEEKLY_EXPIRY|PROBABLE_MULTI_LEG(2)|EARNINGS_DATE_UNCHECKED
2026-07-24,AAPL,AAPL260727P00335000,unusual_volume,P,335.0,2026-07-27,3,0-7,-0.006,ATM,6771,34,2308911,2319067,333.02,,NEAR_EXPIRY|WEEKLY_EXPIRY|PROBABLE_MULTI_LEG(3)|EARNINGS_DATE_UNCHECKED
2026-07-24,AAPL,AAPL260727P00337500,unusual_volume,P,337.5,2026-07-27,3,0-7,-0.013,ATM,4148,4,2173552,2167330,333.02,,NEAR_EXPIRY|WEEKLY_EXPIRY|PROBABLE_MULTI_LEG(5)|EARNINGS_DATE_UNCHECKED
2026-07-24,AAPL,AAPL260727P00340000,unusual_volume,P,340.0,2026-07-27,3,0-7,-0.021,ATM,704,4,563200,503359,333.02,WIDE_MARKET,NEAR_EXPIRY|WEEKLY_EXPIRY|PROBABLE_MULTI_LEG(14)|EARNINGS_DATE_UNCHECKED
2026-07-24,AAPL,AAPL260729C00327500,unusual_volume,C,327.5,2026-07-29,5,0-7,-0.017,ATM,6005,853,4443700,4248537,333.02,,WEEKLY_EXPIRY|PROBABLE_MULTI_LEG(5)|EARNINGS_DATE_UNCHECKED
2026-07-24,AAPL,AAPL260729C00330000,unusual_volume,C,330.0,2026-07-29,5,0-7,-0.009,ATM,5454,1710,3108780,3067875,333.02,,WEEKLY_EXPIRY|PROBABLE_MULTI_LEG(4)|EARNINGS_DATE_UNCHECKED
2026-07-24,AAPL,AAPL260729C00332500,unusual_volume,C,332.5,2026-07-29,5,0-7,-0.002,ATM,5052,389,2147100,2109210,333.02,,WEEKLY_EXPIRY|PROBABLE_MULTI_LEG(5)|EARNINGS_DATE_UNCHECKED
2026-07-24,AAPL,AAPL260729C00335000,unusual_volume,C,335.0,2026-07-29,5,0-7,0.006,ATM,5227,765,1531511,1523670,333.02,,WEEKLY_EXPIRY|PROBABLE_MULTI_LEG(5)|EARNINGS_DATE_UNCHECKED
2026-07-24,AAPL,AAPL260729C00337500,unusual_volume,C,337.5,2026-07-29,5,0-7,0.013,ATM,5500,328,1155000,1155000,333.02,,WEEKLY_EXPIRY|PROBABLE_MULTI_LEG(4)|EARNINGS_DATE_UNCHECKED
2026-07-24,AAPL,AAPL260729C00340000,unusual_volume,C,340.0,2026-07-29,5,0-7,0.021,ATM,13843,1390,1827276,1917255,333.02,,WEEKLY_EXPIRY|PROBABLE_MULTI_LEG(3)|EARNINGS_DATE_UNCHECKED
2026-07-24,AAPL,AAPL260729P00320000,unusual_volume,P,320.0,2026-07-29,5,0-7,0.039,ATM,9351,1150,551709,533007,333.02,,WEEKLY_EXPIRY|PROBABLE_MULTI_LEG(3)|EARNINGS_DATE_UNCHECKED
2026-07-24,AAPL,AAPL260729P00322500,unusual_volume,P,322.5,2026-07-29,5,0-7,0.032,ATM,4855,169,398110,405392,333.02,,WEEKLY_EXPIRY|PROBABLE_MULTI_LEG(4)|EARNINGS_DATE_UNCHECKED
2026-07-24,AAPL,AAPL260729P00325000,unusual_volume,P,325.0,2026-07-29,5,0-7,0.024,ATM,7238,833,904750,893892,333.02,,WEEKLY_EXPIRY|PROBABLE_MULTI_LEG(2)|EARNINGS_DATE_UNCHECKED
2026-07-24,AAPL,AAPL260729P00327500,unusual_volume,P,327.5,2026-07-29,5,0-7,0.017,ATM,3191,217,571189,544065,333.02,,WEEKLY_EXPIRY|PROBABLE_MULTI_LEG(8)|EARNINGS_DATE_UNCHECKED
2026-07-24,AAPL,AAPL260729P00330000,unusual_volume,P,330.0,2026-07-29,5,0-7,0.009,ATM,6556,279,1639000,1704560,333.02,,WEEKLY_EXPIRY|PROBABLE_MULTI_LEG(3)|EARNINGS_DATE_UNCHECKED
2026-07-24,AAPL,AAPL260729P00332500,unusual_volume,P,332.5,2026-07-29,5,0-7,0.002,ATM,4273,92,1538280,1516915,333.02,,WEEKLY_EXPIRY|PROBABLE_MULTI_LEG(5)|EARNINGS_DATE_UNCHECKED
2026-07-24,AAPL,AAPL260729P00335000,unusual_volume,P,335.0,2026-07-29,5,0-7,-0.006,ATM,716,108,343680,350840,333.02,,WEEKLY_EXPIRY|PROBABLE_MULTI_LEG(14)|EARNINGS_DATE_UNCHECKED
2026-07-24,AAPL,AAPL260731C00257500,unusual_volume,C,257.5,2026-07-31,7,0-7,-0.227,ITM_15+,465,0,3496800,3525862,333.02,,WEEKLY_EXPIRY|DEEP_ITM|PROBABLE_MULTI_LEG(20)|EARNINGS_DATE_UNCHECKED
2026-07-24,AAPL,AAPL260731C00292500,unusual_volume,C,292.5,2026-07-31,7,0-7,-0.122,ITM_5-15,364,91,1480023,1494220,333.02,,WEEKLY_EXPIRY|DEEP_ITM|PROBABLE_MULTI_LEG(14)|EARNINGS_DATE_UNCHECKED
2026-07-24,AAPL,AAPL260731C00332500,unusual_volume,C,332.5,2026-07-31,7,0-7,-0.002,ATM,3163,963,2372250,2380157,333.02,,WEEKLY_EXPIRY|PROBABLE_MULTI_LEG(8)|EARNINGS_DATE_UNCHECKED
2026-07-24,AAPL,AAPL260731C00337500,unusual_volume,C,337.5,2026-07-31,7,0-7,0.013,ATM,3356,1295,1694780,1736730,333.02,,WEEKLY_EXPIRY|PROBABLE_MULTI_LEG(5)|EARNINGS_DATE_UNCHECKED
2026-07-24,AAPL,AAPL260731C00340000,unusual_volume,C,340.0,2026-07-31,7,0-7,0.021,ATM,13199,5218,5490784,5510582,333.02,,WEEKLY_EXPIRY|PROBABLE_MULTI_LEG(4)|EARNINGS_DATE_UNCHECKED
2026-07-24,AAPL,AAPL260731C00347500,unusual_volume,C,347.5,2026-07-31,7,0-7,0.043,ATM,3900,254,799499,801450,333.02,,WEEKLY_EXPIRY|PROBABLE_MULTI_LEG(4)|EARNINGS_DATE_UNCHECKED
2026-07-24,AAPL,AAPL260731P00317500,unusual_volume,P,317.5,2026-07-31,7,0-7,0.047,ATM,1357,438,290398,282256,333.02,,WEEKLY_EXPIRY|PROBABLE_MULTI_LEG(8)|EARNINGS_DATE_UNCHECKED
2026-07-24,AAPL,AAPL260731P00322500,unusual_volume,P,322.5,2026-07-31,7,0-7,0.032,ATM,996,397,316728,316230,333.02,,WEEKLY_EXPIRY|PROBABLE_MULTI_LEG(14)|EARNINGS_DATE_UNCHECKED
2026-07-24,AAPL,AAPL260731P00325000,unusual_volume,P,325.0,2026-07-31,7,0-7,0.024,ATM,4353,1618,1706375,1697670,333.02,,WEEKLY_EXPIRY|PROBABLE_MULTI_LEG(5)|EARNINGS_DATE_UNCHECKED
2026-07-24,AAPL,AAPL260731P00332500,unusual_volume,P,332.5,2026-07-31,7,0-7,0.002,ATM,1894,440,1287920,1278450,333.02,,WEEKLY_EXPIRY|PROBABLE_MULTI_LEG(5)|EARNINGS_DATE_UNCHECKED
2026-07-24,AAPL,AAPL260731P00337500,unusual_volume,P,337.5,2026-07-31,7,0-7,-0.013,ATM,484,89,444796,457379,333.02,,WEEKLY_EXPIRY|PROBABLE_MULTI_LEG(21)|EARNINGS_DATE_UNCHECKED
2026-07-24,AAPL,AAPL260731P00345000,unusual_volume,P,345.0,2026-07-31,7,0-7,-0.036,ATM,551,93,823744,793440,333.02,,WEEKLY_EXPIRY|PROBABLE_MULTI_LEG(15)|EARNINGS_DATE_UNCHECKED
2026-07-24,AAPL,AAPL260731P00350000,unusual_volume,P,350.0,2026-07-31,7,0-7,-0.051,ITM_5-15,371,23,681898,687277,333.02,,WEEKLY_EXPIRY|PROBABLE_MULTI_LEG(14)|EARNINGS_DATE_UNCHECKED
2026-07-24,AAPL,AAPL260807P00332500,unusual_volume,P,332.5,2026-08-07,14,8-30,0.002,ATM,258,32,207690,205754,333.02,,WEEKLY_EXPIRY|PROBABLE_MULTI_LEG(19)|EARNINGS_DATE_UNCHECKED
2026-07-24,AAPL,AAPL260821C00332500,unusual_volume,C,332.5,2026-08-21,28,8-30,-0.002,ATM,1166,327,1300090,1335070,333.02,LAST_OUTSIDE_QUOTE,MONTHLY_EXPIRY|PROBABLE_MULTI_LEG(10)|EARNINGS_DATE_UNCHECKED
2026-07-24,AAPL,AAPL260821P00332500,unusual_volume,P,332.5,2026-08-21,28,8-30,0.002,ATM,565,155,577995,574887,333.02,,MONTHLY_EXPIRY|PROBABLE_MULTI_LEG(12)|EARNINGS_DATE_UNCHECKED
2026-07-24,AAPL,AAPL260828C00360000,unusual_volume,C,360.0,2026-08-28,35,31-90,0.081,OTM_5-15,2296,735,711760,701428,333.02,,WEEKLY_EXPIRY|PROBABLE_MULTI_LEG(8)|EARNINGS_DATE_UNCHECKED
2026-07-24,AAPL,AAPL260918P00330000,unusual_volume,P,330.0,2026-09-18,56,31-90,0.009,ATM,6038,1483,7547500,7592784,333.02,,QUARTERLY_EXPIRY|PROBABLE_MULTI_LEG(5)|EARNINGS_DATE_UNCHECKED
2026-07-24,AAPL,AAPL261016P00350000,unusual_volume,P,350.0,2026-10-16,84,31-90,-0.051,ITM_5-15,474,83,1227186,1243065,333.02,,MONTHLY_EXPIRY|PROBABLE_MULTI_LEG(18)|EARNINGS_DATE_UNCHECKED
2026-07-24,AAPL,AAPL270219C00410000,unusual_volume,C,410.0,2027-02-19,210,91+,0.231,OTM_15+,1141,203,845481,844340,333.02,,MONTHLY_EXPIRY|PROBABLE_MULTI_LEG(10)|EARNINGS_DATE_UNCHECKED
2026-07-24,AAPL,AAPL270219C00500000,unusual_volume,C,500.0,2027-02-19,210,91+,0.501,OTM_15+,2198,22,230790,239581,333.02,,MONTHLY_EXPIRY|PROBABLE_MULTI_LEG(9)|EARNINGS_DATE_UNCHECKED
2026-07-24,ASML,ASML260724C01740000,unusual_volume,C,1740.0,2026-07-24,0,0-7,-0.01,ATM,313,52,353690,563400,1757.09,WIDE_MARKET|LAST_OUTSIDE_QUOTE,NEAR_EXPIRY|WEEKLY_EXPIRY|PROBABLE_MULTI_LEG(5)|EARNINGS_DATE_UNCHECKED
2026-07-24,ASML,ASML260724C01750000,unusual_volume,C,1750.0,2026-07-24,0,0-7,-0.004,ATM,304,87,304000,290320,1757.09,WIDE_MARKET,NEAR_EXPIRY|WEEKLY_EXPIRY|PROBABLE_MULTI_LEG(6)|EARNINGS_DATE_UNCHECKED
2026-07-24,ASML,ASML260724C01815000,unusual_volume,C,1815.0,2026-07-24,0,0-7,0.033,ATM,464,132,18096,232000,1757.09,WIDE_MARKET,NEAR_EXPIRY|WEEKLY_EXPIRY|EARNINGS_DATE_UNCHECKED
2026-07-24,ASML,ASML260724P01750000,unusual_volume,P,1750.0,2026-07-24,0,0-7,0.004,ATM,708,163,412056,237180,1757.09,WIDE_MARKET|LAST_OUTSIDE_QUOTE,NEAR_EXPIRY|WEEKLY_EXPIRY|EARNINGS_DATE_UNCHECKED
2026-07-24,ASML,ASML260731C01830000,unusual_volume,C,1830.0,2026-07-31,7,0-7,0.041,ATM,313,17,949955,957780,1757.09,,WEEKLY_EXPIRY|PROBABLE_MULTI_LEG(5)|EARNINGS_DATE_UNCHECKED
2026-07-24,ASML,ASML260731C01880000,unusual_volume,C,1880.0,2026-07-31,7,0-7,0.07,OTM_5-15,293,25,527400,501030,1757.09,WIDE_MARKET,WEEKLY_EXPIRY|PROBABLE_MULTI_LEG(3)|EARNINGS_DATE_UNCHECKED
2026-07-24,ASML,ASML260731C01950000,unusual_volume,C,1950.0,2026-07-31,7,0-7,0.11,OTM_5-15,274,49,191800,220570,1757.09,WIDE_MARKET,WEEKLY_EXPIRY|EARNINGS_DATE_UNCHECKED
2026-07-24,COST,COST260724C00927500,unusual_volume,C,927.5,2026-07-24,0,0-7,-0.008,ATM,388,91,306520,332710,935.03,WIDE_MARKET,NEAR_EXPIRY|WEEKLY_EXPIRY|PROBABLE_MULTI_LEG(9)|EARNINGS_DATE_UNCHECKED
2026-07-24,COST,COST260724C00930000,unusual_volume,C,930.0,2026-07-24,0,0-7,-0.005,ATM,655,243,345840,350424,935.03,WIDE_MARKET,NEAR_EXPIRY|WEEKLY_EXPIRY|PROBABLE_MULTI_LEG(5)|EARNINGS_DATE_UNCHECKED
2026-07-24,COST,COST261016P00850000,unusual_volume,P,850.0,2026-10-16,84,31-90,0.091,OTM_5-15,269,3,281105,262275,935.03,,MONTHLY_EXPIRY|PROBABLE_MULTI_LEG(5)|EARNINGS_DATE_UNCHECKED
2026-07-24,GOOGL,GOOGL260727C00315000,unusual_volume,C,315.0,2026-07-27,3,0-7,-0.015,ATM,1277,387,734275,711927,319.74,,NEAR_EXPIRY|WEEKLY_EXPIRY|PROBABLE_MULTI_LEG(7)|EARNINGS_DATE_UNCHECKED
2026-07-24,GOOGL,GOOGL260727C00317500,unusual_volume,C,317.5,2026-07-27,3,0-7,-0.007,ATM,1730,166,700650,661724,319.74,,NEAR_EXPIRY|WEEKLY_EXPIRY|PROBABLE_MULTI_LEG(7)|EARNINGS_DATE_UNCHECKED
2026-07-24,GOOGL,GOOGL260727C00320000,unusual_volume,C,320.0,2026-07-27,3,0-7,0.001,ATM,6852,1000,1706148,1675314,319.74,,NEAR_EXPIRY|WEEKLY_EXPIRY|EARNINGS_DATE_UNCHECKED
2026-07-24,GOOGL,GOOGL260727C00322500,unusual_volume,C,322.5,2026-07-27,3,0-7,0.009,ATM,5713,556,856950,856950,319.74,,NEAR_EXPIRY|WEEKLY_EXPIRY|PROBABLE_MULTI_LEG(4)|EARNINGS_DATE_UNCHECKED
2026-07-24,GOOGL,GOOGL260727C00325000,unusual_volume,C,325.0,2026-07-27,3,0-7,0.016,ATM,7472,1488,612704,650064,319.74,WIDE_MARKET,NEAR_EXPIRY|WEEKLY_EXPIRY|EARNINGS_DATE_UNCHECKED
2026-07-24,GOOGL,GOOGL260727P00315000,unusual_volume,P,315.0,2026-07-27,3,0-7,0.015,ATM,2983,1087,259521,274435,319.74,,NEAR_EXPIRY|WEEKLY_EXPIRY|PROBABLE_MULTI_LEG(3)|EARNINGS_DATE_UNCHECKED
2026-07-24,GOOGL,GOOGL260727P00317500,unusual_volume,P,317.5,2026-07-27,3,0-7,0.007,ATM,3080,270,505120,511280,319.74,,NEAR_EXPIRY|WEEKLY_EXPIRY|PROBABLE_MULTI_LEG(2)|EARNINGS_DATE_UNCHECKED
2026-07-24,GOOGL,GOOGL260727P00320000,unusual_volume,P,320.0,2026-07-27,3,0-7,-0.001,ATM,2759,969,725617,713201,319.74,,NEAR_EXPIRY|WEEKLY_EXPIRY|PROBABLE_MULTI_LEG(5)|EARNINGS_DATE_UNCHECKED
2026-07-24,GOOGL,GOOGL260727P00322500,unusual_volume,P,322.5,2026-07-27,3,0-7,-0.009,ATM,807,130,321993,347010,319.74,,NEAR_EXPIRY|WEEKLY_EXPIRY|PROBABLE_MULTI_LEG(14)|EARNINGS_DATE_UNCHECKED
2026-07-24,GOOGL,GOOGL260727P00325000,unusual_volume,P,325.0,2026-07-27,3,0-7,-0.016,ATM,1350,499,850500,826875,319.74,,NEAR_EXPIRY|WEEKLY_EXPIRY|PROBABLE_MULTI_LEG(7)|EARNINGS_DATE_UNCHECKED
2026-07-24,GOOGL,GOOGL260729C00315000,unusual_volume,C,315.0,2026-07-29,5,0-7,-0.015,ATM,374,124,271150,267410,319.74,,WEEKLY_EXPIRY|PROBABLE_MULTI_LEG(17)|EARNINGS_DATE_UNCHECKED
2026-07-24,GOOGL,GOOGL260729C00325000,unusual_volume,C,325.0,2026-07-29,5,0-7,0.016,ATM,2110,304,485300,516950,319.74,,WEEKLY_EXPIRY|PROBABLE_MULTI_LEG(12)|EARNINGS_DATE_UNCHECKED
2026-07-24,GOOGL,GOOGL260729P00315000,unusual_volume,P,315.0,2026-07-29,5,0-7,0.015,ATM,847,199,210903,214714,319.74,,WEEKLY_EXPIRY|PROBABLE_MULTI_LEG(8)|EARNINGS_DATE_UNCHECKED
2026-07-24,GOOGL,GOOGL260731C00322500,unusual_volume,C,322.5,2026-07-31,7,0-7,0.009,ATM,1062,202,470466,469934,319.74,,WEEKLY_EXPIRY|PROBABLE_MULTI_LEG(7)|EARNINGS_DATE_UNCHECKED
2026-07-24,GOOGL,GOOGL260731C00330000,unusual_volume,C,330.0,2026-07-31,7,0-7,0.032,ATM,12136,1355,2475744,2457540,319.74,,WEEKLY_EXPIRY|EARNINGS_DATE_UNCHECKED
2026-07-24,GOOGL,GOOGL260803C00317500,unusual_volume,C,317.5,2026-08-03,10,8-30,-0.007,ATM,319,0,236060,241642,319.74,,WEEKLY_EXPIRY|PROBABLE_MULTI_LEG(19)|EARNINGS_DATE_UNCHECKED
2026-07-24,GOOGL,GOOGL260803C00330000,unusual_volume,C,330.0,2026-08-03,10,8-30,0.032,ATM,860,284,215000,219729,319.74,WIDE_MARKET,WEEKLY_EXPIRY|PROBABLE_MULTI_LEG(7)|EARNINGS_DATE_UNCHECKED
2026-07-24,GOOGL,GOOGL260805P00320000,unusual_volume,P,320.0,2026-08-05,12,8-30,-0.001,ATM,338,23,252486,231529,319.74,,WEEKLY_EXPIRY|PROBABLE_MULTI_LEG(18)|EARNINGS_DATE_UNCHECKED
2026-07-24,GOOGL,GOOGL260828C00335000,unusual_volume,C,335.0,2026-08-28,35,31-90,0.048,ATM,429,127,287430,272414,319.74,,WEEKLY_EXPIRY|PROBABLE_MULTI_LEG(19)|EARNINGS_DATE_UNCHECKED
2026-07-24,ISRG,ISRG260918P00460000,unusual_volume,P,460.0,2026-09-18,56,31-90,-0.363,ITM_15+,407,138,4961330,4983715,337.5,,QUARTERLY_EXPIRY|DEEP_ITM|EARNINGS_DATE_UNCHECKED
2026-07-24,ISRG,ISRG261218P00560000,unusual_volume,P,560.0,2026-12-18,147,91+,-0.659,ITM_15+,276,94,6129960,6141000,337.5,,QUARTERLY_EXPIRY|DEEP_ITM|EARNINGS_DATE_UNCHECKED
2026-07-24,LULU,LULU260918P00220000,unusual_volume,P,220.0,2026-09-18,56,31-90,-0.925,ITM_15+,256,85,2690560,2696320,114.28,,QUARTERLY_EXPIRY|DEEP_ITM|PROBABLE_MULTI_LEG(2)|EARNINGS_DATE_UNCHECKED
2026-07-24,LULU,LULU261218P00350000,unusual_volume,P,350.0,2026-12-18,147,91+,-2.063,ITM_15+,2662,637,62583619,62616894,114.28,,QUARTERLY_EXPIRY|DEEP_ITM|EARNINGS_DATE_UNCHECKED
2026-07-24,LULU,LULU270115P00280000,unusual_volume,P,280.0,2027-01-15,175,91+,-1.45,ITM_15+,318,106,5258130,5260515,114.28,,MONTHLY_EXPIRY|DEEP_ITM|EARNINGS_DATE_UNCHECKED
2026-07-24,MA,MA260731C00525000,unusual_volume,C,525.0,2026-07-31,7,0-7,-0.027,ATM,314,36,554838,623290,539.66,,WEEKLY_EXPIRY|PROBABLE_MULTI_LEG(2)|EARNINGS_DATE_UNCHECKED
2026-07-24,MA,MA260918C00545000,unusual_volume,C,545.0,2026-09-18,56,31-90,0.01,ATM,329,75,628390,659645,539.66,,QUARTERLY_EXPIRY|PROBABLE_MULTI_LEG(3)|EARNINGS_DATE_UNCHECKED
2026-07-24,MCO,MCO260821C00540000,oi_build,C,540.0,2026-08-21,28,8-30,0.145,OTM_5-15,0,3799,0,0,471.5,WIDE_MARKET|STALE_LAST,MONTHLY_EXPIRY|EARNINGS_DATE_UNCHECKED
2026-07-24,MCO,MCO260918P00450000,unusual_volume,P,450.0,2026-09-18,56,31-90,0.046,ATM,200,1,217800,216000,471.5,,QUARTERLY_EXPIRY|EARNINGS_DATE_UNCHECKED
2026-07-24,MSFT,MSFT260727C00370000,unusual_volume,C,370.0,2026-07-27,3,0-7,-0.031,ATM,681,249,892110,864869,381.7,,NEAR_EXPIRY|WEEKLY_EXPIRY|PROBABLE_MULTI_LEG(11)|EARNINGS_DATE_UNCHECKED
2026-07-24,MSFT,MSFT260727C00372500,unusual_volume,C,372.5,2026-07-27,3,0-7,-0.024,ATM,579,64,570315,570315,381.7,,NEAR_EXPIRY|WEEKLY_EXPIRY|PROBABLE_MULTI_LEG(7)|EARNINGS_DATE_UNCHECKED
2026-07-24,MSFT,MSFT260727C00377500,unusual_volume,C,377.5,2026-07-27,3,0-7,-0.011,ATM,940,68,557420,549900,381.7,,NEAR_EXPIRY|WEEKLY_EXPIRY|PROBABLE_MULTI_LEG(5)|EARNINGS_DATE_UNCHECKED
2026-07-24,MSFT,MSFT260727C00380000,unusual_volume,C,380.0,2026-07-27,3,0-7,-0.004,ATM,3027,1073,1304637,1263772,381.7,,NEAR_EXPIRY|WEEKLY_EXPIRY|PROBABLE_MULTI_LEG(2)|EARNINGS_DATE_UNCHECKED
2026-07-24,MSFT,MSFT260727C00382500,unusual_volume,C,382.5,2026-07-27,3,0-7,0.002,ATM,3213,430,931769,915704,381.7,,NEAR_EXPIRY|WEEKLY_EXPIRY|PROBABLE_MULTI_LEG(3)|EARNINGS_DATE_UNCHECKED
2026-07-24,MSFT,MSFT260727C00385000,unusual_volume,C,385.0,2026-07-27,3,0-7,0.009,ATM,9881,1143,1778580,1758818,381.7,,NEAR_EXPIRY|WEEKLY_EXPIRY|PROBABLE_MULTI_LEG(2)|EARNINGS_DATE_UNCHECKED
2026-07-24,MSFT,MSFT260727C00387500,unusual_volume,C,387.5,2026-07-27,3,0-7,0.015,ATM,15852,796,1664460,1767498,381.7,,NEAR_EXPIRY|WEEKLY_EXPIRY|EARNINGS_DATE_UNCHECKED
2026-07-24,MSFT,MSFT260727C00390000,unusual_volume,C,390.0,2026-07-27,3,0-7,0.022,ATM,10236,1859,614160,603924,381.7,,NEAR_EXPIRY|WEEKLY_EXPIRY|PROBABLE_MULTI_LEG(2)|EARNINGS_DATE_UNCHECKED
2026-07-24,MSFT,MSFT260727P00377500,unusual_volume,P,377.5,2026-07-27,3,0-7,0.011,ATM,1635,270,286125,277950,381.7,,NEAR_EXPIRY|WEEKLY_EXPIRY|PROBABLE_MULTI_LEG(8)|EARNINGS_DATE_UNCHECKED
2026-07-24,MSFT,MSFT260727P00380000,unusual_volume,P,380.0,2026-07-27,3,0-7,0.004,ATM,5280,1391,1314720,1275120,381.7,,NEAR_EXPIRY|WEEKLY_EXPIRY|PROBABLE_MULTI_LEG(4)|EARNINGS_DATE_UNCHECKED
2026-07-24,MSFT,MSFT260727P00382500,unusual_volume,P,382.5,2026-07-27,3,0-7,-0.002,ATM,1715,170,643125,621687,381.7,,NEAR_EXPIRY|WEEKLY_EXPIRY|PROBABLE_MULTI_LEG(7)|EARNINGS_DATE_UNCHECKED
2026-07-24,MSFT,MSFT260727P00385000,unusual_volume,P,385.0,2026-07-27,3,0-7,-0.009,ATM,1761,383,906915,898109,381.7,,NEAR_EXPIRY|WEEKLY_EXPIRY|PROBABLE_MULTI_LEG(6)|EARNINGS_DATE_UNCHECKED
2026-07-24,MSFT,MSFT260727P00402500,unusual_volume,P,402.5,2026-07-27,3,0-7,-0.054,ITM_5-15,310,65,564820,637825,381.7,LAST_OUTSIDE_QUOTE,NEAR_EXPIRY|WEEKLY_EXPIRY|PROBABLE_MULTI_LEG(12)|EARNINGS_DATE_UNCHECKED
2026-07-24,MSFT,MSFT260727P00405000,unusual_volume,P,405.0,2026-07-27,3,0-7,-0.061,ITM_5-15,280,72,615440,648900,381.7,,NEAR_EXPIRY|WEEKLY_EXPIRY|PROBABLE_MULTI_LEG(13)|EARNINGS_DATE_UNCHECKED
2026-07-24,MSFT,MSFT260731P00382500,unusual_volume,P,382.5,2026-07-31,7,0-7,-0.002,ATM,2386,530,3371418,3346365,381.7,,WEEKLY_EXPIRY|PROBABLE_MULTI_LEG(5)|EARNINGS_DATE_UNCHECKED
2026-07-24,MSFT,MSFT260803P00382500,unusual_volume,P,382.5,2026-08-03,10,8-30,-0.002,ATM,1618,69,2333156,2329920,381.7,,WEEKLY_EXPIRY|PROBABLE_MULTI_LEG(6)|EARNINGS_DATE_UNCHECKED
2026-07-24,MSFT,MSFT260805C00385000,unusual_volume,C,385.0,2026-08-05,12,8-30,0.009,ATM,389,23,579610,523204,381.7,LAST_OUTSIDE_QUOTE,WEEKLY_EXPIRY|PROBABLE_MULTI_LEG(9)|EARNINGS_DATE_UNCHECKED
2026-07-24,MSFT,MSFT260805C00387500,unusual_volume,C,387.5,2026-08-05,12,8-30,0.015,ATM,657,28,893519,822892,381.7,LAST_OUTSIDE_QUOTE,WEEKLY_EXPIRY|PROBABLE_MULTI_LEG(11)|EARNINGS_DATE_UNCHECKED
2026-07-24,MSFT,MSFT260805C00390000,unusual_volume,C,390.0,2026-08-05,12,8-30,0.022,ATM,690,95,828000,783150,381.7,LAST_OUTSIDE_QUOTE,WEEKLY_EXPIRY|PROBABLE_MULTI_LEG(11)|EARNINGS_DATE_UNCHECKED
2026-07-24,MSFT,MSFT260807C00385000,unusual_volume,C,385.0,2026-08-07,14,8-30,0.009,ATM,1450,505,2160500,2044500,381.7,LAST_OUTSIDE_QUOTE,WEEKLY_EXPIRY|PROBABLE_MULTI_LEG(4)|EARNINGS_DATE_UNCHECKED
2026-07-24,MSFT,MSFT260807C00387500,unusual_volume,C,387.5,2026-08-07,14,8-30,0.015,ATM,629,42,904502,834997,381.7,LAST_OUTSIDE_QUOTE,WEEKLY_EXPIRY|PROBABLE_MULTI_LEG(11)|EARNINGS_DATE_UNCHECKED
2026-07-24,MSFT,MSFT260807C00455000,unusual_volume,C,455.0,2026-08-07,14,8-30,0.192,OTM_15+,2552,681,255200,246267,381.7,WIDE_MARKET,WEEKLY_EXPIRY|PROBABLE_MULTI_LEG(3)|EARNINGS_DATE_UNCHECKED
2026-07-24,MSFT,MSFT260821P00382500,unusual_volume,P,382.5,2026-08-21,28,8-30,-0.002,ATM,336,125,604800,615720,381.7,LAST_OUTSIDE_QUOTE,MONTHLY_EXPIRY|PROBABLE_MULTI_LEG(13)|EARNINGS_DATE_UNCHECKED
2026-07-24,NVDA,NVDA260727C00170000,unusual_volume,C,170.0,2026-07-27,3,0-7,-0.178,ITM_15+,259,30,1040143,945997,206.84,LAST_OUTSIDE_QUOTE,NEAR_EXPIRY|WEEKLY_EXPIRY|DEEP_ITM|PROBABLE_MULTI_LEG(31)|EARNINGS_DATE_UNCHECKED
2026-07-24,NVDA,NVDA260727C00175000,unusual_volume,C,175.0,2026-07-27,3,0-7,-0.154,ITM_15+,273,23,840020,861315,206.84,,NEAR_EXPIRY|WEEKLY_EXPIRY|DEEP_ITM|PROBABLE_MULTI_LEG(28)|EARNINGS_DATE_UNCHECKED
2026-07-24,NVDA,NVDA260727C00187500,unusual_volume,C,187.5,2026-07-27,3,0-7,-0.094,ITM_5-15,372,78,690432,715170,206.84,WIDE_MARKET,NEAR_EXPIRY|WEEKLY_EXPIRY|DEEP_ITM|PROBABLE_MULTI_LEG(14)|EARNINGS_DATE_UNCHECKED
2026-07-24,NVDA,NVDA260727C00190000,unusual_volume,C,190.0,2026-07-27,3,0-7,-0.081,ITM_5-15,1163,128,1967796,1988730,206.84,LAST_OUTSIDE_QUOTE,NEAR_EXPIRY|WEEKLY_EXPIRY|DEEP_ITM|PROBABLE_MULTI_LEG(11)|EARNINGS_DATE_UNCHECKED
2026-07-24,NVDA,NVDA260727C00192500,unusual_volume,C,192.5,2026-07-27,3,0-7,-0.069,ITM_5-15,3896,262,5668680,5756340,206.84,,NEAR_EXPIRY|WEEKLY_EXPIRY|PROBABLE_MULTI_LEG(7)|EARNINGS_DATE_UNCHECKED
2026-07-24,NVDA,NVDA260727C00197500,unusual_volume,C,197.5,2026-07-27,3,0-7,-0.045,ATM,11640,1063,11290799,11290799,206.84,,NEAR_EXPIRY|WEEKLY_EXPIRY|PROBABLE_MULTI_LEG(6)|EARNINGS_DATE_UNCHECKED
2026-07-24,NVDA,NVDA260727C00200000,unusual_volume,C,200.0,2026-07-27,3,0-7,-0.033,ATM,11597,509,8407825,8581780,206.84,LAST_OUTSIDE_QUOTE,NEAR_EXPIRY|WEEKLY_EXPIRY|PROBABLE_MULTI_LEG(6)|EARNINGS_DATE_UNCHECKED
2026-07-24,NVDA,NVDA260727C00202500,unusual_volume,C,202.5,2026-07-27,3,0-7,-0.021,ATM,2969,439,1558725,1543880,206.84,,NEAR_EXPIRY|WEEKLY_EXPIRY|PROBABLE_MULTI_LEG(7)|EARNINGS_DATE_UNCHECKED
2026-07-24,NVDA,NVDA260727C00205000,unusual_volume,C,205.0,2026-07-27,3,0-7,-0.009,ATM,13717,1684,4526610,4526610,206.84,,NEAR_EXPIRY|WEEKLY_EXPIRY|EARNINGS_DATE_UNCHECKED
2026-07-24,NVDA,NVDA260727C00207500,unusual_volume,C,207.5,2026-07-27,3,0-7,0.003,ATM,42242,2236,7730286,7624681,206.84,,NEAR_EXPIRY|WEEKLY_EXPIRY|PROBABLE_MULTI_LEG(2)|EARNINGS_DATE_UNCHECKED
2026-07-24,NVDA,NVDA260727C00210000,unusual_volume,C,210.0,2026-07-27,3,0-7,0.015,ATM,80635,10031,6853975,6733022,206.84,,NEAR_EXPIRY|WEEKLY_EXPIRY|EARNINGS_DATE_UNCHECKED
2026-07-24,NVDA,NVDA260727C00212500,unusual_volume,C,212.5,2026-07-27,3,0-7,0.027,ATM,59558,7181,2084530,2024971,206.84,,NEAR_EXPIRY|WEEKLY_EXPIRY|PROBABLE_MULTI_LEG(2)|EARNINGS_DATE_UNCHECKED
2026-07-24,NVDA,NVDA260727C00215000,unusual_volume,C,215.0,2026-07-27,3,0-7,0.039,ATM,63494,7977,825422,825422,206.84,,NEAR_EXPIRY|WEEKLY_EXPIRY|EARNINGS_DATE_UNCHECKED
2026-07-24,NVDA,NVDA260727P00197500,unusual_volume,P,197.5,2026-07-27,3,0-7,0.045,ATM,12454,1779,311350,298896,206.84,,NEAR_EXPIRY|WEEKLY_EXPIRY|PROBABLE_MULTI_LEG(5)|EARNINGS_DATE_UNCHECKED
2026-07-24,NVDA,NVDA260727P00200000,unusual_volume,P,200.0,2026-07-27,3,0-7,0.033,ATM,43606,13243,1787846,1831452,206.84,,NEAR_EXPIRY|WEEKLY_EXPIRY|PROBABLE_MULTI_LEG(2)|EARNINGS_DATE_UNCHECKED
2026-07-24,NVDA,NVDA260727P00202500,unusual_volume,P,202.5,2026-07-27,3,0-7,0.021,ATM,25879,9329,1966804,1902106,206.84,,NEAR_EXPIRY|WEEKLY_EXPIRY|EARNINGS_DATE_UNCHECKED
2026-07-24,NVDA,NVDA260727P00205000,unusual_volume,P,205.0,2026-07-27,3,0-7,0.009,ATM,58953,6752,7899702,7870225,206.84,,NEAR_EXPIRY|WEEKLY_EXPIRY|PROBABLE_MULTI_LEG(2)|EARNINGS_DATE_UNCHECKED
2026-07-24,NVDA,NVDA260727P00207500,unusual_volume,P,207.5,2026-07-27,3,0-7,-0.003,ATM,28194,2869,6738366,6611492,206.84,LAST_OUTSIDE_QUOTE,NEAR_EXPIRY|WEEKLY_EXPIRY|PROBABLE_MULTI_LEG(3)|EARNINGS_DATE_UNCHECKED
2026-07-24,NVDA,NVDA260727P00212500,unusual_volume,P,212.5,2026-07-27,3,0-7,-0.027,ATM,3981,982,2308980,2338837,206.84,,NEAR_EXPIRY|WEEKLY_EXPIRY|PROBABLE_MULTI_LEG(8)|EARNINGS_DATE_UNCHECKED
2026-07-24,NVDA,NVDA260727P00215000,unusual_volume,P,215.0,2026-07-27,3,0-7,-0.039,ATM,5452,661,4481544,4443380,206.84,,NEAR_EXPIRY|WEEKLY_EXPIRY|PROBABLE_MULTI_LEG(10)|EARNINGS_DATE_UNCHECKED
2026-07-24,NVDA,NVDA260727P00217500,unusual_volume,P,217.5,2026-07-27,3,0-7,-0.052,ITM_5-15,2450,411,2668050,2701124,206.84,,NEAR_EXPIRY|WEEKLY_EXPIRY|PROBABLE_MULTI_LEG(8)|EARNINGS_DATE_UNCHECKED
2026-07-24,NVDA,NVDA260727P00220000,unusual_volume,P,220.0,2026-07-27,3,0-7,-0.064,ITM_5-15,5469,352,7711289,7096027,206.84,LAST_OUTSIDE_QUOTE,NEAR_EXPIRY|WEEKLY_EXPIRY|PROBABLE_MULTI_LEG(10)|EARNINGS_DATE_UNCHECKED
2026-07-24,NVDA,NVDA260727P00222500,unusual_volume,P,222.5,2026-07-27,3,0-7,-0.076,ITM_5-15,1514,38,2445110,2422400,206.84,,NEAR_EXPIRY|WEEKLY_EXPIRY|DEEP_ITM|PROBABLE_MULTI_LEG(18)|EARNINGS_DATE_UNCHECKED
2026-07-24,NVDA,NVDA260727P00225000,unusual_volume,P,225.0,2026-07-27,3,0-7,-0.088,ITM_5-15,1298,1,2532398,2339644,206.84,LAST_OUTSIDE_QUOTE,NEAR_EXPIRY|WEEKLY_EXPIRY|DEEP_ITM|PROBABLE_MULTI_LEG(10)|EARNINGS_DATE_UNCHECKED
2026-07-24,NVDA,NVDA260727P00227500,unusual_volume,P,227.5,2026-07-27,3,0-7,-0.1,ITM_5-15,652,0,1420056,1375720,206.84,,NEAR_EXPIRY|WEEKLY_EXPIRY|DEEP_ITM|PROBABLE_MULTI_LEG(17)|EARNINGS_DATE_UNCHECKED
2026-07-24,NVDA,NVDA260727P00230000,unusual_volume,P,230.0,2026-07-27,3,0-7,-0.112,ITM_5-15,318,0,788321,730605,206.84,LAST_OUTSIDE_QUOTE,NEAR_EXPIRY|WEEKLY_EXPIRY|DEEP_ITM|PROBABLE_MULTI_LEG(26)|EARNINGS_DATE_UNCHECKED
2026-07-24,NVDA,NVDA260727P00232500,unusual_volume,P,232.5,2026-07-27,3,0-7,-0.124,ITM_5-15,268,0,727620,684740,206.84,LAST_OUTSIDE_QUOTE,NEAR_EXPIRY|WEEKLY_EXPIRY|DEEP_ITM|PROBABLE_MULTI_LEG(27)|EARNINGS_DATE_UNCHECKED
2026-07-24,NVDA,NVDA260729C00180000,unusual_volume,C,180.0,2026-07-29,5,0-7,-0.13,ITM_5-15,271,17,724383,748637,206.84,,WEEKLY_EXPIRY|DEEP_ITM|PROBABLE_MULTI_LEG(30)|EARNINGS_DATE_UNCHECKED
2026-07-24,NVDA,NVDA260729C00185000,unusual_volume,C,185.0,2026-07-29,5,0-7,-0.106,ITM_5-15,254,42,554736,569594,206.84,,WEEKLY_EXPIRY|DEEP_ITM|PROBABLE_MULTI_LEG(25)|EARNINGS_DATE_UNCHECKED
2026-07-24,NVDA,NVDA260729C00190000,unusual_volume,C,190.0,2026-07-29,5,0-7,-0.081,ITM_5-15,564,66,971208,974309,206.84,,WEEKLY_EXPIRY|DEEP_ITM|PROBABLE_MULTI_LEG(19)|EARNINGS_DATE_UNCHECKED
2026-07-24,NVDA,NVDA260729C00192500,unusual_volume,C,192.5,2026-07-29,5,0-7,-0.069,ITM_5-15,726,109,1011318,1081740,206.84,LAST_OUTSIDE_QUOTE,WEEKLY_EXPIRY|PROBABLE_MULTI_LEG(14)|EARNINGS_DATE_UNCHECKED
2026-07-24,NVDA,NVDA260729C00195000,unusual_volume,C,195.0,2026-07-29,5,0-7,-0.057,ITM_5-15,2319,52,2673807,2950927,206.84,LAST_OUTSIDE_QUOTE,WEEKLY_EXPIRY|PROBABLE_MULTI_LEG(8)|EARNINGS_DATE_UNCHECKED
2026-07-24,NVDA,NVDA260729C00197500,unusual_volume,C,197.5,2026-07-29,5,0-7,-0.045,ATM,2909,182,3004997,3054450,206.84,LAST_OUTSIDE_QUOTE,WEEKLY_EXPIRY|PROBABLE_MULTI_LEG(10)|EARNINGS_DATE_UNCHECKED
2026-07-24,NVDA,NVDA260729C00200000,unusual_volume,C,200.0,2026-07-29,5,0-7,-0.033,ATM,2418,236,2031120,2037165,206.84,,WEEKLY_EXPIRY|PROBABLE_MULTI_LEG(11)|EARNINGS_DATE_UNCHECKED
2026-07-24,NVDA,NVDA260729C00202500,unusual_volume,C,202.5,2026-07-29,5,0-7,-0.021,ATM,1178,238,642010,765700,206.84,LAST_OUTSIDE_QUOTE,WEEKLY_EXPIRY|PROBABLE_MULTI_LEG(11)|EARNINGS_DATE_UNCHECKED
2026-07-24,NVDA,NVDA260729C00205000,unusual_volume,C,205.0,2026-07-29,5,0-7,-0.009,ATM,2297,664,1125530,1108302,206.84,,WEEKLY_EXPIRY|PROBABLE_MULTI_LEG(8)|EARNINGS_DATE_UNCHECKED
2026-07-24,NVDA,NVDA260729C00207500,unusual_volume,C,207.5,2026-07-29,5,0-7,0.003,ATM,9460,1346,3216400,3216400,206.84,,WEEKLY_EXPIRY|PROBABLE_MULTI_LEG(6)|EARNINGS_DATE_UNCHECKED
2026-07-24,NVDA,NVDA260729C00210000,unusual_volume,C,210.0,2026-07-29,5,0-7,0.015,ATM,22114,4000,5019878,5030935,206.84,,WEEKLY_EXPIRY|PROBABLE_MULTI_LEG(2)|EARNINGS_DATE_UNCHECKED
2026-07-24,NVDA,NVDA260729C00212500,unusual_volume,C,212.5,2026-07-29,5,0-7,0.027,ATM,11677,1653,1739873,1693164,206.84,LAST_OUTSIDE_QUOTE,WEEKLY_EXPIRY|PROBABLE_MULTI_LEG(6)|EARNINGS_DATE_UNCHECKED
2026-07-24,NVDA,NVDA260729C00215000,unusual_volume,C,215.0,2026-07-29,5,0-7,0.039,ATM,9080,3586,808120,785420,206.84,,WEEKLY_EXPIRY|PROBABLE_MULTI_LEG(7)|EARNINGS_DATE_UNCHECKED
2026-07-24,NVDA,NVDA260729C00217500,unusual_volume,C,217.5,2026-07-29,5,0-7,0.052,OTM_5-15,4378,1433,214521,210144,206.84,,WEEKLY_EXPIRY|PROBABLE_MULTI_LEG(5)|EARNINGS_DATE_UNCHECKED
2026-07-24,NVDA,NVDA260729C00220000,unusual_volume,C,220.0,2026-07-29,5,0-7,0.064,OTM_5-15,12621,3568,340767,334456,206.84,,WEEKLY_EXPIRY|PROBABLE_MULTI_LEG(4)|EARNINGS_DATE_UNCHECKED
2026-07-24,NVDA,NVDA260729P00197500,unusual_volume,P,197.5,2026-07-29,5,0-7,0.045,ATM,2588,1002,253623,256212,206.84,,WEEKLY_EXPIRY|PROBABLE_MULTI_LEG(5)|EARNINGS_DATE_UNCHECKED
2026-07-24,NVDA,NVDA260729P00202500,unusual_volume,P,202.5,2026-07-29,5,0-7,0.021,ATM,2782,872,556400,552227,206.84,,WEEKLY_EXPIRY|PROBABLE_MULTI_LEG(10)|EARNINGS_DATE_UNCHECKED
2026-07-24,NVDA,NVDA260729P00207500,unusual_volume,P,207.5,2026-07-29,5,0-7,-0.003,ATM,3223,719,1240855,1248912,206.84,,WEEKLY_EXPIRY|PROBABLE_MULTI_LEG(9)|EARNINGS_DATE_UNCHECKED
2026-07-24,NVDA,NVDA260729P00210000,unusual_volume,P,210.0,2026-07-29,5,0-7,-0.015,ATM,11952,2303,6274800,6274800,206.84,,WEEKLY_EXPIRY|PROBABLE_MULTI_LEG(5)|EARNINGS_DATE_UNCHECKED
2026-07-24,NVDA,NVDA260729P00212500,unusual_volume,P,212.5,2026-07-29,5,0-7,-0.027,ATM,5252,270,3671148,3637010,206.84,,WEEKLY_EXPIRY|PROBABLE_MULTI_LEG(6)|EARNINGS_DATE_UNCHECKED
2026-07-24,NVDA,NVDA260729P00217500,unusual_volume,P,217.5,2026-07-29,5,0-7,-0.052,ITM_5-15,2872,103,3411936,3152020,206.84,LAST_OUTSIDE_QUOTE,WEEKLY_EXPIRY|PROBABLE_MULTI_LEG(11)|EARNINGS_DATE_UNCHECKED
2026-07-24,NVDA,NVDA260729P00220000,unusual_volume,P,220.0,2026-07-29,5,0-7,-0.064,ITM_5-15,1183,174,1750840,1576347,206.84,LAST_OUTSIDE_QUOTE,WEEKLY_EXPIRY|PROBABLE_MULTI_LEG(11)|EARNINGS_DATE_UNCHECKED
2026-07-24,NVDA,NVDA260729P00222500,unusual_volume,P,222.5,2026-07-29,5,0-7,-0.076,ITM_5-15,551,93,933944,874712,206.84,LAST_OUTSIDE_QUOTE,WEEKLY_EXPIRY|DEEP_ITM|PROBABLE_MULTI_LEG(19)|EARNINGS_DATE_UNCHECKED
2026-07-24,NVDA,NVDA260731C00192500,unusual_volume,C,192.5,2026-07-31,7,0-7,-0.069,ITM_5-15,1217,441,1736659,1889392,206.84,LAST_OUTSIDE_QUOTE,WEEKLY_EXPIRY|PROBABLE_MULTI_LEG(9)|EARNINGS_DATE_UNCHECKED
2026-07-24,NVDA,NVDA260731C00197500,unusual_volume,C,197.5,2026-07-31,7,0-7,-0.045,ATM,3448,643,3896240,3879000,206.84,,WEEKLY_EXPIRY|PROBABLE_MULTI_LEG(6)|EARNINGS_DATE_UNCHECKED
2026-07-24,NVDA,NVDA260731C00212500,unusual_volume,C,212.5,2026-07-31,7,0-7,0.027,ATM,48407,6346,11617680,11327237,206.84,LAST_OUTSIDE_QUOTE,WEEKLY_EXPIRY|EARNINGS_DATE_UNCHECKED
2026-07-24,NVDA,NVDA260731C00215000,unusual_volume,C,215.0,2026-07-31,7,0-7,0.039,ATM,74956,20688,11918004,11955482,206.84,,WEEKLY_EXPIRY|PROBABLE_MULTI_LEG(2)|EARNINGS_DATE_UNCHECKED
2026-07-24,NVDA,NVDA260731C00222500,unusual_volume,C,222.5,2026-07-31,7,0-7,0.076,OTM_5-15,29401,10222,1176040,1161339,206.84,,WEEKLY_EXPIRY|PROBABLE_MULTI_LEG(3)|EARNINGS_DATE_UNCHECKED
2026-07-24,NVDA,NVDA260731P00187500,unusual_volume,P,187.5,2026-07-31,7,0-7,0.094,OTM_5-15,4269,1700,243333,234795,206.84,,WEEKLY_EXPIRY|PROBABLE_MULTI_LEG(6)|EARNINGS_DATE_UNCHECKED
2026-07-24,NVDA,NVDA260731P00207500,unusual_volume,P,207.5,2026-07-31,7,0-7,-0.003,ATM,9346,2611,4710384,4532810,206.84,LAST_OUTSIDE_QUOTE,WEEKLY_EXPIRY|PROBABLE_MULTI_LEG(5)|EARNINGS_DATE_UNCHECKED
2026-07-24,NVDA,NVDA260731P00220000,unusual_volume,P,220.0,2026-07-31,7,0-7,-0.064,ITM_5-15,6317,910,9001725,8575327,206.84,LAST_OUTSIDE_QUOTE,WEEKLY_EXPIRY|PROBABLE_MULTI_LEG(6)|EARNINGS_DATE_UNCHECKED
2026-07-24,NVDA,NVDA260731P00222500,unusual_volume,P,222.5,2026-07-31,7,0-7,-0.076,ITM_5-15,1409,138,2299488,2264967,206.84,,WEEKLY_EXPIRY|DEEP_ITM|PROBABLE_MULTI_LEG(16)|EARNINGS_DATE_UNCHECKED
2026-07-24,NVDA,NVDA260731P00225000,unusual_volume,P,225.0,2026-07-31,7,0-7,-0.088,ITM_5-15,873,201,1601955,1577947,206.84,LAST_OUTSIDE_QUOTE,WEEKLY_EXPIRY|DEEP_ITM|PROBABLE_MULTI_LEG(11)|EARNINGS_DATE_UNCHECKED
2026-07-24,NVDA,NVDA260803C00175000,unusual_volume,C,175.0,2026-08-03,10,8-30,-0.154,ITM_15+,266,24,940310,841225,206.84,LAST_OUTSIDE_QUOTE,WEEKLY_EXPIRY|DEEP_ITM|PROBABLE_MULTI_LEG(29)|EARNINGS_DATE_UNCHECKED
2026-07-24,NVDA,NVDA260803C00180000,unusual_volume,C,180.0,2026-08-03,10,8-30,-0.13,ITM_5-15,268,34,767820,717570,206.84,WIDE_MARKET,WEEKLY_EXPIRY|DEEP_ITM|PROBABLE_MULTI_LEG(27)|EARNINGS_DATE_UNCHECKED
2026-07-24,NVDA,NVDA260803C00192500,unusual_volume,C,192.5,2026-08-03,10,8-30,-0.069,ITM_5-15,542,3,983729,850940,206.84,LAST_OUTSIDE_QUOTE,WEEKLY_EXPIRY|PROBABLE_MULTI_LEG(17)|EARNINGS_DATE_UNCHECKED
2026-07-24,NVDA,NVDA260803C00202500,unusual_volume,C,202.5,2026-08-03,10,8-30,-0.021,ATM,407,113,317053,314407,206.84,,WEEKLY_EXPIRY|PROBABLE_MULTI_LEG(18)|EARNINGS_DATE_UNCHECKED
2026-07-24,NVDA,NVDA260803C00215000,unusual_volume,C,215.0,2026-08-03,10,8-30,0.039,ATM,2186,837,428455,439385,206.84,,WEEKLY_EXPIRY|PROBABLE_MULTI_LEG(7)|EARNINGS_DATE_UNCHECKED
2026-07-24,NVDA,NVDA260803P00200000,unusual_volume,P,200.0,2026-08-03,10,8-30,0.033,ATM,1144,321,299728,292291,206.84,LAST_OUTSIDE_QUOTE,WEEKLY_EXPIRY|PROBABLE_MULTI_LEG(10)|EARNINGS_DATE_UNCHECKED
2026-07-24,NVDA,NVDA260803P00207500,unusual_volume,P,207.5,2026-08-03,10,8-30,-0.003,ATM,740,167,444000,403300,206.84,LAST_OUTSIDE_QUOTE,WEEKLY_EXPIRY|PROBABLE_MULTI_LEG(8)|EARNINGS_DATE_UNCHECKED
2026-07-24,NVDA,NVDA260803P00230000,unusual_volume,P,230.0,2026-08-03,10,8-30,-0.112,ITM_5-15,284,2,592424,676630,206.84,WIDE_MARKET,WEEKLY_EXPIRY|DEEP_ITM|PROBABLE_MULTI_LEG(21)|EARNINGS_DATE_UNCHECKED
2026-07-24,NVDA,NVDA260803P00235000,unusual_volume,P,235.0,2026-08-03,10,8-30,-0.136,ITM_5-15,284,1,730732,811530,206.84,LAST_OUTSIDE_QUOTE,WEEKLY_EXPIRY|DEEP_ITM|PROBABLE_MULTI_LEG(21)|EARNINGS_DATE_UNCHECKED
2026-07-24,NVDA,NVDA260805C00210000,unusual_volume,C,210.0,2026-08-05,12,8-30,0.015,ATM,732,226,329400,331230,206.84,,WEEKLY_EXPIRY|PROBABLE_MULTI_LEG(10)|EARNINGS_DATE_UNCHECKED
2026-07-24,NVDA,NVDA260805P00187500,unusual_volume,P,187.5,2026-08-05,12,8-30,0.094,OTM_5-15,5200,25,597999,548600,206.84,LAST_OUTSIDE_QUOTE,WEEKLY_EXPIRY|PROBABLE_MULTI_LEG(5)|EARNINGS_DATE_UNCHECKED
2026-07-24,NVDA,NVDA260805P00190000,unusual_volume,P,190.0,2026-08-05,12,8-30,0.081,OTM_5-15,2463,85,347283,323884,206.84,LAST_OUTSIDE_QUOTE,WEEKLY_EXPIRY|PROBABLE_MULTI_LEG(8)|EARNINGS_DATE_UNCHECKED
2026-07-24,NVDA,NVDA260807C00217500,unusual_volume,C,217.5,2026-08-07,14,8-30,0.052,OTM_5-15,1489,584,361827,358104,206.84,,WEEKLY_EXPIRY|PROBABLE_MULTI_LEG(18)|EARNINGS_DATE_UNCHECKED
2026-07-24,NVDA,NVDA260807P00212500,unusual_volume,P,212.5,2026-08-07,14,8-30,-0.027,ATM,1139,139,1161780,1076355,206.84,LAST_OUTSIDE_QUOTE,WEEKLY_EXPIRY|PROBABLE_MULTI_LEG(10)|EARNINGS_DATE_UNCHECKED
2026-07-24,NVDA,NVDA260904C00230000,unusual_volume,C,230.0,2026-09-04,42,31-90,0.112,OTM_5-15,8874,88,3860189,3838005,206.84,,WEEKLY_EXPIRY|PROBABLE_MULTI_LEG(4)|EARNINGS_DATE_UNCHECKED
2026-07-24,NVDA,NVDA260904P00200000,unusual_volume,P,200.0,2026-09-04,42,31-90,0.033,ATM,4042,12,3597380,3597379,206.84,,WEEKLY_EXPIRY|PROBABLE_MULTI_LEG(9)|EARNINGS_DATE_UNCHECKED
2026-07-24,ORCL,ORCL260731C00095000,unusual_volume,C,95.0,2026-07-31,7,0-7,-0.174,ITM_15+,364,45,766583,739830,114.99,,WEEKLY_EXPIRY|DEEP_ITM|PROBABLE_MULTI_LEG(12)|EARNINGS_DATE_UNCHECKED
2026-07-24,ORCL,ORCL260731C00105000,unusual_volume,C,105.0,2026-07-31,7,0-7,-0.087,ITM_5-15,636,34,702780,702780,114.99,,WEEKLY_EXPIRY|DEEP_ITM|PROBABLE_MULTI_LEG(11)|EARNINGS_DATE_UNCHECKED
2026-07-24,ORCL,ORCL260731C00115000,unusual_volume,C,115.0,2026-07-31,7,0-7,0.0,ATM,1686,134,735096,741840,114.99,,WEEKLY_EXPIRY|PROBABLE_MULTI_LEG(8)|EARNINGS_DATE_UNCHECKED
2026-07-24,ORCL,ORCL260731C00116000,unusual_volume,C,116.0,2026-07-31,7,0-7,0.009,ATM,1803,93,712185,698662,114.99,,WEEKLY_EXPIRY|PROBABLE_MULTI_LEG(5)|EARNINGS_DATE_UNCHECKED
2026-07-24,ORCL,ORCL260731C00117000,unusual_volume,C,117.0,2026-07-31,7,0-7,0.017,ATM,3121,60,1076745,1084547,114.99,,WEEKLY_EXPIRY|PROBABLE_MULTI_LEG(5)|EARNINGS_DATE_UNCHECKED
2026-07-24,ORCL,ORCL260731C00118000,unusual_volume,C,118.0,2026-07-31,7,0-7,0.026,ATM,2237,84,682285,687877,114.99,,WEEKLY_EXPIRY|PROBABLE_MULTI_LEG(5)|EARNINGS_DATE_UNCHECKED
2026-07-24,ORCL,ORCL260731C00120000,unusual_volume,C,120.0,2026-07-31,7,0-7,0.044,ATM,6079,1543,1440723,1449841,114.99,,WEEKLY_EXPIRY|PROBABLE_MULTI_LEG(2)|EARNINGS_DATE_UNCHECKED
2026-07-24,ORCL,ORCL260731C00121000,unusual_volume,C,121.0,2026-07-31,7,0-7,0.052,OTM_5-15,1070,322,224700,229514,114.99,,WEEKLY_EXPIRY|PROBABLE_MULTI_LEG(4)|EARNINGS_DATE_UNCHECKED
2026-07-24,ORCL,ORCL260731C00125000,unusual_volume,C,125.0,2026-07-31,7,0-7,0.087,OTM_5-15,8726,2449,1047119,1029668,114.99,,WEEKLY_EXPIRY|PROBABLE_MULTI_LEG(2)|EARNINGS_DATE_UNCHECKED
2026-07-24,ORCL,ORCL260731P00106000,unusual_volume,P,106.0,2026-07-31,7,0-7,0.078,OTM_5-15,3054,473,360372,358844,114.99,,WEEKLY_EXPIRY|PROBABLE_MULTI_LEG(5)|EARNINGS_DATE_UNCHECKED
2026-07-24,ORCL,ORCL260731P00109000,unusual_volume,P,109.0,2026-07-31,7,0-7,0.052,OTM_5-15,1185,372,227519,225742,114.99,,WEEKLY_EXPIRY|PROBABLE_MULTI_LEG(8)|EARNINGS_DATE_UNCHECKED
2026-07-24,ORCL,ORCL260731P00110000,unusual_volume,P,110.0,2026-07-31,7,0-7,0.043,ATM,14580,2651,3193020,3156570,114.99,,WEEKLY_EXPIRY|EARNINGS_DATE_UNCHECKED
2026-07-24,ORCL,ORCL260731P00111000,unusual_volume,P,111.0,2026-07-31,7,0-7,0.035,ATM,1053,403,264303,272727,114.99,,WEEKLY_EXPIRY|PROBABLE_MULTI_LEG(5)|EARNINGS_DATE_UNCHECKED
2026-07-24,ORCL,ORCL260731P00113000,unusual_volume,P,113.0,2026-07-31,7,0-7,0.017,ATM,1372,193,460992,463050,114.99,,WEEKLY_EXPIRY|PROBABLE_MULTI_LEG(6)|EARNINGS_DATE_UNCHECKED
2026-07-24,ORCL,ORCL260731P00116000,unusual_volume,P,116.0,2026-07-31,7,0-7,-0.009,ATM,1268,282,608640,618150,114.99,,WEEKLY_EXPIRY|PROBABLE_MULTI_LEG(9)|EARNINGS_DATE_UNCHECKED
2026-07-24,ORCL,ORCL260731P00117000,unusual_volume,P,117.0,2026-07-31,7,0-7,-0.017,ATM,1209,186,654069,655882,114.99,,WEEKLY_EXPIRY|PROBABLE_MULTI_LEG(10)|EARNINGS_DATE_UNCHECKED
2026-07-24,ORCL,ORCL260731P00118000,unusual_volume,P,118.0,2026-07-31,7,0-7,-0.026,ATM,1571,247,958309,946527,114.99,,WEEKLY_EXPIRY|PROBABLE_MULTI_LEG(5)|EARNINGS_DATE_UNCHECKED
2026-07-24,ORCL,ORCL260807C00118000,unusual_volume,C,118.0,2026-08-07,14,8-30,0.026,ATM,601,21,289081,286977,114.99,,WEEKLY_EXPIRY|PROBABLE_MULTI_LEG(9)|EARNINGS_DATE_UNCHECKED
2026-07-24,ORCL,ORCL260807C00120000,unusual_volume,C,120.0,2026-08-07,14,8-30,0.044,ATM,674,228,266230,274655,114.99,LAST_OUTSIDE_QUOTE,WEEKLY_EXPIRY|PROBABLE_MULTI_LEG(10)|EARNINGS_DATE_UNCHECKED
2026-07-24,ORCL,ORCL260807C00130000,unusual_volume,C,130.0,2026-08-07,14,8-30,0.131,OTM_5-15,3680,959,577760,585120,114.99,,WEEKLY_EXPIRY|PROBABLE_MULTI_LEG(2)|EARNINGS_DATE_UNCHECKED
2026-07-24,ORCL,ORCL260807C00131000,unusual_volume,C,131.0,2026-08-07,14,8-30,0.139,OTM_5-15,1715,48,233240,248675,114.99,LAST_OUTSIDE_QUOTE,WEEKLY_EXPIRY|PROBABLE_MULTI_LEG(6)|EARNINGS_DATE_UNCHECKED
2026-07-24,ORCL,ORCL260814P00112000,unusual_volume,P,112.0,2026-08-14,21,8-30,0.026,ATM,411,18,229338,233242,114.99,,WEEKLY_EXPIRY|PROBABLE_MULTI_LEG(13)|EARNINGS_DATE_UNCHECKED
2026-07-24,ORCL,ORCL260814P00113000,unusual_volume,P,113.0,2026-08-14,21,8-30,0.017,ATM,382,13,220031,235885,114.99,LAST_OUTSIDE_QUOTE,WEEKLY_EXPIRY|PROBABLE_MULTI_LEG(14)|EARNINGS_DATE_UNCHECKED
2026-07-24,ORCL,ORCL260821C00117000,unusual_volume,C,117.0,2026-08-21,28,8-30,0.017,ATM,483,10,383502,370702,114.99,LAST_OUTSIDE_QUOTE,MONTHLY_EXPIRY|PROBABLE_MULTI_LEG(8)|EARNINGS_DATE_UNCHECKED
2026-07-24,ORCL,ORCL260821C00137000,unusual_volume,C,137.0,2026-08-21,28,8-30,0.191,OTM_15+,1225,104,274400,267049,114.99,,MONTHLY_EXPIRY|PROBABLE_MULTI_LEG(11)|EARNINGS_DATE_UNCHECKED
2026-07-24,ORCL,ORCL260821P00114000,unusual_volume,P,114.0,2026-08-21,28,8-30,0.009,ATM,1231,190,941715,954025,114.99,,MONTHLY_EXPIRY|PROBABLE_MULTI_LEG(11)|EARNINGS_DATE_UNCHECKED
2026-07-24,ORCL,ORCL260828C00120000,unusual_volume,C,120.0,2026-08-28,35,31-90,0.044,ATM,680,218,520200,538900,114.99,,WEEKLY_EXPIRY|PROBABLE_MULTI_LEG(9)|EARNINGS_DATE_UNCHECKED
2026-07-24,ORCL,ORCL260828P00090000,unusual_volume,P,90.0,2026-08-28,35,31-90,0.217,OTM_15+,2259,110,334332,312871,114.99,,WEEKLY_EXPIRY|PROBABLE_MULTI_LEG(5)|EARNINGS_DATE_UNCHECKED
2026-07-24,ORCL,ORCL260828P00095000,unusual_volume,P,95.0,2026-08-28,35,31-90,0.174,OTM_15+,3351,410,767379,728842,114.99,,WEEKLY_EXPIRY|PROBABLE_MULTI_LEG(5)|EARNINGS_DATE_UNCHECKED
2026-07-24,ORCL,ORCL260828P00132000,unusual_volume,P,132.0,2026-08-28,35,31-90,-0.148,ITM_5-15,362,33,733050,735765,114.99,,WEEKLY_EXPIRY|DEEP_ITM|PROBABLE_MULTI_LEG(11)|EARNINGS_DATE_UNCHECKED
2026-07-24,ORCL,ORCL260918P00260000,unusual_volume,P,260.0,2026-09-18,56,31-90,-1.261,ITM_15+,522,135,7576830,7570305,114.99,,QUARTERLY_EXPIRY|DEEP_ITM|PROBABLE_MULTI_LEG(14)|EARNINGS_DATE_UNCHECKED
2026-07-24,ORCL,ORCL261218P00075000,unusual_volume,P,75.0,2026-12-18,147,91+,0.348,OTM_15+,5090,1769,2239600,2303225,114.99,,QUARTERLY_EXPIRY|PROBABLE_MULTI_LEG(3)|EARNINGS_DATE_UNCHECKED
2026-07-24,ORCL,ORCL271217P00090000,unusual_volume,P,90.0,2027-12-17,511,91+,0.217,OTM_15+,1250,441,2350000,2465625,114.99,LAST_OUTSIDE_QUOTE,QUARTERLY_EXPIRY|PROBABLE_MULTI_LEG(9)|EARNINGS_DATE_UNCHECKED
2026-07-24,ORCL,ORCL271217P00100000,unusual_volume,P,100.0,2027-12-17,511,91+,0.13,OTM_5-15,4052,1095,9684279,9876750,114.99,,QUARTERLY_EXPIRY|PROBABLE_MULTI_LEG(2)|EARNINGS_DATE_UNCHECKED
2026-07-24,ORCL,ORCL281215P00105000,unusual_volume,P,105.0,2028-12-15,875,91+,0.087,OTM_5-15,800,3,2703999,2790000,114.99,,QUARTERLY_EXPIRY|PROBABLE_MULTI_LEG(14)|EARNINGS_DATE_UNCHECKED
2026-07-24,SOLS,SOLS260821C00080000,oi_build,C,80.0,2026-08-21,28,8-30,0.321,OTM_15+,8,6447,336,380,60.54,WIDE_MARKET,MONTHLY_EXPIRY|EARNINGS_DATE_UNCHECKED
2026-07-24,TSM,TSM260731C00280000,unusual_volume,C,280.0,2026-07-31,7,0-7,-0.306,ITM_15+,420,60,5418000,5209050,403.41,LAST_OUTSIDE_QUOTE,WEEKLY_EXPIRY|DEEP_ITM|PROBABLE_MULTI_LEG(10)|EARNINGS_DATE_UNCHECKED
2026-07-24,TSM,TSM260731C00320000,unusual_volume,C,320.0,2026-07-31,7,0-7,-0.207,ITM_15+,751,80,6612555,6338440,403.41,LAST_OUTSIDE_QUOTE,WEEKLY_EXPIRY|DEEP_ITM|PROBABLE_MULTI_LEG(7)|EARNINGS_DATE_UNCHECKED
2026-07-24,TSM,TSM260731C00350000,unusual_volume,C,350.0,2026-07-31,7,0-7,-0.132,ITM_5-15,482,62,2554600,2648590,403.41,LAST_OUTSIDE_QUOTE,WEEKLY_EXPIRY|DEEP_ITM|PROBABLE_MULTI_LEG(6)|EARNINGS_DATE_UNCHECKED
2026-07-24,TSM,TSM260731C00380000,unusual_volume,C,380.0,2026-07-31,7,0-7,-0.058,ITM_5-15,1411,124,3915525,3979019,403.41,,WEEKLY_EXPIRY|PROBABLE_MULTI_LEG(3)|EARNINGS_DATE_UNCHECKED
2026-07-24,TSM,TSM260731C00417500,unusual_volume,C,417.5,2026-07-31,7,0-7,0.035,ATM,586,133,354530,375040,403.41,LAST_OUTSIDE_QUOTE,WEEKLY_EXPIRY|PROBABLE_MULTI_LEG(6)|EARNINGS_DATE_UNCHECKED
2026-07-24,TSM,TSM260731C00425000,unusual_volume,C,425.0,2026-07-31,7,0-7,0.054,OTM_5-15,1711,550,735729,722897,403.41,,WEEKLY_EXPIRY|PROBABLE_MULTI_LEG(5)|EARNINGS_DATE_UNCHECKED
2026-07-24,TSM,TSM260731C00427500,unusual_volume,C,427.5,2026-07-31,7,0-7,0.06,OTM_5-15,768,172,263424,278400,403.41,,WEEKLY_EXPIRY|PROBABLE_MULTI_LEG(9)|EARNINGS_DATE_UNCHECKED
2026-07-24,TSM,TSM260731P00407500,unusual_volume,P,407.5,2026-07-31,7,0-7,-0.01,ATM,752,182,1090400,1026479,403.41,LAST_OUTSIDE_QUOTE,WEEKLY_EXPIRY|PROBABLE_MULTI_LEG(7)|EARNINGS_DATE_UNCHECKED
2026-07-24,TSM,TSM260731P00412500,unusual_volume,P,412.5,2026-07-31,7,0-7,-0.023,ATM,323,83,542640,532142,403.41,,WEEKLY_EXPIRY|PROBABLE_MULTI_LEG(14)|EARNINGS_DATE_UNCHECKED
2026-07-24,TSM,TSM260807C00280000,unusual_volume,C,280.0,2026-08-07,14,8-30,-0.306,ITM_15+,420,1,5422200,5233200,403.41,LAST_OUTSIDE_QUOTE,WEEKLY_EXPIRY|DEEP_ITM|PROBABLE_MULTI_LEG(10)|EARNINGS_DATE_UNCHECKED
2026-07-24,TSM,TSM260807C00320000,unusual_volume,C,320.0,2026-08-07,14,8-30,-0.207,ITM_15+,750,12,6720000,6382499,403.41,LAST_OUTSIDE_QUOTE,WEEKLY_EXPIRY|DEEP_ITM|PROBABLE_MULTI_LEG(7)|EARNINGS_DATE_UNCHECKED
2026-07-24,TSM,TSM260807C00350000,unusual_volume,C,350.0,2026-08-07,14,8-30,-0.132,ITM_5-15,475,5,2815800,2693250,403.41,LAST_OUTSIDE_QUOTE,WEEKLY_EXPIRY|DEEP_ITM|PROBABLE_MULTI_LEG(6)|EARNINGS_DATE_UNCHECKED
2026-07-24,TSM,TSM260807C00380000,unusual_volume,C,380.0,2026-08-07,14,8-30,-0.058,ITM_5-15,1434,264,4356492,4563705,403.41,LAST_OUTSIDE_QUOTE,WEEKLY_EXPIRY|PROBABLE_MULTI_LEG(3)|EARNINGS_DATE_UNCHECKED
2026-07-24,TSM,TSM260807C00400000,unusual_volume,C,400.0,2026-08-07,14,8-30,-0.008,ATM,1568,115,2786336,2951760,403.41,LAST_OUTSIDE_QUOTE,WEEKLY_EXPIRY|PROBABLE_MULTI_LEG(3)|EARNINGS_DATE_UNCHECKED
2026-07-24,TSM,TSM260807C00405000,unusual_volume,C,405.0,2026-08-07,14,8-30,0.004,ATM,560,133,871360,904400,403.41,LAST_OUTSIDE_QUOTE,WEEKLY_EXPIRY|PROBABLE_MULTI_LEG(8)|EARNINGS_DATE_UNCHECKED
2026-07-24,TSM,TSM260904P00360000,unusual_volume,P,360.0,2026-09-04,42,31-90,0.108,OTM_5-15,423,24,423000,418770,403.41,,WEEKLY_EXPIRY|PROBABLE_MULTI_LEG(11)|EARNINGS_DATE_UNCHECKED
2026-07-24,TSM,TSM270917P00280000,unusual_volume,P,280.0,2027-09-17,420,91+,0.306,OTM_15+,1080,87,2489400,2462400,403.41,,QUARTERLY_EXPIRY|PROBABLE_MULTI_LEG(5)|EARNINGS_DATE_UNCHECKED
2026-07-24,TSM,TSM280121C00630000,unusual_volume,C,630.0,2028-01-21,546,91+,0.562,OTM_15+,514,42,2490330,2549440,403.41,,MONTHLY_EXPIRY|PROBABLE_MULTI_LEG(8)|EARNINGS_DATE_UNCHECKED
2026-07-24,TSM,TSM280121C00640000,unusual_volume,C,640.0,2028-01-21,546,91+,0.586,OTM_15+,262,57,1231400,1247775,403.41,,MONTHLY_EXPIRY|PROBABLE_MULTI_LEG(10)|EARNINGS_DATE_UNCHECKED
2026-07-24,TSM,TSM280616P00300000,unusual_volume,P,300.0,2028-06-16,693,91+,0.256,OTM_15+,360,3,1590120,1588500,403.41,,QUARTERLY_EXPIRY|PROBABLE_MULTI_LEG(6)|EARNINGS_DATE_UNCHECKED
2026-07-27,AAPL,AAPL260727C00285000,unusual_volume,C,285.0,2026-07-27,0,0-7,-0.154,ITM_15+,535,10,2709775,2779325,336.91,LAST_OUTSIDE_QUOTE,NEAR_EXPIRY|WEEKLY_EXPIRY|DEEP_ITM|PROBABLE_MULTI_LEG(20)|EARNINGS_DATE_UNCHECKED
2026-07-27,AAPL,AAPL260727C00287500,unusual_volume,C,287.5,2026-07-27,0,0-7,-0.147,ITM_5-15,548,9,2707120,2723560,336.91,,NEAR_EXPIRY|WEEKLY_EXPIRY|DEEP_ITM|PROBABLE_MULTI_LEG(17)|EARNINGS_DATE_UNCHECKED
2026-07-27,AAPL,AAPL260727C00295000,unusual_volume,C,295.0,2026-07-27,0,0-7,-0.124,ITM_5-15,325,38,1340300,1352812,336.91,,NEAR_EXPIRY|WEEKLY_EXPIRY|DEEP_ITM|PROBABLE_MULTI_LEG(23)|EARNINGS_DATE_UNCHECKED
2026-07-27,AAPL,AAPL260727C00297500,unusual_volume,C,297.5,2026-07-27,0,0-7,-0.117,ITM_5-15,404,11,1547320,1585700,336.91,,NEAR_EXPIRY|WEEKLY_EXPIRY|DEEP_ITM|PROBABLE_MULTI_LEG(16)|EARNINGS_DATE_UNCHECKED
2026-07-27,AAPL,AAPL260727C00332500,unusual_volume,C,332.5,2026-07-27,0,0-7,-0.013,ATM,10630,2942,4666570,4889799,336.91,,NEAR_EXPIRY|WEEKLY_EXPIRY|PROBABLE_MULTI_LEG(3)|EARNINGS_DATE_UNCHECKED
2026-07-27,AAPL,AAPL260727C00335000,unusual_volume,C,335.0,2026-07-27,0,0-7,-0.006,ATM,67072,7822,13079040,12072960,336.91,,NEAR_EXPIRY|WEEKLY_EXPIRY|EARNINGS_DATE_UNCHECKED
2026-07-27,AAPL,AAPL260727P00337500,unusual_volume,P,337.5,2026-07-27,0,0-7,-0.002,ATM,53752,3499,3171367,3493880,336.91,WIDE_MARKET,NEAR_EXPIRY|WEEKLY_EXPIRY|EARNINGS_DATE_UNCHECKED
2026-07-27,AAPL,AAPL260727P00340000,unusual_volume,P,340.0,2026-07-27,0,0-7,-0.009,ATM,7027,58,2649179,2195937,336.91,LAST_OUTSIDE_QUOTE,NEAR_EXPIRY|WEEKLY_EXPIRY|PROBABLE_MULTI_LEG(3)|EARNINGS_DATE_UNCHECKED
2026-07-27,AAPL,AAPL260727P00342500,unusual_volume,P,342.5,2026-07-27,0,0-7,-0.017,ATM,527,16,284580,276675,336.91,,NEAR_EXPIRY|WEEKLY_EXPIRY|PROBABLE_MULTI_LEG(23)|EARNINGS_DATE_UNCHECKED
2026-07-27,AAPL,AAPL260729C00335000,unusual_volume,C,335.0,2026-07-29,2,0-7,-0.006,ATM,8680,2476,3645600,3580500,336.91,,NEAR_EXPIRY|WEEKLY_EXPIRY|PROBABLE_MULTI_LEG(9)|EARNINGS_DATE_UNCHECKED
2026-07-27,AAPL,AAPL260729C00337500,unusual_volume,C,337.5,2026-07-29,2,0-7,0.002,ATM,28317,6831,7900443,7773016,336.91,,NEAR_EXPIRY|WEEKLY_EXPIRY|EARNINGS_DATE_UNCHECKED
2026-07-27,AAPL,AAPL260729C00340000,unusual_volume,C,340.0,2026-07-29,2,0-7,0.009,ATM,36654,7762,6414450,6249507,336.91,,NEAR_EXPIRY|WEEKLY_EXPIRY|PROBABLE_MULTI_LEG(2)|EARNINGS_DATE_UNCHECKED
2026-07-27,AAPL,AAPL260729C00342500,unusual_volume,C,342.5,2026-07-29,2,0-7,0.017,ATM,11809,2410,1228136,1180900,336.91,,NEAR_EXPIRY|WEEKLY_EXPIRY|PROBABLE_MULTI_LEG(2)|EARNINGS_DATE_UNCHECKED
2026-07-27,AAPL,AAPL260729C00345000,unusual_volume,C,345.0,2026-07-29,2,0-7,0.024,ATM,19694,4368,1240722,1053629,336.91,WIDE_MARKET,NEAR_EXPIRY|WEEKLY_EXPIRY|PROBABLE_MULTI_LEG(2)|EARNINGS_DATE_UNCHECKED
2026-07-27,AAPL,AAPL260729C00350000,unusual_volume,C,350.0,2026-07-29,2,0-7,0.039,ATM,11101,2859,177616,205368,336.91,LAST_OUTSIDE_QUOTE,NEAR_EXPIRY|WEEKLY_EXPIRY|PROBABLE_MULTI_LEG(3)|EARNINGS_DATE_UNCHECKED
2026-07-27,AAPL,AAPL260729P00327500,unusual_volume,P,327.5,2026-07-29,2,0-7,0.028,ATM,9142,3421,493668,530236,336.91,,NEAR_EXPIRY|WEEKLY_EXPIRY|PROBABLE_MULTI_LEG(7)|EARNINGS_DATE_UNCHECKED
2026-07-27,AAPL,AAPL260729P00330000,unusual_volume,P,330.0,2026-07-29,2,0-7,0.021,ATM,24230,4700,2108010,2083780,336.91,,NEAR_EXPIRY|WEEKLY_EXPIRY|EARNINGS_DATE_UNCHECKED
2026-07-27,AAPL,AAPL260729P00332500,unusual_volume,P,332.5,2026-07-29,2,0-7,0.013,ATM,10059,3115,1438437,1453525,336.91,,NEAR_EXPIRY|WEEKLY_EXPIRY|PROBABLE_MULTI_LEG(2)|EARNINGS_DATE_UNCHECKED
2026-07-27,AAPL,AAPL260729P00335000,unusual_volume,P,335.0,2026-07-29,2,0-7,0.006,ATM,15497,3644,3486825,3486825,336.91,,NEAR_EXPIRY|WEEKLY_EXPIRY|PROBABLE_MULTI_LEG(2)|EARNINGS_DATE_UNCHECKED
2026-07-27,AAPL,AAPL260729P00337500,unusual_volume,P,337.5,2026-07-29,2,0-7,-0.002,ATM,6294,722,2139960,2108490,336.91,,NEAR_EXPIRY|WEEKLY_EXPIRY|PROBABLE_MULTI_LEG(4)|EARNINGS_DATE_UNCHECKED
2026-07-27,AAPL,AAPL260729P00340000,unusual_volume,P,340.0,2026-07-29,2,0-7,-0.009,ATM,2068,484,971960,977129,336.91,,NEAR_EXPIRY|WEEKLY_EXPIRY|PROBABLE_MULTI_LEG(6)|EARNINGS_DATE_UNCHECKED
2026-07-27,AAPL,AAPL260729P00342500,unusual_volume,P,342.5,2026-07-29,2,0-7,-0.017,ATM,942,154,598170,600525,336.91,,NEAR_EXPIRY|WEEKLY_EXPIRY|PROBABLE_MULTI_LEG(9)|EARNINGS_DATE_UNCHECKED
2026-07-27,AAPL,AAPL260729P00345000,unusual_volume,P,345.0,2026-07-29,2,0-7,-0.024,ATM,396,61,356400,347489,336.91,,NEAR_EXPIRY|WEEKLY_EXPIRY|PROBABLE_MULTI_LEG(15)|EARNINGS_DATE_UNCHECKED
2026-07-27,ASML,ASML260731C01800000,unusual_volume,C,1800.0,2026-07-31,4,0-7,0.087,OTM_5-15,816,220,825792,832319,1655.26,WIDE_MARKET,WEEKLY_EXPIRY|EARNINGS_DATE_UNCHECKED
2026-07-27,ASML,ASML260821P01575000,unusual_volume,P,1575.0,2026-08-21,25,8-30,0.048,ATM,892,275,6086116,6078980,1655.26,,MONTHLY_EXPIRY|EARNINGS_DATE_UNCHECKED
2026-07-27,COST,COST270219P00900000,unusual_volume,P,900.0,2027-02-19,207,91+,0.054,OTM_5-15,401,87,1570717,1523800,951.58,,MONTHLY_EXPIRY|PROBABLE_MULTI_LEG(5)|EARNINGS_DATE_UNCHECKED
2026-07-27,COST,COST270219P00950000,unusual_volume,P,950.0,2027-02-19,207,91+,0.002,ATM,401,78,2392767,2315775,951.58,,MONTHLY_EXPIRY|PROBABLE_MULTI_LEG(5)|EARNINGS_DATE_UNCHECKED
2026-07-27,GOOGL,GOOGL260727C00270000,unusual_volume,C,270.0,2026-07-27,0,0-7,-0.173,ITM_15+,421,2,2407699,2401805,326.56,,NEAR_EXPIRY|WEEKLY_EXPIRY|DEEP_ITM|PROBABLE_MULTI_LEG(27)|EARNINGS_DATE_UNCHECKED
2026-07-27,GOOGL,GOOGL260727C00272500,unusual_volume,C,272.5,2026-07-27,0,0-7,-0.166,ITM_15+,556,0,3042432,3026030,326.56,,NEAR_EXPIRY|WEEKLY_EXPIRY|DEEP_ITM|PROBABLE_MULTI_LEG(7)|EARNINGS_DATE_UNCHECKED
2026-07-27,GOOGL,GOOGL260727C00275000,unusual_volume,C,275.0,2026-07-27,0,0-7,-0.158,ITM_15+,270,2,1395630,1402650,326.56,,NEAR_EXPIRY|WEEKLY_EXPIRY|DEEP_ITM|PROBABLE_MULTI_LEG(17)|EARNINGS_DATE_UNCHECKED
2026-07-27,GOOGL,GOOGL260727C00277500,unusual_volume,C,277.5,2026-07-27,0,0-7,-0.15,ITM_15+,308,0,1514744,1522290,326.56,,NEAR_EXPIRY|WEEKLY_EXPIRY|DEEP_ITM|PROBABLE_MULTI_LEG(20)|EARNINGS_DATE_UNCHECKED
2026-07-27,GOOGL,GOOGL260727C00280000,unusual_volume,C,280.0,2026-07-27,0,0-7,-0.143,ITM_5-15,285,2,1327530,1337362,326.56,,NEAR_EXPIRY|WEEKLY_EXPIRY|DEEP_ITM|PROBABLE_MULTI_LEG(13)|EARNINGS_DATE_UNCHECKED
2026-07-27,GOOGL,GOOGL260727C00282500,unusual_volume,C,282.5,2026-07-27,0,0-7,-0.135,ITM_5-15,252,0,1116108,1122659,326.56,,NEAR_EXPIRY|WEEKLY_EXPIRY|DEEP_ITM|PROBABLE_MULTI_LEG(23)|EARNINGS_DATE_UNCHECKED
2026-07-27,GOOGL,GOOGL260727C00292500,unusual_volume,C,292.5,2026-07-27,0,0-7,-0.104,ITM_5-15,646,0,2212550,2231930,326.56,,NEAR_EXPIRY|WEEKLY_EXPIRY|DEEP_ITM|PROBABLE_MULTI_LEG(7)|EARNINGS_DATE_UNCHECKED
2026-07-27,GOOGL,GOOGL260727C00295000,unusual_volume,C,295.0,2026-07-27,0,0-7,-0.097,ITM_5-15,886,13,2814822,2788685,326.56,,NEAR_EXPIRY|WEEKLY_EXPIRY|DEEP_ITM|PROBABLE_MULTI_LEG(7)|EARNINGS_DATE_UNCHECKED
2026-07-27,GOOGL,GOOGL260727C00297500,unusual_volume,C,297.5,2026-07-27,0,0-7,-0.089,ITM_5-15,453,0,1349940,1309170,326.56,LAST_OUTSIDE_QUOTE,NEAR_EXPIRY|WEEKLY_EXPIRY|DEEP_ITM|PROBABLE_MULTI_LEG(23)|EARNINGS_DATE_UNCHECKED
2026-07-27,GOOGL,GOOGL260727C00325000,unusual_volume,C,325.0,2026-07-27,0,0-7,-0.005,ATM,8360,2704,1337600,1329240,326.56,WIDE_MARKET,NEAR_EXPIRY|WEEKLY_EXPIRY|PROBABLE_MULTI_LEG(2)|EARNINGS_DATE_UNCHECKED
2026-07-27,GOOGL,GOOGL260727P00327500,unusual_volume,P,327.5,2026-07-27,0,0-7,-0.003,ATM,16679,69,1184209,1559486,326.56,WIDE_MARKET,NEAR_EXPIRY|WEEKLY_EXPIRY|PROBABLE_MULTI_LEG(2)|EARNINGS_DATE_UNCHECKED
2026-07-27,GOOGL,GOOGL260727P00330000,unusual_volume,P,330.0,2026-07-27,0,0-7,-0.011,ATM,3041,619,1036981,1079555,326.56,,NEAR_EXPIRY|WEEKLY_EXPIRY|PROBABLE_MULTI_LEG(5)|EARNINGS_DATE_UNCHECKED
2026-07-27,GOOGL,GOOGL260729C00327500,unusual_volume,C,327.5,2026-07-29,2,0-7,0.003,ATM,2976,452,952320,974640,326.56,,NEAR_EXPIRY|WEEKLY_EXPIRY|PROBABLE_MULTI_LEG(6)|EARNINGS_DATE_UNCHECKED
2026-07-27,GOOGL,GOOGL260729C00330000,unusual_volume,C,330.0,2026-07-29,2,0-7,0.011,ATM,10494,2283,2298186,2287692,326.56,,NEAR_EXPIRY|WEEKLY_EXPIRY|PROBABLE_MULTI_LEG(2)|EARNINGS_DATE_UNCHECKED
2026-07-27,GOOGL,GOOGL260729C00332500,unusual_volume,C,332.5,2026-07-29,2,0-7,0.018,ATM,2170,544,314650,327670,326.56,,NEAR_EXPIRY|WEEKLY_EXPIRY|PROBABLE_MULTI_LEG(5)|EARNINGS_DATE_UNCHECKED
2026-07-27,GOOGL,GOOGL260729P00320000,unusual_volume,P,320.0,2026-07-29,2,0-7,0.02,ATM,2788,910,362440,370804,326.56,,NEAR_EXPIRY|WEEKLY_EXPIRY|PROBABLE_MULTI_LEG(2)|EARNINGS_DATE_UNCHECKED
2026-07-27,GOOGL,GOOGL260729P00322500,unusual_volume,P,322.5,2026-07-29,2,0-7,0.012,ATM,1043,270,198169,204428,326.56,,NEAR_EXPIRY|WEEKLY_EXPIRY|PROBABLE_MULTI_LEG(6)|EARNINGS_DATE_UNCHECKED
2026-07-27,GOOGL,GOOGL260729P00327500,unusual_volume,P,327.5,2026-07-29,2,0-7,-0.003,ATM,1582,599,642291,644665,326.56,,NEAR_EXPIRY|WEEKLY_EXPIRY|PROBABLE_MULTI_LEG(8)|EARNINGS_DATE_UNCHECKED
2026-07-27,GOOGL,GOOGL260807C00330000,unusual_volume,C,330.0,2026-08-07,11,8-30,0.011,ATM,2349,850,1444635,1456379,326.56,,WEEKLY_EXPIRY|PROBABLE_MULTI_LEG(5)|EARNINGS_DATE_UNCHECKED
2026-07-27,MCO,MCO260918P00450000,unusual_volume,P,450.0,2026-09-18,53,31-90,0.046,ATM,200,1,217800,216000,471.5,STALE_LAST,QUARTERLY_EXPIRY|EARNINGS_DATE_UNCHECKED
2026-07-27,MSFT,MSFT260727C00352500,unusual_volume,C,352.5,2026-07-27,0,0-7,-0.094,ITM_5-15,362,1,1462480,1331255,389.1,LAST_OUTSIDE_QUOTE,NEAR_EXPIRY|WEEKLY_EXPIRY|DEEP_ITM|PROBABLE_MULTI_LEG(17)|EARNINGS_DATE_UNCHECKED
2026-07-27,MSFT,MSFT260727C00355000,unusual_volume,C,355.0,2026-07-27,0,0-7,-0.088,ITM_5-15,268,11,1018132,921250,389.1,LAST_OUTSIDE_QUOTE,NEAR_EXPIRY|WEEKLY_EXPIRY|DEEP_ITM|PROBABLE_MULTI_LEG(22)|EARNINGS_DATE_UNCHECKED
2026-07-27,MSFT,MSFT260727C00365000,unusual_volume,C,365.0,2026-07-27,0,0-7,-0.062,ITM_5-15,253,91,651728,613525,389.1,LAST_OUTSIDE_QUOTE,NEAR_EXPIRY|WEEKLY_EXPIRY|PROBABLE_MULTI_LEG(19)|EARNINGS_DATE_UNCHECKED
2026-07-27,MSFT,MSFT260727P00390000,unusual_volume,P,390.0,2026-07-27,0,0-7,-0.002,ATM,31112,332,3297872,2831192,389.1,LAST_OUTSIDE_QUOTE,NEAR_EXPIRY|WEEKLY_EXPIRY|EARNINGS_DATE_UNCHECKED
2026-07-27,MSFT,MSFT260727P00392500,unusual_volume,P,392.5,2026-07-27,0,0-7,-0.009,ATM,17246,155,5691180,5863640,389.1,,NEAR_EXPIRY|WEEKLY_EXPIRY|EARNINGS_DATE_UNCHECKED
2026-07-27,MSFT,MSFT260727P00395000,unusual_volume,P,395.0,2026-07-27,0,0-7,-0.015,ATM,2796,255,1663620,1614690,389.1,,NEAR_EXPIRY|WEEKLY_EXPIRY|PROBABLE_MULTI_LEG(2)|EARNINGS_DATE_UNCHECKED
2026-07-27,MSFT,MSFT260727P00397500,unusual_volume,P,397.5,2026-07-27,0,0-7,-0.022,ATM,277,53,236835,231295,389.1,,NEAR_EXPIRY|WEEKLY_EXPIRY|PROBABLE_MULTI_LEG(22)|EARNINGS_DATE_UNCHECKED
2026-07-27,MSFT,MSFT260727P00405000,unusual_volume,P,405.0,2026-07-27,0,0-7,-0.041,ATM,5074,233,6778864,8042290,389.1,LAST_OUTSIDE_QUOTE,NEAR_EXPIRY|WEEKLY_EXPIRY|EARNINGS_DATE_UNCHECKED
2026-07-27,MSFT,MSFT260803P00390000,unusual_volume,P,390.0,2026-08-03,7,0-7,-0.002,ATM,600,220,894000,892500,389.1,,WEEKLY_EXPIRY|PROBABLE_MULTI_LEG(9)|EARNINGS_DATE_UNCHECKED
2026-07-27,MSFT,MSFT260805C00385000,unusual_volume,C,385.0,2026-08-05,9,8-30,-0.011,ATM,541,77,919700,950807,389.1,,WEEKLY_EXPIRY|PROBABLE_MULTI_LEG(17)|EARNINGS_DATE_UNCHECKED
2026-07-27,MSFT,MSFT260805C00387500,unusual_volume,C,387.5,2026-08-05,9,8-30,-0.004,ATM,634,209,1181142,1014400,389.1,LAST_OUTSIDE_QUOTE,WEEKLY_EXPIRY|PROBABLE_MULTI_LEG(12)|EARNINGS_DATE_UNCHECKED
2026-07-27,MSFT,MSFT260805C00390000,unusual_volume,C,390.0,2026-08-05,9,8-30,0.002,ATM,549,201,786168,801540,389.1,,WEEKLY_EXPIRY|PROBABLE_MULTI_LEG(13)|EARNINGS_DATE_UNCHECKED
2026-07-27,MSFT,MSFT260807C00387500,unusual_volume,C,387.5,2026-08-07,11,8-30,-0.004,ATM,763,296,1277262,1276117,389.1,,WEEKLY_EXPIRY|PROBABLE_MULTI_LEG(2)|EARNINGS_DATE_UNCHECKED
2026-07-27,NVDA,NVDA260727C00155000,unusual_volume,C,155.0,2026-07-27,0,0-7,-0.211,ITM_15+,412,41,1751824,1754090,196.51,,NEAR_EXPIRY|WEEKLY_EXPIRY|DEEP_ITM|PROBABLE_MULTI_LEG(22)|EARNINGS_DATE_UNCHECKED
2026-07-27,NVDA,NVDA260727C00160000,unusual_volume,C,160.0,2026-07-27,0,0-7,-0.186,ITM_15+,322,17,1188180,1198645,196.51,,NEAR_EXPIRY|WEEKLY_EXPIRY|DEEP_ITM|PROBABLE_MULTI_LEG(39)|EARNINGS_DATE_UNCHECKED
2026-07-27,NVDA,NVDA260727C00167500,unusual_volume,C,167.5,2026-07-27,0,0-7,-0.148,ITM_5-15,285,14,858420,847875,196.51,,NEAR_EXPIRY|WEEKLY_EXPIRY|DEEP_ITM|PROBABLE_MULTI_LEG(30)|EARNINGS_DATE_UNCHECKED
2026-07-27,NVDA,NVDA260727C00170000,unusual_volume,C,170.0,2026-07-27,0,0-7,-0.135,ITM_5-15,338,85,926119,924430,196.51,,NEAR_EXPIRY|WEEKLY_EXPIRY|DEEP_ITM|PROBABLE_MULTI_LEG(34)|EARNINGS_DATE_UNCHECKED
2026-07-27,NVDA,NVDA260727C00172500,unusual_volume,C,172.5,2026-07-27,0,0-7,-0.122,ITM_5-15,339,9,847160,861907,196.51,,NEAR_EXPIRY|WEEKLY_EXPIRY|DEEP_ITM|PROBABLE_MULTI_LEG(32)|EARNINGS_DATE_UNCHECKED
2026-07-27,NVDA,NVDA260727C00187500,unusual_volume,C,187.5,2026-07-27,0,0-7,-0.046,ATM,928,126,941920,907119,196.51,,NEAR_EXPIRY|WEEKLY_EXPIRY|PROBABLE_MULTI_LEG(24)|EARNINGS_DATE_UNCHECKED
2026-07-27,NVDA,NVDA260727C00192500,unusual_volume,C,192.5,2026-07-27,0,0-7,-0.02,ATM,6367,565,2833315,3008407,196.51,WIDE_MARKET,NEAR_EXPIRY|WEEKLY_EXPIRY|PROBABLE_MULTI_LEG(9)|EARNINGS_DATE_UNCHECKED
2026-07-27,NVDA,NVDA260727C00195000,unusual_volume,C,195.0,2026-07-27,0,0-7,-0.008,ATM,48642,1353,7636794,7199016,196.51,,NEAR_EXPIRY|WEEKLY_EXPIRY|PROBABLE_MULTI_LEG(3)|EARNINGS_DATE_UNCHECKED
2026-07-27,NVDA,NVDA260727P00197500,unusual_volume,P,197.5,2026-07-27,0,0-7,-0.005,ATM,247543,7265,26734644,31809275,196.51,WIDE_MARKET,NEAR_EXPIRY|WEEKLY_EXPIRY|EARNINGS_DATE_UNCHECKED
2026-07-27,NVDA,NVDA260727P00200000,unusual_volume,P,200.0,2026-07-27,0,0-7,-0.018,ATM,175815,20139,58898025,60216637,196.51,,NEAR_EXPIRY|WEEKLY_EXPIRY|PROBABLE_MULTI_LEG(2)|EARNINGS_DATE_UNCHECKED
2026-07-27,NVDA,NVDA260727P00202500,unusual_volume,P,202.5,2026-07-27,0,0-7,-0.03,ATM,56416,14812,34018848,33567519,196.51,,NEAR_EXPIRY|WEEKLY_EXPIRY|PROBABLE_MULTI_LEG(2)|EARNINGS_DATE_UNCHECKED
2026-07-27,NVDA,NVDA260729C00172500,unusual_volume,C,172.5,2026-07-29,2,0-7,-0.122,ITM_5-15,328,53,836728,806060,196.51,,NEAR_EXPIRY|WEEKLY_EXPIRY|DEEP_ITM|PROBABLE_MULTI_LEG(40)|EARNINGS_DATE_UNCHECKED
2026-07-27,NVDA,NVDA260729C00175000,unusual_volume,C,175.0,2026-07-29,2,0-7,-0.109,ITM_5-15,425,56,985150,928625,196.51,,NEAR_EXPIRY|WEEKLY_EXPIRY|DEEP_ITM|PROBABLE_MULTI_LEG(25)|EARNINGS_DATE_UNCHECKED
2026-07-27,NVDA,NVDA260729C00177500,unusual_volume,C,177.5,2026-07-29,2,0-7,-0.097,ITM_5-15,823,176,1636124,1536952,196.51,,NEAR_EXPIRY|WEEKLY_EXPIRY|DEEP_ITM|PROBABLE_MULTI_LEG(18)|EARNINGS_DATE_UNCHECKED
2026-07-27,NVDA,NVDA260729C00180000,unusual_volume,C,180.0,2026-07-29,2,0-7,-0.084,ITM_5-15,783,157,1350675,1356547,196.51,,NEAR_EXPIRY|WEEKLY_EXPIRY|DEEP_ITM|PROBABLE_MULTI_LEG(16)|EARNINGS_DATE_UNCHECKED
2026-07-27,NVDA,NVDA260729C00182500,unusual_volume,C,182.5,2026-07-29,2,0-7,-0.071,ITM_5-15,3265,229,4675480,4440400,196.51,,NEAR_EXPIRY|WEEKLY_EXPIRY|DEEP_ITM|PROBABLE_MULTI_LEG(16)|EARNINGS_DATE_UNCHECKED
2026-07-27,NVDA,NVDA260729C00185000,unusual_volume,C,185.0,2026-07-29,2,0-7,-0.059,ITM_5-15,4069,576,4829903,4821765,196.51,,NEAR_EXPIRY|WEEKLY_EXPIRY|PROBABLE_MULTI_LEG(8)|EARNINGS_DATE_UNCHECKED
2026-07-27,NVDA,NVDA260729C00187500,unusual_volume,C,187.5,2026-07-29,2,0-7,-0.046,ATM,5841,834,5811795,5578155,196.51,LAST_OUTSIDE_QUOTE,NEAR_EXPIRY|WEEKLY_EXPIRY|PROBABLE_MULTI_LEG(8)|EARNINGS_DATE_UNCHECKED
2026-07-27,NVDA,NVDA260729C00190000,unusual_volume,C,190.0,2026-07-29,2,0-7,-0.033,ATM,3138,667,2278188,2322120,196.51,LAST_OUTSIDE_QUOTE,NEAR_EXPIRY|WEEKLY_EXPIRY|PROBABLE_MULTI_LEG(18)|EARNINGS_DATE_UNCHECKED
2026-07-27,NVDA,NVDA260729C00192500,unusual_volume,C,192.5,2026-07-29,2,0-7,-0.02,ATM,3633,690,1943655,1979985,196.51,LAST_OUTSIDE_QUOTE,NEAR_EXPIRY|WEEKLY_EXPIRY|PROBABLE_MULTI_LEG(8)|EARNINGS_DATE_UNCHECKED
2026-07-27,NVDA,NVDA260729C00195000,unusual_volume,C,195.0,2026-07-29,2,0-7,-0.008,ATM,16745,2487,6363100,6404962,196.51,,NEAR_EXPIRY|WEEKLY_EXPIRY|PROBABLE_MULTI_LEG(4)|EARNINGS_DATE_UNCHECKED
2026-07-27,NVDA,NVDA260729C00197500,unusual_volume,C,197.5,2026-07-29,2,0-7,0.005,ATM,46506,10339,11486982,11486982,196.51,,NEAR_EXPIRY|WEEKLY_EXPIRY|PROBABLE_MULTI_LEG(3)|EARNINGS_DATE_UNCHECKED
2026-07-27,NVDA,NVDA260729C00200000,unusual_volume,C,200.0,2026-07-29,2,0-7,0.018,ATM,42117,9208,6191199,6212257,196.51,,NEAR_EXPIRY|WEEKLY_EXPIRY|PROBABLE_MULTI_LEG(2)|EARNINGS_DATE_UNCHECKED
2026-07-27,NVDA,NVDA260729C00202500,unusual_volume,C,202.5,2026-07-29,2,0-7,0.03,ATM,36332,11546,3051887,2997390,196.51,,NEAR_EXPIRY|WEEKLY_EXPIRY|PROBABLE_MULTI_LEG(2)|EARNINGS_DATE_UNCHECKED
2026-07-27,NVDA,NVDA260729C00205000,unusual_volume,C,205.0,2026-07-29,2,0-7,0.043,ATM,48422,15095,2130568,2106357,196.51,,NEAR_EXPIRY|WEEKLY_EXPIRY|PROBABLE_MULTI_LEG(3)|EARNINGS_DATE_UNCHECKED
2026-07-27,NVDA,NVDA260729P00192500,unusual_volume,P,192.5,2026-07-29,2,0-7,0.02,ATM,14875,4725,2037875,2045312,196.51,,NEAR_EXPIRY|WEEKLY_EXPIRY|PROBABLE_MULTI_LEG(4)|EARNINGS_DATE_UNCHECKED
2026-07-27,NVDA,NVDA260729P00195000,unusual_volume,P,195.0,2026-07-29,2,0-7,0.008,ATM,30815,7989,6933375,6810114,196.51,LAST_OUTSIDE_QUOTE,NEAR_EXPIRY|WEEKLY_EXPIRY|PROBABLE_MULTI_LEG(5)|EARNINGS_DATE_UNCHECKED
2026-07-27,NVDA,NVDA260729P00197500,unusual_volume,P,197.5,2026-07-29,2,0-7,-0.005,ATM,29077,8279,9944334,9886180,196.51,,NEAR_EXPIRY|WEEKLY_EXPIRY|PROBABLE_MULTI_LEG(3)|EARNINGS_DATE_UNCHECKED
2026-07-27,NVDA,NVDA260729P00200000,unusual_volume,P,200.0,2026-07-29,2,0-7,-0.018,ATM,25852,6659,12538220,12667480,196.51,,NEAR_EXPIRY|WEEKLY_EXPIRY|PROBABLE_MULTI_LEG(4)|EARNINGS_DATE_UNCHECKED
2026-07-27,NVDA,NVDA260729P00202500,unusual_volume,P,202.5,2026-07-29,2,0-7,-0.03,ATM,10526,2944,7157680,7105050,196.51,,NEAR_EXPIRY|WEEKLY_EXPIRY|PROBABLE_MULTI_LEG(9)|EARNINGS_DATE_UNCHECKED
2026-07-27,NVDA,NVDA260729P00207500,unusual_volume,P,207.5,2026-07-29,2,0-7,-0.056,ITM_5-15,2827,1103,3135143,3173307,196.51,,NEAR_EXPIRY|WEEKLY_EXPIRY|PROBABLE_MULTI_LEG(11)|EARNINGS_DATE_UNCHECKED
2026-07-27,NVDA,NVDA260729P00212500,unusual_volume,P,212.5,2026-07-29,2,0-7,-0.081,ITM_5-15,12997,1623,20691224,20697722,196.51,,NEAR_EXPIRY|WEEKLY_EXPIRY|DEEP_ITM|PROBABLE_MULTI_LEG(10)|EARNINGS_DATE_UNCHECKED
2026-07-27,NVDA,NVDA260729P00217500,unusual_volume,P,217.5,2026-07-29,2,0-7,-0.107,ITM_5-15,9256,132,19335784,19738420,196.51,,NEAR_EXPIRY|WEEKLY_EXPIRY|DEEP_ITM|PROBABLE_MULTI_LEG(4)|EARNINGS_DATE_UNCHECKED
2026-07-27,NVDA,NVDA260729P00220000,unusual_volume,P,220.0,2026-07-29,2,0-7,-0.12,ITM_5-15,2179,2,4950688,5131545,196.51,LAST_OUTSIDE_QUOTE,NEAR_EXPIRY|WEEKLY_EXPIRY|DEEP_ITM|PROBABLE_MULTI_LEG(10)|EARNINGS_DATE_UNCHECKED
2026-07-27,NVDA,NVDA260729P00222500,unusual_volume,P,222.5,2026-07-29,2,0-7,-0.132,ITM_5-15,312,3,797160,812760,196.51,,NEAR_EXPIRY|WEEKLY_EXPIRY|DEEP_ITM|PROBABLE_MULTI_LEG(34)|EARNINGS_DATE_UNCHECKED
2026-07-27,NVDA,NVDA260729P00225000,unusual_volume,P,225.0,2026-07-29,2,0-7,-0.145,ITM_5-15,1048,13,2876760,2989419,196.51,LAST_OUTSIDE_QUOTE,NEAR_EXPIRY|WEEKLY_EXPIRY|DEEP_ITM|PROBABLE_MULTI_LEG(30)|EARNINGS_DATE_UNCHECKED
2026-07-27,NVDA,NVDA260729P00227500,unusual_volume,P,227.5,2026-07-29,2,0-7,-0.158,ITM_15+,576,0,1727423,1788480,196.51,LAST_OUTSIDE_QUOTE,NEAR_EXPIRY|WEEKLY_EXPIRY|DEEP_ITM|PROBABLE_MULTI_LEG(20)|EARNINGS_DATE_UNCHECKED
2026-07-27,NVDA,NVDA260729P00230000,unusual_volume,P,230.0,2026-07-29,2,0-7,-0.17,ITM_15+,918,0,3123036,3077594,196.51,,NEAR_EXPIRY|WEEKLY_EXPIRY|DEEP_ITM|PROBABLE_MULTI_LEG(23)|EARNINGS_DATE_UNCHECKED
2026-07-27,NVDA,NVDA260731C00170000,unusual_volume,C,170.0,2026-07-31,4,0-7,-0.135,ITM_5-15,1074,425,2926650,2950815,196.51,,WEEKLY_EXPIRY|DEEP_ITM|PROBABLE_MULTI_LEG(31)|EARNINGS_DATE_UNCHECKED
2026-07-27,NVDA,NVDA260731C00172500,unusual_volume,C,172.5,2026-07-31,4,0-7,-0.122,ITM_5-15,262,64,636136,653035,196.51,,WEEKLY_EXPIRY|DEEP_ITM|PROBABLE_MULTI_LEG(37)|EARNINGS_DATE_UNCHECKED
2026-07-27,NVDA,NVDA260731C00177500,unusual_volume,C,177.5,2026-07-31,4,0-7,-0.097,ITM_5-15,1840,396,3670800,3574200,196.51,LAST_OUTSIDE_QUOTE,WEEKLY_EXPIRY|DEEP_ITM|PROBABLE_MULTI_LEG(18)|EARNINGS_DATE_UNCHECKED
2026-07-27,NVDA,NVDA260731C00182500,unusual_volume,C,182.5,2026-07-31,4,0-7,-0.071,ITM_5-15,1606,403,2351184,2360819,196.51,,WEEKLY_EXPIRY|DEEP_ITM|PROBABLE_MULTI_LEG(22)|EARNINGS_DATE_UNCHECKED
2026-07-27,NVDA,NVDA260731C00187500,unusual_volume,C,187.5,2026-07-31,4,0-7,-0.046,ATM,1817,468,1982347,1880595,196.51,LAST_OUTSIDE_QUOTE,WEEKLY_EXPIRY|PROBABLE_MULTI_LEG(19)|EARNINGS_DATE_UNCHECKED
2026-07-27,NVDA,NVDA260731P00207500,unusual_volume,P,207.5,2026-07-31,4,0-7,-0.056,ITM_5-15,11553,4460,13343715,13430362,196.51,,WEEKLY_EXPIRY|PROBABLE_MULTI_LEG(4)|EARNINGS_DATE_UNCHECKED
2026-07-27,NVDA,NVDA260731P00217500,unusual_volume,P,217.5,2026-07-31,4,0-7,-0.107,ITM_5-15,2638,453,5315570,5618939,196.51,LAST_OUTSIDE_QUOTE,WEEKLY_EXPIRY|DEEP_ITM|PROBABLE_MULTI_LEG(15)|EARNINGS_DATE_UNCHECKED
2026-07-27,NVDA,NVDA260803C00197500,unusual_volume,C,197.5,2026-08-03,7,0-7,0.005,ATM,1338,449,568650,561960,196.51,,WEEKLY_EXPIRY|PROBABLE_MULTI_LEG(15)|EARNINGS_DATE_UNCHECKED
2026-07-27,NVDA,NVDA260805P00220000,unusual_volume,P,220.0,2026-08-05,9,8-30,-0.12,ITM_5-15,310,88,739350,728500,196.51,,WEEKLY_EXPIRY|DEEP_ITM|PROBABLE_MULTI_LEG(34)|EARNINGS_DATE_UNCHECKED
2026-07-27,NVDA,NVDA260805P00225000,unusual_volume,P,225.0,2026-08-05,9,8-30,-0.145,ITM_5-15,285,42,796860,806549,196.51,,WEEKLY_EXPIRY|DEEP_ITM|PROBABLE_MULTI_LEG(30)|EARNINGS_DATE_UNCHECKED
2026-07-27,NVDA,NVDA260918C00255000,unusual_volume,C,255.0,2026-09-18,53,31-90,0.298,OTM_15+,31599,10092,2654316,2606917,196.51,,QUARTERLY_EXPIRY|PROBABLE_MULTI_LEG(6)|EARNINGS_DATE_UNCHECKED
2026-07-27,NVDA,NVDA260918C00310000,unusual_volume,C,310.0,2026-09-18,53,31-90,0.578,OTM_15+,31128,6358,529176,529175,196.51,,QUARTERLY_EXPIRY|PROBABLE_MULTI_LEG(5)|EARNINGS_DATE_UNCHECKED
2026-07-27,ORCL,ORCL260731C00124000,unusual_volume,C,124.0,2026-07-31,4,0-7,0.034,ATM,7137,2381,1591551,1616530,119.9,,WEEKLY_EXPIRY|EARNINGS_DATE_UNCHECKED
2026-07-27,SPGI,SPGI260814P00390000,unusual_volume,P,390.0,2026-08-14,18,8-30,0.113,OTM_5-15,215,65,45365,77937,439.83,WIDE_MARKET,WEEKLY_EXPIRY|EARNINGS_DATE_UNCHECKED
2026-07-28,AAPL,AAPL260729C00337500,unusual_volume,C,337.5,2026-07-29,1,0-7,-0.008,ATM,28437,6493,11090430,10877152,340.08,,NEAR_EXPIRY|WEEKLY_EXPIRY|PROBABLE_MULTI_LEG(2)|EARNINGS_DATE_UNCHECKED
2026-07-28,AAPL,AAPL260729C00340000,oi_build,C,340.0,2026-07-29,1,0-7,-0.0,ATM,92408,10849,21253840,20930411,340.08,,NEAR_EXPIRY|WEEKLY_EXPIRY|PROBABLE_MULTI_LEG(2)|EARNINGS_DATE_UNCHECKED
2026-07-28,AAPL,AAPL260729C00340000,unusual_volume,C,340.0,2026-07-29,1,0-7,-0.0,ATM,92408,10849,21253840,20930411,340.08,,NEAR_EXPIRY|WEEKLY_EXPIRY|PROBABLE_MULTI_LEG(2)|EARNINGS_DATE_UNCHECKED
2026-07-28,AAPL,AAPL260729C00342500,unusual_volume,C,342.5,2026-07-29,1,0-7,0.007,ATM,53857,6840,6247412,6220483,340.08,,NEAR_EXPIRY|WEEKLY_EXPIRY|PROBABLE_MULTI_LEG(2)|EARNINGS_DATE_UNCHECKED
2026-07-28,AAPL,AAPL260729C00345000,oi_build,C,345.0,2026-07-29,1,0-7,0.014,ATM,96062,16026,5091286,5091286,340.08,,NEAR_EXPIRY|WEEKLY_EXPIRY|PROBABLE_MULTI_LEG(2)|EARNINGS_DATE_UNCHECKED
2026-07-28,AAPL,AAPL260729C00345000,unusual_volume,C,345.0,2026-07-29,1,0-7,0.014,ATM,96062,16026,5091286,5091286,340.08,,NEAR_EXPIRY|WEEKLY_EXPIRY|PROBABLE_MULTI_LEG(2)|EARNINGS_DATE_UNCHECKED
2026-07-28,AAPL,AAPL260729C00347500,unusual_volume,C,347.5,2026-07-29,1,0-7,0.022,ATM,21757,5362,500411,500410,340.08,,NEAR_EXPIRY|WEEKLY_EXPIRY|PROBABLE_MULTI_LEG(2)|EARNINGS_DATE_UNCHECKED
2026-07-28,AAPL,AAPL260729C00350000,unusual_volume,C,350.0,2026-07-29,1,0-7,0.029,ATM,27900,8167,251100,251100,340.08,,NEAR_EXPIRY|WEEKLY_EXPIRY|PROBABLE_MULTI_LEG(2)|EARNINGS_DATE_UNCHECKED
2026-07-28,AAPL,AAPL260729P00320000,oi_build,P,320.0,2026-07-29,1,0-7,0.059,OTM_5-15,5388,13834,21552,21552,340.08,WIDE_MARKET,NEAR_EXPIRY|WEEKLY_EXPIRY|PROBABLE_MULTI_LEG(3)|EARNINGS_DATE_UNCHECKED
2026-07-28,AAPL,AAPL260729P00325000,oi_build,P,325.0,2026-07-29,1,0-7,0.044,ATM,15690,9942,125520,125520,340.08,,NEAR_EXPIRY|WEEKLY_EXPIRY|EARNINGS_DATE_UNCHECKED
2026-07-28,AAPL,AAPL260729P00330000,oi_build,P,330.0,2026-07-29,1,0-7,0.03,ATM,45963,11689,827334,850315,340.08,,NEAR_EXPIRY|WEEKLY_EXPIRY|EARNINGS_DATE_UNCHECKED
2026-07-28,AAPL,AAPL260729P00330000,unusual_volume,P,330.0,2026-07-29,1,0-7,0.03,ATM,45963,11689,827334,850315,340.08,,NEAR_EXPIRY|WEEKLY_EXPIRY|EARNINGS_DATE_UNCHECKED
2026-07-28,AAPL,AAPL260729P00332500,unusual_volume,P,332.5,2026-07-29,1,0-7,0.022,ATM,21021,5289,693693,672672,340.08,,NEAR_EXPIRY|WEEKLY_EXPIRY|PROBABLE_MULTI_LEG(2)|EARNINGS_DATE_UNCHECKED
2026-07-28,AAPL,AAPL260729P00335000,oi_build,P,335.0,2026-07-29,1,0-7,0.015,ATM,54666,11883,3279960,3389292,340.08,,NEAR_EXPIRY|WEEKLY_EXPIRY|PROBABLE_MULTI_LEG(2)|EARNINGS_DATE_UNCHECKED
2026-07-28,AAPL,AAPL260729P00335000,unusual_volume,P,335.0,2026-07-29,1,0-7,0.015,ATM,54666,11883,3279960,3389292,340.08,,NEAR_EXPIRY|WEEKLY_EXPIRY|PROBABLE_MULTI_LEG(2)|EARNINGS_DATE_UNCHECKED
2026-07-28,AAPL,AAPL260729P00337500,unusual_volume,P,337.5,2026-07-29,1,0-7,0.008,ATM,42615,6769,4900724,4964647,340.08,,NEAR_EXPIRY|WEEKLY_EXPIRY|EARNINGS_DATE_UNCHECKED
2026-07-28,AAPL,AAPL260729P00340000,unusual_volume,P,340.0,2026-07-29,1,0-7,0.0,ATM,17452,2503,3734728,3717275,340.08,,NEAR_EXPIRY|WEEKLY_EXPIRY|PROBABLE_MULTI_LEG(2)|EARNINGS_DATE_UNCHECKED
2026-07-28,AAPL,AAPL260729P00342500,unusual_volume,P,342.5,2026-07-29,1,0-7,-0.007,ATM,1668,407,583800,583800,340.08,,NEAR_EXPIRY|WEEKLY_EXPIRY|PROBABLE_MULTI_LEG(7)|EARNINGS_DATE_UNCHECKED
2026-07-28,AAPL,AAPL260731C00365000,oi_build,C,365.0,2026-07-31,3,0-7,0.073,OTM_5-15,1382,8799,53898,54589,340.08,,NEAR_EXPIRY|WEEKLY_EXPIRY|PROBABLE_MULTI_LEG(5)|EARNINGS_DATE_UNCHECKED
2026-07-28,AAPL,AAPL260731P00312500,oi_build,P,312.5,2026-07-31,3,0-7,0.081,OTM_5-15,5736,9786,246648,258120,340.08,,NEAR_EXPIRY|WEEKLY_EXPIRY|EARNINGS_DATE_UNCHECKED
2026-07-28,AAPL,AAPL260731P00317500,oi_build,P,317.5,2026-07-31,3,0-7,0.066,OTM_5-15,2292,10415,162732,159294,340.08,,NEAR_EXPIRY|WEEKLY_EXPIRY|PROBABLE_MULTI_LEG(7)|EARNINGS_DATE_UNCHECKED
2026-07-28,AAPL,AAPL260731P00320000,oi_build,P,320.0,2026-07-31,3,0-7,0.059,OTM_5-15,11270,13702,1059380,1003029,340.08,,NEAR_EXPIRY|WEEKLY_EXPIRY|EARNINGS_DATE_UNCHECKED
2026-07-28,AAPL,AAPL260731P00325000,oi_build,P,325.0,2026-07-31,3,0-7,0.044,ATM,12604,14009,1966224,1966224,340.08,,NEAR_EXPIRY|WEEKLY_EXPIRY|PROBABLE_MULTI_LEG(3)|EARNINGS_DATE_UNCHECKED
2026-07-28,AAPL,AAPL260803P00337500,unusual_volume,P,337.5,2026-08-03,6,0-7,0.008,ATM,688,246,376335,385280,340.08,,WEEKLY_EXPIRY|PROBABLE_MULTI_LEG(12)|EARNINGS_DATE_UNCHECKED
2026-07-28,AAPL,AAPL260807C00297500,unusual_volume,C,297.5,2026-08-07,10,8-30,-0.125,ITM_5-15,252,32,1065708,1089270,340.08,,WEEKLY_EXPIRY|DEEP_ITM|PROBABLE_MULTI_LEG(25)|EARNINGS_DATE_UNCHECKED
2026-07-28,AAPL,AAPL260807P00325000,oi_build,P,325.0,2026-08-07,10,8-30,0.044,ATM,16647,16421,4644513,4727748,340.08,,WEEKLY_EXPIRY|PROBABLE_MULTI_LEG(2)|EARNINGS_DATE_UNCHECKED
2026-07-28,AAPL,AAPL260828P00320000,unusual_volume,P,320.0,2026-08-28,31,31-90,0.059,OTM_5-15,12579,3365,5094495,5063047,340.08,,WEEKLY_EXPIRY|PROBABLE_MULTI_LEG(3)|EARNINGS_DATE_UNCHECKED
2026-07-28,AAPL,AAPL261016C00345000,oi_build,C,345.0,2026-10-16,80,31-90,0.014,ATM,233,17339,383285,384450,340.08,,MONTHLY_EXPIRY|PROBABLE_MULTI_LEG(21)|EARNINGS_DATE_UNCHECKED
2026-07-28,AAPL,AAPL261016C00390000,oi_build,C,390.0,2026-10-16,80,31-90,0.147,OTM_5-15,233,13158,78055,76890,340.08,,MONTHLY_EXPIRY|PROBABLE_MULTI_LEG(21)|EARNINGS_DATE_UNCHECKED
2026-07-28,AAPL,AAPL261120C00400000,oi_build,C,400.0,2026-11-20,115,91+,0.176,OTM_15+,1446,47134,686850,686850,340.08,,MONTHLY_EXPIRY|PROBABLE_MULTI_LEG(7)|EARNINGS_DATE_UNCHECKED
2026-07-28,ACN,ACN260821C00165000,oi_build,C,165.0,2026-08-21,24,8-30,0.002,ATM,2107,2984,1664530,1790950,164.66,LAST_OUTSIDE_QUOTE,MONTHLY_EXPIRY|PROBABLE_MULTI_LEG(2)|EARNINGS_DATE_UNCHECKED
2026-07-28,ACN,ACN260821P00140000,oi_build,P,140.0,2026-08-21,24,8-30,0.15,OTM_15+,2241,4228,280125,268920,164.66,,MONTHLY_EXPIRY|PROBABLE_MULTI_LEG(2)|EARNINGS_DATE_UNCHECKED
2026-07-28,ACN,ACN260821P00150000,oi_build,P,150.0,2026-08-21,24,8-30,0.089,OTM_5-15,2171,2374,625248,624162,164.66,,MONTHLY_EXPIRY|PROBABLE_MULTI_LEG(3)|EARNINGS_DATE_UNCHECKED
2026-07-28,COST,COST260828P00785000,oi_build,P,785.0,2026-08-28,31,31-90,0.188,OTM_15+,189,1333,16632,4914,966.58,WIDE_MARKET|LAST_OUTSIDE_QUOTE,WEEKLY_EXPIRY|PROBABLE_MULTI_LEG(15)|EARNINGS_DATE_UNCHECKED
2026-07-28,GOOGL,GOOGL260729C00327500,unusual_volume,C,327.5,2026-07-29,1,0-7,-0.019,ATM,4521,1000,3169221,3130792,333.71,,NEAR_EXPIRY|WEEKLY_EXPIRY|PROBABLE_MULTI_LEG(2)|EARNINGS_DATE_UNCHECKED
2026-07-28,GOOGL,GOOGL260729C00330000,unusual_volume,C,330.0,2026-07-29,1,0-7,-0.011,ATM,19601,1995,9741697,9800500,333.71,,NEAR_EXPIRY|WEEKLY_EXPIRY|EARNINGS_DATE_UNCHECKED
2026-07-28,GOOGL,GOOGL260729C00332500,unusual_volume,C,332.5,2026-07-29,1,0-7,-0.004,ATM,10920,1547,3658200,3712800,333.71,,NEAR_EXPIRY|WEEKLY_EXPIRY|EARNINGS_DATE_UNCHECKED
2026-07-28,GOOGL,GOOGL260729C00335000,unusual_volume,C,335.0,2026-07-29,1,0-7,0.004,ATM,30029,2835,6396177,6486264,333.71,,NEAR_EXPIRY|WEEKLY_EXPIRY|EARNINGS_DATE_UNCHECKED
2026-07-28,GOOGL,GOOGL260729C00337500,unusual_volume,C,337.5,2026-07-29,1,0-7,0.011,ATM,7791,926,981666,993352,333.71,,NEAR_EXPIRY|WEEKLY_EXPIRY|PROBABLE_MULTI_LEG(3)|EARNINGS_DATE_UNCHECKED
2026-07-28,GOOGL,GOOGL260729C00340000,unusual_volume,C,340.0,2026-07-29,1,0-7,0.019,ATM,12339,2005,863729,882238,333.71,,NEAR_EXPIRY|WEEKLY_EXPIRY|EARNINGS_DATE_UNCHECKED
2026-07-28,GOOGL,GOOGL260729P00325000,unusual_volume,P,325.0,2026-07-29,1,0-7,0.026,ATM,6565,1146,236340,246187,333.71,,NEAR_EXPIRY|WEEKLY_EXPIRY|EARNINGS_DATE_UNCHECKED
2026-07-28,GOOGL,GOOGL260729P00327500,unusual_volume,P,327.5,2026-07-29,1,0-7,0.019,ATM,4302,1105,305442,298989,333.71,,NEAR_EXPIRY|WEEKLY_EXPIRY|PROBABLE_MULTI_LEG(2)|EARNINGS_DATE_UNCHECKED
2026-07-28,GOOGL,GOOGL260729P00330000,unusual_volume,P,330.0,2026-07-29,1,0-7,0.011,ATM,7529,2888,956183,944889,333.71,,NEAR_EXPIRY|WEEKLY_EXPIRY|PROBABLE_MULTI_LEG(2)|EARNINGS_DATE_UNCHECKED
2026-07-28,GOOGL,GOOGL260729P00332500,unusual_volume,P,332.5,2026-07-29,1,0-7,0.004,ATM,4128,653,891648,893712,333.71,,NEAR_EXPIRY|WEEKLY_EXPIRY|PROBABLE_MULTI_LEG(3)|EARNINGS_DATE_UNCHECKED
2026-07-28,GOOGL,GOOGL260729P00335000,unusual_volume,P,335.0,2026-07-29,1,0-7,-0.004,ATM,2933,459,1017751,1004552,333.71,,NEAR_EXPIRY|WEEKLY_EXPIRY|PROBABLE_MULTI_LEG(3)|EARNINGS_DATE_UNCHECKED
2026-07-28,GOOGL,GOOGL260731C00327500,oi_build,C,327.5,2026-07-31,3,0-7,-0.019,ATM,1006,7946,880250,890310,333.71,,NEAR_EXPIRY|WEEKLY_EXPIRY|PROBABLE_MULTI_LEG(9)|EARNINGS_DATE_UNCHECKED
2026-07-28,GOOGL,GOOGL260731C00335000,oi_build,C,335.0,2026-07-31,3,0-7,0.004,ATM,8574,11633,3686819,3772560,333.71,,NEAR_EXPIRY|WEEKLY_EXPIRY|EARNINGS_DATE_UNCHECKED
2026-07-28,GOOGL,GOOGL260731C00337500,oi_build,C,337.5,2026-07-31,3,0-7,0.011,ATM,1516,9201,497247,500280,333.71,,NEAR_EXPIRY|WEEKLY_EXPIRY|PROBABLE_MULTI_LEG(4)|EARNINGS_DATE_UNCHECKED
2026-07-28,GOOGL,GOOGL260731C00340000,oi_build,C,340.0,2026-07-31,3,0-7,0.019,ATM,8065,11162,1983990,1975925,333.71,,NEAR_EXPIRY|WEEKLY_EXPIRY|PROBABLE_MULTI_LEG(2)|EARNINGS_DATE_UNCHECKED
2026-07-28,GOOGL,GOOGL260731C00342500,oi_build,C,342.5,2026-07-31,3,0-7,0.026,ATM,1197,4852,209475,215460,333.71,,NEAR_EXPIRY|WEEKLY_EXPIRY|PROBABLE_MULTI_LEG(8)|EARNINGS_DATE_UNCHECKED
2026-07-28,GOOGL,GOOGL260731C00345000,oi_build,C,345.0,2026-07-31,3,0-7,0.034,ATM,7025,5129,871100,895687,333.71,,NEAR_EXPIRY|WEEKLY_EXPIRY|EARNINGS_DATE_UNCHECKED
2026-07-28,GOOGL,GOOGL260731C00350000,oi_build,C,350.0,2026-07-31,3,0-7,0.049,ATM,3189,5411,197718,191340,333.71,,NEAR_EXPIRY|WEEKLY_EXPIRY|EARNINGS_DATE_UNCHECKED
2026-07-28,GOOGL,GOOGL260731C00390000,oi_build,C,390.0,2026-07-31,3,0-7,0.169,OTM_15+,55,4521,55,137,333.71,WIDE_MARKET,NEAR_EXPIRY|WEEKLY_EXPIRY|PROBABLE_MULTI_LEG(31)|EARNINGS_DATE_UNCHECKED
2026-07-28,GOOGL,GOOGL260731P00325000,oi_build,P,325.0,2026-07-31,3,0-7,0.026,ATM,5453,5297,916103,921557,333.71,,NEAR_EXPIRY|WEEKLY_EXPIRY|EARNINGS_DATE_UNCHECKED
2026-07-28,GOOGL,GOOGL260821C00335000,oi_build,C,335.0,2026-08-21,24,8-30,0.004,ATM,972,5170,1035180,1037610,333.71,,MONTHLY_EXPIRY|PROBABLE_MULTI_LEG(11)|EARNINGS_DATE_UNCHECKED
2026-07-28,GOOGL,GOOGL260821C00350000,oi_build,C,350.0,2026-08-21,24,8-30,0.049,ATM,2999,17477,1439520,1454515,333.71,,MONTHLY_EXPIRY|PROBABLE_MULTI_LEG(3)|EARNINGS_DATE_UNCHECKED
2026-07-28,GOOGL,GOOGL260821C00360000,oi_build,C,360.0,2026-08-21,24,8-30,0.079,OTM_5-15,1461,12951,393009,388626,333.71,,MONTHLY_EXPIRY|PROBABLE_MULTI_LEG(4)|EARNINGS_DATE_UNCHECKED
2026-07-28,GOOGL,GOOGL260918P00300000,oi_build,P,300.0,2026-09-18,52,31-90,0.101,OTM_5-15,253,11794,102212,101832,333.71,,QUARTERLY_EXPIRY|PROBABLE_MULTI_LEG(14)|EARNINGS_DATE_UNCHECKED
2026-07-28,GOOGL,GOOGL260918P00310000,oi_build,P,310.0,2026-09-18,52,31-90,0.071,OTM_5-15,637,15270,391755,393347,333.71,,QUARTERLY_EXPIRY|PROBABLE_MULTI_LEG(6)|EARNINGS_DATE_UNCHECKED
2026-07-28,GOOGL,GOOGL270319P00225000,oi_build,P,225.0,2027-03-19,234,91+,0.326,OTM_15+,8,4688,2280,2224,333.71,WIDE_MARKET,QUARTERLY_EXPIRY|EARNINGS_DATE_UNCHECKED
2026-07-28,LULU,LULU260814C00118000,unusual_volume,C,118.0,2026-08-14,17,8-30,-0.019,ATM,502,199,313750,316260,120.32,,WEEKLY_EXPIRY|PROBABLE_MULTI_LEG(4)|EARNINGS_DATE_UNCHECKED
2026-07-28,MCO,MCO260918P00450000,unusual_volume,P,450.0,2026-09-18,52,31-90,0.046,ATM,200,1,217800,216000,471.5,STALE_LAST,QUARTERLY_EXPIRY|EARNINGS_DATE_UNCHECKED
2026-07-28,MSFT,MSFT260731C00390000,oi_build,C,390.0,2026-07-31,3,0-7,-0.009,ATM,4186,6138,6710158,6718530,393.35,,NEAR_EXPIRY|WEEKLY_EXPIRY|EARNINGS_DATE_UNCHECKED
2026-07-28,MSFT,MSFT260731C00400000,oi_build,C,400.0,2026-07-31,3,0-7,0.017,ATM,8361,10627,9431208,9427027,393.35,,NEAR_EXPIRY|WEEKLY_EXPIRY|EARNINGS_DATE_UNCHECKED
2026-07-28,MSFT,MSFT260731C00410000,oi_build,C,410.0,2026-07-31,3,0-7,0.042,ATM,7281,8669,5569965,5569965,393.35,,NEAR_EXPIRY|WEEKLY_EXPIRY|EARNINGS_DATE_UNCHECKED
2026-07-28,MSFT,MSFT260731C00420000,oi_build,C,420.0,2026-07-31,3,0-7,0.068,OTM_5-15,6119,9184,3120690,3044202,393.35,LAST_OUTSIDE_QUOTE,NEAR_EXPIRY|WEEKLY_EXPIRY|PROBABLE_MULTI_LEG(3)|EARNINGS_DATE_UNCHECKED
2026-07-28,MSFT,MSFT260731C00425000,oi_build,C,425.0,2026-07-31,3,0-7,0.08,OTM_5-15,3408,7529,1346160,1363200,393.35,,NEAR_EXPIRY|WEEKLY_EXPIRY|PROBABLE_MULTI_LEG(4)|EARNINGS_DATE_UNCHECKED
2026-07-28,MSFT,MSFT260731C00430000,oi_build,C,430.0,2026-07-31,3,0-7,0.093,OTM_5-15,4468,15772,1407420,1407420,393.35,,NEAR_EXPIRY|WEEKLY_EXPIRY|EARNINGS_DATE_UNCHECKED
2026-07-28,MSFT,MSFT260731C00435000,oi_build,C,435.0,2026-07-31,3,0-7,0.106,OTM_5-15,1774,14612,445274,442613,393.35,,NEAR_EXPIRY|WEEKLY_EXPIRY|PROBABLE_MULTI_LEG(5)|EARNINGS_DATE_UNCHECKED
2026-07-28,MSFT,MSFT260731C00450000,oi_build,C,450.0,2026-07-31,3,0-7,0.144,OTM_5-15,6154,8406,738479,738479,393.35,,NEAR_EXPIRY|WEEKLY_EXPIRY|PROBABLE_MULTI_LEG(3)|EARNINGS_DATE_UNCHECKED
2026-07-28,MSFT,MSFT260731P00380000,oi_build,P,380.0,2026-07-31,3,0-7,0.034,ATM,6471,6871,5332104,5306220,393.35,,NEAR_EXPIRY|WEEKLY_EXPIRY|PROBABLE_MULTI_LEG(2)|EARNINGS_DATE_UNCHECKED
2026-07-28,MSFT,MSFT260731P00420000,unusual_volume,P,420.0,2026-07-31,3,0-7,-0.068,ITM_5-15,1933,566,6067687,6059955,393.35,,NEAR_EXPIRY|WEEKLY_EXPIRY|PROBABLE_MULTI_LEG(8)|EARNINGS_DATE_UNCHECKED
2026-07-28,MSFT,MSFT260805C00392500,unusual_volume,C,392.5,2026-08-05,8,8-30,-0.002,ATM,920,276,1414040,1437500,393.35,,WEEKLY_EXPIRY|PROBABLE_MULTI_LEG(9)|EARNINGS_DATE_UNCHECKED
2026-07-28,MSFT,MSFT260805C00395000,unusual_volume,C,395.0,2026-08-05,8,8-30,0.004,ATM,1575,464,2297925,2291625,393.35,,WEEKLY_EXPIRY|PROBABLE_MULTI_LEG(3)|EARNINGS_DATE_UNCHECKED
2026-07-28,MSFT,MSFT260805P00392500,unusual_volume,P,392.5,2026-08-05,8,8-30,0.002,ATM,410,100,601060,593475,393.35,,WEEKLY_EXPIRY|PROBABLE_MULTI_LEG(12)|EARNINGS_DATE_UNCHECKED
2026-07-28,MSFT,MSFT260807C00392500,unusual_volume,C,392.5,2026-08-07,10,8-30,-0.002,ATM,942,351,1542054,1563720,393.35,,WEEKLY_EXPIRY|PROBABLE_MULTI_LEG(8)|EARNINGS_DATE_UNCHECKED
2026-07-28,MSFT,MSFT260807C00430000,oi_build,C,430.0,2026-08-07,10,8-30,0.093,OTM_5-15,2976,4641,1354080,1339200,393.35,,WEEKLY_EXPIRY|PROBABLE_MULTI_LEG(4)|EARNINGS_DATE_UNCHECKED
2026-07-28,MSFT,MSFT260807C00460000,oi_build,C,460.0,2026-08-07,10,8-30,0.169,OTM_15+,240,8274,32160,31800,393.35,,WEEKLY_EXPIRY|PROBABLE_MULTI_LEG(19)|EARNINGS_DATE_UNCHECKED
2026-07-28,MSFT,MSFT260807P00392500,unusual_volume,P,392.5,2026-08-07,10,8-30,0.002,ATM,429,153,656370,654225,393.35,,WEEKLY_EXPIRY|PROBABLE_MULTI_LEG(9)|EARNINGS_DATE_UNCHECKED
2026-07-28,MSFT,MSFT260821C00420000,oi_build,C,420.0,2026-08-21,24,8-30,0.068,OTM_5-15,2427,18711,2235267,2232840,393.35,,MONTHLY_EXPIRY|PROBABLE_MULTI_LEG(5)|EARNINGS_DATE_UNCHECKED
2026-07-28,MSFT,MSFT260828C00415000,oi_build,C,415.0,2026-08-28,31,31-90,0.055,OTM_5-15,3239,3447,3647114,3562900,393.35,,WEEKLY_EXPIRY|PROBABLE_MULTI_LEG(3)|EARNINGS_DATE_UNCHECKED
2026-07-28,MSFT,MSFT260918C00425000,oi_build,C,425.0,2026-09-18,52,31-90,0.08,OTM_5-15,194,4784,232024,234254,393.35,,QUARTERLY_EXPIRY|PROBABLE_MULTI_LEG(25)|EARNINGS_DATE_UNCHECKED
2026-07-28,MSFT,MSFT260918C00430000,oi_build,C,430.0,2026-09-18,52,31-90,0.093,OTM_5-15,630,20021,679140,674100,393.35,,QUARTERLY_EXPIRY|PROBABLE_MULTI_LEG(10)|EARNINGS_DATE_UNCHECKED
2026-07-28,NVDA,NVDA260729C00160000,unusual_volume,C,160.0,2026-07-29,1,0-7,-0.188,ITM_15+,499,58,1857278,1848794,197.01,,NEAR_EXPIRY|WEEKLY_EXPIRY|DEEP_ITM|PROBABLE_MULTI_LEG(19)|EARNINGS_DATE_UNCHECKED
2026-07-28,NVDA,NVDA260729C00165000,unusual_volume,C,165.0,2026-07-29,1,0-7,-0.162,ITM_15+,368,106,1197840,1138040,197.01,,NEAR_EXPIRY|WEEKLY_EXPIRY|DEEP_ITM|PROBABLE_MULTI_LEG(21)|EARNINGS_DATE_UNCHECKED
2026-07-28,NVDA,NVDA260729C00170000,unusual_volume,C,170.0,2026-07-29,1,0-7,-0.137,ITM_5-15,529,126,1449989,1425655,197.01,WIDE_MARKET,NEAR_EXPIRY|WEEKLY_EXPIRY|DEEP_ITM|PROBABLE_MULTI_LEG(22)|EARNINGS_DATE_UNCHECKED
2026-07-28,NVDA,NVDA260729C00172500,unusual_volume,C,172.5,2026-07-29,1,0-7,-0.124,ITM_5-15,2995,48,7616285,7367700,197.01,WIDE_MARKET,NEAR_EXPIRY|WEEKLY_EXPIRY|DEEP_ITM|PROBABLE_MULTI_LEG(12)|EARNINGS_DATE_UNCHECKED
2026-07-28,NVDA,NVDA260729C00175000,unusual_volume,C,175.0,2026-07-29,1,0-7,-0.112,ITM_5-15,3010,465,6932030,6652100,197.01,WIDE_MARKET,NEAR_EXPIRY|WEEKLY_EXPIRY|DEEP_ITM|PROBABLE_MULTI_LEG(12)|EARNINGS_DATE_UNCHECKED
2026-07-28,NVDA,NVDA260729C00177500,unusual_volume,C,177.5,2026-07-29,1,0-7,-0.099,ITM_5-15,2449,542,4964123,4787795,197.01,,NEAR_EXPIRY|WEEKLY_EXPIRY|DEEP_ITM|PROBABLE_MULTI_LEG(6)|EARNINGS_DATE_UNCHECKED
2026-07-28,NVDA,NVDA260729C00180000,unusual_volume,C,180.0,2026-07-29,1,0-7,-0.086,ITM_5-15,2581,683,4516750,4297364,197.01,WIDE_MARKET,NEAR_EXPIRY|WEEKLY_EXPIRY|DEEP_ITM|PROBABLE_MULTI_LEG(10)|EARNINGS_DATE_UNCHECKED
2026-07-28,NVDA,NVDA260729C00182500,unusual_volume,C,182.5,2026-07-29,1,0-7,-0.074,ITM_5-15,1239,320,1858500,1802745,197.01,WIDE_MARKET,NEAR_EXPIRY|WEEKLY_EXPIRY|DEEP_ITM|PROBABLE_MULTI_LEG(16)|EARNINGS_DATE_UNCHECKED
2026-07-28,NVDA,NVDA260729C00185000,unusual_volume,C,185.0,2026-07-29,1,0-7,-0.061,ITM_5-15,9255,1974,11615025,11152275,197.01,WIDE_MARKET,NEAR_EXPIRY|WEEKLY_EXPIRY|PROBABLE_MULTI_LEG(3)|EARNINGS_DATE_UNCHECKED
2026-07-28,NVDA,NVDA260729C00187500,unusual_volume,C,187.5,2026-07-29,1,0-7,-0.048,ATM,4731,1752,4778310,4435312,197.01,WIDE_MARKET,NEAR_EXPIRY|WEEKLY_EXPIRY|PROBABLE_MULTI_LEG(12)|EARNINGS_DATE_UNCHECKED
2026-07-28,NVDA,NVDA260729C00190000,unusual_volume,C,190.0,2026-07-29,1,0-7,-0.036,ATM,6114,1143,4371510,4417365,197.01,,NEAR_EXPIRY|WEEKLY_EXPIRY|PROBABLE_MULTI_LEG(6)|EARNINGS_DATE_UNCHECKED
2026-07-28,NVDA,NVDA260729C00192500,unusual_volume,C,192.5,2026-07-29,1,0-7,-0.023,ATM,11895,2110,5947500,5917762,197.01,,NEAR_EXPIRY|WEEKLY_EXPIRY|PROBABLE_MULTI_LEG(3)|EARNINGS_DATE_UNCHECKED
2026-07-28,NVDA,NVDA260729C00195000,unusual_volume,C,195.0,2026-07-29,1,0-7,-0.01,ATM,94679,8036,29350490,30060582,197.01,,NEAR_EXPIRY|WEEKLY_EXPIRY|PROBABLE_MULTI_LEG(3)|EARNINGS_DATE_UNCHECKED
2026-07-28,NVDA,NVDA260729C00197500,oi_build,C,197.5,2026-07-29,1,0-7,0.002,ATM,136353,20309,23589069,23929951,197.01,,NEAR_EXPIRY|WEEKLY_EXPIRY|EARNINGS_DATE_UNCHECKED
2026-07-28,NVDA,NVDA260729C00197500,unusual_volume,C,197.5,2026-07-29,1,0-7,0.002,ATM,136353,20309,23589069,23929951,197.01,,NEAR_EXPIRY|WEEKLY_EXPIRY|EARNINGS_DATE_UNCHECKED
2026-07-28,NVDA,NVDA260729C00200000,oi_build,C,200.0,2026-07-29,1,0-7,0.015,ATM,187871,25622,15405422,15499357,197.01,,NEAR_EXPIRY|WEEKLY_EXPIRY|EARNINGS_DATE_UNCHECKED
2026-07-28,NVDA,NVDA260729C00200000,unusual_volume,C,200.0,2026-07-29,1,0-7,0.015,ATM,187871,25622,15405422,15499357,197.01,,NEAR_EXPIRY|WEEKLY_EXPIRY|EARNINGS_DATE_UNCHECKED
2026-07-28,NVDA,NVDA260729C00202500,oi_build,C,202.5,2026-07-29,1,0-7,0.028,ATM,92482,21777,3329351,3283111,197.01,,NEAR_EXPIRY|WEEKLY_EXPIRY|PROBABLE_MULTI_LEG(5)|EARNINGS_DATE_UNCHECKED
2026-07-28,NVDA,NVDA260729C00202500,unusual_volume,C,202.5,2026-07-29,1,0-7,0.028,ATM,92482,21777,3329351,3283111,197.01,,NEAR_EXPIRY|WEEKLY_EXPIRY|PROBABLE_MULTI_LEG(5)|EARNINGS_DATE_UNCHECKED
2026-07-28,NVDA,NVDA260729C00205000,oi_build,C,205.0,2026-07-29,1,0-7,0.041,ATM,78652,23168,1258432,1219106,197.01,,NEAR_EXPIRY|WEEKLY_EXPIRY|PROBABLE_MULTI_LEG(2)|EARNINGS_DATE_UNCHECKED
2026-07-28,NVDA,NVDA260729C00205000,unusual_volume,C,205.0,2026-07-29,1,0-7,0.041,ATM,78652,23168,1258432,1219106,197.01,,NEAR_EXPIRY|WEEKLY_EXPIRY|PROBABLE_MULTI_LEG(2)|EARNINGS_DATE_UNCHECKED
2026-07-28,NVDA,NVDA260729C00210000,oi_build,C,210.0,2026-07-29,1,0-7,0.066,OTM_5-15,30571,28357,122283,137569,197.01,,NEAR_EXPIRY|WEEKLY_EXPIRY|PROBABLE_MULTI_LEG(3)|EARNINGS_DATE_UNCHECKED
2026-07-28,NVDA,NVDA260729P00187500,unusual_volume,P,187.5,2026-07-29,1,0-7,0.048,ATM,24982,5758,249820,262311,197.01,,NEAR_EXPIRY|WEEKLY_EXPIRY|PROBABLE_MULTI_LEG(7)|EARNINGS_DATE_UNCHECKED
2026-07-28,NVDA,NVDA260729P00190000,oi_build,P,190.0,2026-07-29,1,0-7,0.036,ATM,88118,30663,2114832,1982655,197.01,,NEAR_EXPIRY|WEEKLY_EXPIRY|PROBABLE_MULTI_LEG(3)|EARNINGS_DATE_UNCHECKED
2026-07-28,NVDA,NVDA260729P00190000,unusual_volume,P,190.0,2026-07-29,1,0-7,0.036,ATM,88118,30663,2114832,1982655,197.01,,NEAR_EXPIRY|WEEKLY_EXPIRY|PROBABLE_MULTI_LEG(3)|EARNINGS_DATE_UNCHECKED
2026-07-28,NVDA,NVDA260729P00192500,unusual_volume,P,192.5,2026-07-29,1,0-7,0.023,ATM,87950,14946,4837250,4793275,197.01,,NEAR_EXPIRY|WEEKLY_EXPIRY|PROBABLE_MULTI_LEG(2)|EARNINGS_DATE_UNCHECKED
2026-07-28,NVDA,NVDA260729P00195000,unusual_volume,P,195.0,2026-07-29,1,0-7,0.01,ATM,94202,14498,11304240,11068734,197.01,,NEAR_EXPIRY|WEEKLY_EXPIRY|PROBABLE_MULTI_LEG(3)|EARNINGS_DATE_UNCHECKED
2026-07-28,NVDA,NVDA260729P00197500,unusual_volume,P,197.5,2026-07-29,1,0-7,-0.002,ATM,38005,7972,8931175,8532122,197.01,LAST_OUTSIDE_QUOTE,NEAR_EXPIRY|WEEKLY_EXPIRY|EARNINGS_DATE_UNCHECKED
2026-07-28,NVDA,NVDA260729P00207500,unusual_volume,P,207.5,2026-07-29,1,0-7,-0.053,ITM_5-15,2830,1095,2906410,3035175,197.01,,NEAR_EXPIRY|WEEKLY_EXPIRY|PROBABLE_MULTI_LEG(13)|EARNINGS_DATE_UNCHECKED
2026-07-28,NVDA,NVDA260729P00210000,unusual_volume,P,210.0,2026-07-29,1,0-7,-0.066,ITM_5-15,9000,3227,11610000,11250000,197.01,WIDE_MARKET,NEAR_EXPIRY|WEEKLY_EXPIRY|PROBABLE_MULTI_LEG(4)|EARNINGS_DATE_UNCHECKED
2026-07-28,NVDA,NVDA260729P00212500,unusual_volume,P,212.5,2026-07-29,1,0-7,-0.079,ITM_5-15,1442,5,2177420,2267545,197.01,,NEAR_EXPIRY|WEEKLY_EXPIRY|DEEP_ITM|PROBABLE_MULTI_LEG(15)|EARNINGS_DATE_UNCHECKED
2026-07-28,NVDA,NVDA260729P00215000,unusual_volume,P,215.0,2026-07-29,1,0-7,-0.091,ITM_5-15,733,11,1249765,1302907,197.01,,NEAR_EXPIRY|WEEKLY_EXPIRY|DEEP_ITM|PROBABLE_MULTI_LEG(17)|EARNINGS_DATE_UNCHECKED
2026-07-28,NVDA,NVDA260729P00217500,unusual_volume,P,217.5,2026-07-29,1,0-7,-0.104,ITM_5-15,1851,2,3768636,3789922,197.01,,NEAR_EXPIRY|WEEKLY_EXPIRY|DEEP_ITM|PROBABLE_MULTI_LEG(9)|EARNINGS_DATE_UNCHECKED
2026-07-28,NVDA,NVDA260729P00220000,unusual_volume,P,220.0,2026-07-29,1,0-7,-0.117,ITM_5-15,290,0,648730,666275,197.01,,NEAR_EXPIRY|WEEKLY_EXPIRY|DEEP_ITM|PROBABLE_MULTI_LEG(20)|EARNINGS_DATE_UNCHECKED
2026-07-28,NVDA,NVDA260729P00225000,unusual_volume,P,225.0,2026-07-29,1,0-7,-0.142,ITM_5-15,1082,0,2948450,3024190,197.01,,NEAR_EXPIRY|WEEKLY_EXPIRY|DEEP_ITM|PROBABLE_MULTI_LEG(11)|EARNINGS_DATE_UNCHECKED
2026-07-28,NVDA,NVDA260731C00172500,unusual_volume,C,172.5,2026-07-31,3,0-7,-0.124,ITM_5-15,266,61,704633,646380,197.01,,NEAR_EXPIRY|WEEKLY_EXPIRY|DEEP_ITM|PROBABLE_MULTI_LEG(19)|EARNINGS_DATE_UNCHECKED
2026-07-28,NVDA,NVDA260731C00177500,unusual_volume,C,177.5,2026-07-31,3,0-7,-0.099,ITM_5-15,1551,579,3086490,3140775,197.01,,NEAR_EXPIRY|WEEKLY_EXPIRY|DEEP_ITM|PROBABLE_MULTI_LEG(10)|EARNINGS_DATE_UNCHECKED
2026-07-28,NVDA,NVDA260731C00182500,unusual_volume,C,182.5,2026-07-31,3,0-7,-0.074,ITM_5-15,3022,790,4726408,4480115,197.01,LAST_OUTSIDE_QUOTE,NEAR_EXPIRY|WEEKLY_EXPIRY|DEEP_ITM|PROBABLE_MULTI_LEG(12)|EARNINGS_DATE_UNCHECKED
2026-07-28,NVDA,NVDA260731C00187500,unusual_volume,C,187.5,2026-07-31,3,0-7,-0.048,ATM,2388,812,2555160,2471580,197.01,LAST_OUTSIDE_QUOTE,NEAR_EXPIRY|WEEKLY_EXPIRY|PROBABLE_MULTI_LEG(7)|EARNINGS_DATE_UNCHECKED
2026-07-28,NVDA,NVDA260731C00192500,unusual_volume,C,192.5,2026-07-31,3,0-7,-0.023,ATM,3594,1169,2325318,2309145,197.01,,NEAR_EXPIRY|WEEKLY_EXPIRY|PROBABLE_MULTI_LEG(9)|EARNINGS_DATE_UNCHECKED
2026-07-28,NVDA,NVDA260731C00197500,oi_build,C,197.5,2026-07-31,3,0-7,0.002,ATM,25436,24238,8521060,8584650,197.01,,NEAR_EXPIRY|WEEKLY_EXPIRY|PROBABLE_MULTI_LEG(7)|EARNINGS_DATE_UNCHECKED
2026-07-28,NVDA,NVDA260731C00205000,oi_build,C,205.0,2026-07-31,3,0-7,0.041,ATM,32840,40031,3086960,3136220,197.01,,NEAR_EXPIRY|WEEKLY_EXPIRY|PROBABLE_MULTI_LEG(2)|EARNINGS_DATE_UNCHECKED
2026-07-28,NVDA,NVDA260731C00207500,oi_build,C,207.5,2026-07-31,3,0-7,0.053,OTM_5-15,24606,32223,1427148,1427148,197.01,,NEAR_EXPIRY|WEEKLY_EXPIRY|PROBABLE_MULTI_LEG(7)|EARNINGS_DATE_UNCHECKED
2026-07-28,NVDA,NVDA260731C00210000,oi_build,C,210.0,2026-07-31,3,0-7,0.066,OTM_5-15,29920,47379,1047200,1032240,197.01,,NEAR_EXPIRY|WEEKLY_EXPIRY|PROBABLE_MULTI_LEG(4)|EARNINGS_DATE_UNCHECKED
2026-07-28,NVDA,NVDA260731C00215000,oi_build,C,215.0,2026-07-31,3,0-7,0.091,OTM_5-15,25716,89681,308592,334308,197.01,,NEAR_EXPIRY|WEEKLY_EXPIRY|PROBABLE_MULTI_LEG(6)|EARNINGS_DATE_UNCHECKED
2026-07-28,NVDA,NVDA260731P00217500,unusual_volume,P,217.5,2026-07-31,3,0-7,-0.104,ITM_5-15,2263,587,4548630,4678752,197.01,,NEAR_EXPIRY|WEEKLY_EXPIRY|DEEP_ITM|PROBABLE_MULTI_LEG(11)|EARNINGS_DATE_UNCHECKED
2026-07-28,NVDA,NVDA260731P00222500,unusual_volume,P,222.5,2026-07-31,3,0-7,-0.129,ITM_5-15,250,19,634750,637500,197.01,,NEAR_EXPIRY|WEEKLY_EXPIRY|DEEP_ITM|PROBABLE_MULTI_LEG(21)|EARNINGS_DATE_UNCHECKED
2026-07-28,NVDA,NVDA260803C00170000,unusual_volume,C,170.0,2026-08-03,6,0-7,-0.137,ITM_5-15,355,41,1000390,978024,197.01,,WEEKLY_EXPIRY|DEEP_ITM|PROBABLE_MULTI_LEG(19)|EARNINGS_DATE_UNCHECKED
2026-07-28,NVDA,NVDA260803C00175000,unusual_volume,C,175.0,2026-08-03,6,0-7,-0.112,ITM_5-15,330,89,768240,746625,197.01,,WEEKLY_EXPIRY|DEEP_ITM|PROBABLE_MULTI_LEG(24)|EARNINGS_DATE_UNCHECKED
2026-07-28,NVDA,NVDA260803C00185000,unusual_volume,C,185.0,2026-08-03,6,0-7,-0.061,ITM_5-15,666,109,896436,860805,197.01,LAST_OUTSIDE_QUOTE,WEEKLY_EXPIRY|PROBABLE_MULTI_LEG(20)|EARNINGS_DATE_UNCHECKED
2026-07-28,NVDA,NVDA260803C00190000,unusual_volume,C,190.0,2026-08-03,6,0-7,-0.036,ATM,645,174,580500,545024,197.01,LAST_OUTSIDE_QUOTE,WEEKLY_EXPIRY|PROBABLE_MULTI_LEG(18)|EARNINGS_DATE_UNCHECKED
2026-07-28,NVDA,NVDA260803P00210000,unusual_volume,P,210.0,2026-08-03,6,0-7,-0.066,ITM_5-15,736,287,984032,984400,197.01,,WEEKLY_EXPIRY|PROBABLE_MULTI_LEG(17)|EARNINGS_DATE_UNCHECKED
2026-07-28,NVDA,NVDA260805C00192500,unusual_volume,C,192.5,2026-08-05,8,8-30,-0.023,ATM,558,221,471509,436634,197.01,LAST_OUTSIDE_QUOTE,WEEKLY_EXPIRY|PROBABLE_MULTI_LEG(22)|EARNINGS_DATE_UNCHECKED
2026-07-28,NVDA,NVDA260807P00180000,oi_build,P,180.0,2026-08-07,10,8-30,0.086,OTM_5-15,77422,74127,7587356,7471223,197.01,,WEEKLY_EXPIRY|PROBABLE_MULTI_LEG(2)|EARNINGS_DATE_UNCHECKED
2026-07-28,NVDA,NVDA260821C00215000,oi_build,C,215.0,2026-08-21,24,8-30,0.091,OTM_5-15,28471,48960,6434445,6462917,197.01,,MONTHLY_EXPIRY|EARNINGS_DATE_UNCHECKED
2026-07-28,NVDA,NVDA260918C00225000,oi_build,C,225.0,2026-09-18,52,31-90,0.142,OTM_5-15,7876,47334,3063764,3012570,197.01,,QUARTERLY_EXPIRY|PROBABLE_MULTI_LEG(2)|EARNINGS_DATE_UNCHECKED
2026-07-28,NVDA,NVDA261016C00180000,oi_build,C,180.0,2026-10-16,80,31-90,-0.086,ITM_5-15,63,91467,169469,167737,197.01,,MONTHLY_EXPIRY|DEEP_ITM|PROBABLE_MULTI_LEG(40)|EARNINGS_DATE_UNCHECKED
2026-07-28,ORCL,ORCL260731C00125000,oi_build,C,125.0,2026-07-31,3,0-7,0.042,ATM,12159,9225,1969758,2018394,119.96,,NEAR_EXPIRY|WEEKLY_EXPIRY|EARNINGS_DATE_UNCHECKED
2026-07-28,ORCL,ORCL260731P00115000,oi_build,P,115.0,2026-07-31,3,0-7,0.041,ATM,4960,11859,709279,704320,119.96,,NEAR_EXPIRY|WEEKLY_EXPIRY|PROBABLE_MULTI_LEG(2)|EARNINGS_DATE_UNCHECKED
2026-07-28,ORCL,ORCL260814C00140000,oi_build,C,140.0,2026-08-14,17,8-30,0.167,OTM_15+,10581,8831,1534245,1544826,119.96,,WEEKLY_EXPIRY|EARNINGS_DATE_UNCHECKED
2026-07-28,ORCL,ORCL260821C00125000,oi_build,C,125.0,2026-08-21,24,8-30,0.042,ATM,881,13134,541815,544017,119.96,,MONTHLY_EXPIRY|PROBABLE_MULTI_LEG(6)|EARNINGS_DATE_UNCHECKED
2026-07-28,ORCL,ORCL260821C00135000,oi_build,C,135.0,2026-08-21,24,8-30,0.125,OTM_5-15,6427,10235,2024505,2008437,119.96,,MONTHLY_EXPIRY|EARNINGS_DATE_UNCHECKED
2026-07-28,ORCL,ORCL260821P00105000,oi_build,P,105.0,2026-08-21,24,8-30,0.125,OTM_5-15,2555,7786,608090,611922,119.96,,MONTHLY_EXPIRY|PROBABLE_MULTI_LEG(2)|EARNINGS_DATE_UNCHECKED
2026-07-28,ORCL,ORCL260918C00115000,oi_build,C,115.0,2026-09-18,52,31-90,-0.041,ATM,206,5650,340930,334235,119.96,,QUARTERLY_EXPIRY|PROBABLE_MULTI_LEG(19)|EARNINGS_DATE_UNCHECKED
2026-07-28,ORCL,ORCL260918C00145000,oi_build,C,145.0,2026-09-18,52,31-90,0.209,OTM_15+,758,12124,423722,424480,119.96,,QUARTERLY_EXPIRY|PROBABLE_MULTI_LEG(6)|EARNINGS_DATE_UNCHECKED
2026-07-28,ORCL,ORCL260918C00150000,oi_build,C,150.0,2026-09-18,52,31-90,0.25,OTM_15+,4200,12039,1932000,1932000,119.96,,QUARTERLY_EXPIRY|PROBABLE_MULTI_LEG(3)|EARNINGS_DATE_UNCHECKED
2026-07-28,ORCL,ORCL260918C00200000,oi_build,C,200.0,2026-09-18,52,31-90,0.667,OTM_15+,2740,24304,210980,230160,119.96,LAST_OUTSIDE_QUOTE,QUARTERLY_EXPIRY|PROBABLE_MULTI_LEG(5)|EARNINGS_DATE_UNCHECKED
2026-07-28,ORCL,ORCL261218P00090000,oi_build,P,90.0,2026-12-18,143,91+,0.25,OTM_15+,524,6400,374660,374660,119.96,,QUARTERLY_EXPIRY|PROBABLE_MULTI_LEG(6)|EARNINGS_DATE_UNCHECKED
2026-07-28,ORCL,ORCL271217P00100000,oi_build,P,100.0,2027-12-17,507,91+,0.166,OTM_15+,22,5110,50929,49829,119.96,,QUARTERLY_EXPIRY|EARNINGS_DATE_UNCHECKED
2026-07-28,SOLS,SOLS260821C00055000,unusual_volume,C,55.0,2026-08-21,24,8-30,-0.036,ATM,1019,397,509500,529879,57.06,LAST_OUTSIDE_QUOTE,MONTHLY_EXPIRY|EARNINGS_DATE_UNCHECKED
2026-07-28,SPGI,SPGI260918P00450000,unusual_volume,P,450.0,2026-09-18,52,31-90,-0.061,ITM_5-15,80,12,252000,283600,424.16,LAST_OUTSIDE_QUOTE,QUARTERLY_EXPIRY|PROBABLE_MULTI_LEG(4)|EARNINGS_DATE_UNCHECKED
2026-07-28,SPGI,SPGI261016P00420000,unusual_volume,P,420.0,2026-10-16,80,31-90,0.01,ATM,62,6,158720,141360,424.16,LAST_OUTSIDE_QUOTE,MONTHLY_EXPIRY|PROBABLE_MULTI_LEG(3)|EARNINGS_DATE_UNCHECKED
2026-07-28,SPGI,SPGI261016P00430000,unusual_volume,P,430.0,2026-10-16,80,31-90,-0.014,ATM,83,9,203350,229080,424.16,LAST_OUTSIDE_QUOTE,MONTHLY_EXPIRY|PROBABLE_MULTI_LEG(4)|EARNINGS_DATE_UNCHECKED
2026-07-28,TSM,TSM260731C00410000,oi_build,C,410.0,2026-07-31,3,0-7,0.045,ATM,2168,4841,682920,663408,392.31,,NEAR_EXPIRY|WEEKLY_EXPIRY|PROBABLE_MULTI_LEG(2)|EARNINGS_DATE_UNCHECKED
2026-07-28,TSM,TSM260731C00420000,oi_build,C,420.0,2026-07-31,3,0-7,0.071,OTM_5-15,3143,3464,449449,425876,392.31,WIDE_MARKET,NEAR_EXPIRY|WEEKLY_EXPIRY|EARNINGS_DATE_UNCHECKED
2026-07-28,TSM,TSM260731P00350000,oi_build,P,350.0,2026-07-31,3,0-7,0.108,OTM_5-15,424,6989,22896,23744,392.31,WIDE_MARKET,NEAR_EXPIRY|WEEKLY_EXPIRY|PROBABLE_MULTI_LEG(9)|EARNINGS_DATE_UNCHECKED
2026-07-28,TSM,TSM260807C00400000,oi_build,C,400.0,2026-08-07,10,8-30,0.02,ATM,539,1987,627935,592900,392.31,LAST_OUTSIDE_QUOTE,WEEKLY_EXPIRY|PROBABLE_MULTI_LEG(5)|EARNINGS_DATE_UNCHECKED
2026-07-28,TSM,TSM260821C00425000,oi_build,C,425.0,2026-08-21,24,8-30,0.083,OTM_5-15,11324,11539,9919824,9795260,392.31,,MONTHLY_EXPIRY|PROBABLE_MULTI_LEG(2)|EARNINGS_DATE_UNCHECKED
2026-07-28,TSM,TSM260821C00475000,oi_build,C,475.0,2026-08-21,24,8-30,0.211,OTM_15+,11280,11879,1883759,1996559,392.31,,MONTHLY_EXPIRY|PROBABLE_MULTI_LEG(2)|EARNINGS_DATE_UNCHECKED
2026-07-28,TSM,TSM260918C00450000,unusual_volume,C,450.0,2026-09-18,52,31-90,0.147,OTM_5-15,17880,3444,17880000,17835300,392.31,,QUARTERLY_EXPIRY|PROBABLE_MULTI_LEG(4)|EARNINGS_DATE_UNCHECKED
2026-07-28,TSM,TSM260918C00530000,unusual_volume,C,530.0,2026-09-18,52,31-90,0.351,OTM_15+,17021,1490,3251010,3412710,392.31,WIDE_MARKET,QUARTERLY_EXPIRY|PROBABLE_MULTI_LEG(3)|EARNINGS_DATE_UNCHECKED
2026-07-28,TSM,TSM260918P00260000,oi_build,P,260.0,2026-09-18,52,31-90,0.337,OTM_15+,20,8518,2000,2030,392.31,WIDE_MARKET,QUARTERLY_EXPIRY|EARNINGS_DATE_UNCHECKED
2026-07-28,TSM,TSM261016P00280000,oi_build,P,280.0,2026-10-16,80,31-90,0.286,OTM_15+,46,7420,15363,14743,392.31,,MONTHLY_EXPIRY|EARNINGS_DATE_UNCHECKED
2026-07-28,TSM,TSM261016P00350000,oi_build,P,350.0,2026-10-16,80,31-90,0.108,OTM_5-15,339,4799,544773,556807,392.31,,MONTHLY_EXPIRY|PROBABLE_MULTI_LEG(10)|EARNINGS_DATE_UNCHECKED
2026-07-28,TSM,TSM261218C00680000,oi_build,C,680.0,2026-12-18,143,91+,0.733,OTM_15+,1049,2049,298965,306308,392.31,,QUARTERLY_EXPIRY|PROBABLE_MULTI_LEG(12)|EARNINGS_DATE_UNCHECKED
2026-07-28,TSM,TSM261218P00240000,oi_build,P,240.0,2026-12-18,143,91+,0.388,OTM_15+,1128,11037,325992,323172,392.31,,QUARTERLY_EXPIRY|PROBABLE_MULTI_LEG(8)|EARNINGS_DATE_UNCHECKED
2026-07-28,TSM,TSM270617C00630000,unusual_volume,C,630.0,2027-06-17,324,91+,0.606,OTM_15+,931,143,1909481,1875964,392.31,,WEEKLY_EXPIRY|PROBABLE_MULTI_LEG(4)|EARNINGS_DATE_UNCHECKED
2026-07-28,TSM,TSM270917P00280000,oi_build,P,280.0,2027-09-17,416,91+,0.286,OTM_15+,143,2163,353210,328542,392.31,,QUARTERLY_EXPIRY|PROBABLE_MULTI_LEG(11)|EARNINGS_DATE_UNCHECKED
2026-07-28,V,V260731C00365000,oi_build,C,365.0,2026-07-31,3,0-7,-0.004,ATM,1336,1521,988640,1028720,366.59,,NEAR_EXPIRY|WEEKLY_EXPIRY|PROBABLE_MULTI_LEG(4)|EARNINGS_DATE_UNCHECKED
2026-07-28,V,V260731C00370000,oi_build,C,370.0,2026-07-31,3,0-7,0.009,ATM,1394,1215,717910,735335,366.59,,NEAR_EXPIRY|WEEKLY_EXPIRY|PROBABLE_MULTI_LEG(4)|EARNINGS_DATE_UNCHECKED
2026-07-28,V,V260731C00377500,oi_build,C,377.5,2026-07-31,3,0-7,0.03,ATM,1201,1363,309858,337481,366.59,,NEAR_EXPIRY|WEEKLY_EXPIRY|EARNINGS_DATE_UNCHECKED
2026-07-28,V,V260731C00380000,oi_build,C,380.0,2026-07-31,3,0-7,0.037,ATM,2273,1731,497787,506879,366.59,,NEAR_EXPIRY|WEEKLY_EXPIRY|EARNINGS_DATE_UNCHECKED
2026-07-28,V,V260731C00390000,oi_build,C,390.0,2026-07-31,3,0-7,0.064,OTM_5-15,2085,1739,166800,175140,366.59,WIDE_MARKET,NEAR_EXPIRY|WEEKLY_EXPIRY|EARNINGS_DATE_UNCHECKED
2026-07-28,V,V260731C00400000,oi_build,C,400.0,2026-07-31,3,0-7,0.091,OTM_5-15,2898,1888,81144,84042,366.59,,NEAR_EXPIRY|WEEKLY_EXPIRY|EARNINGS_DATE_UNCHECKED
2026-07-28,V,V260814P00190000,oi_build,P,190.0,2026-08-14,17,8-30,0.482,OTM_15+,789,1994,789,13413,366.59,WIDE_MARKET,WEEKLY_EXPIRY|PROBABLE_MULTI_LEG(6)|EARNINGS_DATE_UNCHECKED
2026-07-29,AAPL,AAPL260729C00277500,unusual_volume,C,277.5,2026-07-29,0,0-7,-0.179,ITM_15+,409,14,2674860,2481607,338.19,LAST_OUTSIDE_QUOTE,NEAR_EXPIRY|WEEKLY_EXPIRY|DEEP_ITM|PROBABLE_MULTI_LEG(18)|EARNINGS_DATE_UNCHECKED
2026-07-29,AAPL,AAPL260729C00280000,unusual_volume,C,280.0,2026-07-29,0,0-7,-0.172,ITM_15+,307,24,1931030,1782902,338.19,LAST_OUTSIDE_QUOTE,NEAR_EXPIRY|WEEKLY_EXPIRY|DEEP_ITM|PROBABLE_MULTI_LEG(31)|EARNINGS_DATE_UNCHECKED
2026-07-29,AAPL,AAPL260729C00285000,unusual_volume,C,285.0,2026-07-29,0,0-7,-0.157,ITM_15+,293,37,1602710,1561690,338.19,,NEAR_EXPIRY|WEEKLY_EXPIRY|DEEP_ITM|PROBABLE_MULTI_LEG(32)|EARNINGS_DATE_UNCHECKED
2026-07-29,AAPL,AAPL260729C00287500,unusual_volume,C,287.5,2026-07-29,0,0-7,-0.15,ITM_15+,260,44,1367340,1318200,338.19,LAST_OUTSIDE_QUOTE,NEAR_EXPIRY|WEEKLY_EXPIRY|DEEP_ITM|PROBABLE_MULTI_LEG(21)|EARNINGS_DATE_UNCHECKED
2026-07-29,AAPL,AAPL260729C00305000,unusual_volume,C,305.0,2026-07-29,0,0-7,-0.098,ITM_5-15,252,49,907200,836640,338.19,LAST_OUTSIDE_QUOTE,NEAR_EXPIRY|WEEKLY_EXPIRY|DEEP_ITM|PROBABLE_MULTI_LEG(17)|EARNINGS_DATE_UNCHECKED
2026-07-29,AAPL,AAPL260729P00337500,unusual_volume,P,337.5,2026-07-29,0,0-7,0.002,ATM,93194,6769,1397910,885343,338.19,WIDE_MARKET,NEAR_EXPIRY|WEEKLY_EXPIRY|EARNINGS_DATE_UNCHECKED
2026-07-29,AAPL,AAPL260729P00340000,unusual_volume,P,340.0,2026-07-29,0,0-7,-0.005,ATM,158773,2503,31119508,33421716,338.19,WIDE_MARKET,NEAR_EXPIRY|WEEKLY_EXPIRY|PROBABLE_MULTI_LEG(2)|EARNINGS_DATE_UNCHECKED
2026-07-29,AAPL,AAPL260729P00342500,unusual_volume,P,342.5,2026-07-29,0,0-7,-0.013,ATM,75402,407,35061930,30726314,338.19,WIDE_MARKET,NEAR_EXPIRY|WEEKLY_EXPIRY|EARNINGS_DATE_UNCHECKED
2026-07-29,AAPL,AAPL260729P00345000,unusual_volume,P,345.0,2026-07-29,0,0-7,-0.02,ATM,12664,157,8611520,9118080,338.19,,NEAR_EXPIRY|WEEKLY_EXPIRY|PROBABLE_MULTI_LEG(3)|EARNINGS_DATE_UNCHECKED
2026-07-29,AAPL,AAPL260729P00347500,unusual_volume,P,347.5,2026-07-29,0,0-7,-0.028,ATM,1214,59,1153300,1132055,338.19,,NEAR_EXPIRY|WEEKLY_EXPIRY|PROBABLE_MULTI_LEG(8)|EARNINGS_DATE_UNCHECKED
2026-07-29,AAPL,AAPL260729P00350000,unusual_volume,P,350.0,2026-07-29,0,0-7,-0.035,ATM,299,111,358800,343102,338.19,,NEAR_EXPIRY|WEEKLY_EXPIRY|PROBABLE_MULTI_LEG(29)|EARNINGS_DATE_UNCHECKED
2026-07-29,AAPL,AAPL260731P00362500,unusual_volume,P,362.5,2026-07-31,2,0-7,-0.072,ITM_5-15,761,224,1624735,1883475,338.19,LAST_OUTSIDE_QUOTE,NEAR_EXPIRY|WEEKLY_EXPIRY|DEEP_ITM|PROBABLE_MULTI_LEG(15)|EARNINGS_DATE_UNCHECKED
2026-07-29,ACN,ACN260821P00160000,unusual_volume,P,160.0,2026-08-21,23,8-30,0.076,OTM_5-15,734,282,254698,249560,173.17,WIDE_MARKET,MONTHLY_EXPIRY|PROBABLE_MULTI_LEG(2)|EARNINGS_DATE_UNCHECKED
2026-07-29,ACN,ACN261016P00170000,unusual_volume,P,170.0,2026-10-16,79,31-90,0.018,ATM,2182,14,3382100,3534840,173.17,,MONTHLY_EXPIRY|EARNINGS_DATE_UNCHECKED
2026-07-29,ACN,ACN270617C00210000,unusual_volume,C,210.0,2027-06-17,323,91+,0.213,OTM_15+,275,38,572000,584375,173.17,,WEEKLY_EXPIRY|PROBABLE_MULTI_LEG(2)|EARNINGS_DATE_UNCHECKED
2026-07-29,COST,COST260814C00975000,unusual_volume,C,975.0,2026-08-14,16,8-30,0.001,ATM,252,36,526175,494550,974.03,,WEEKLY_EXPIRY|PROBABLE_MULTI_LEG(12)|EARNINGS_DATE_UNCHECKED
2026-07-29,COST,COST260821P00952500,unusual_volume,P,952.5,2026-08-21,23,8-30,0.022,ATM,390,31,476580,470925,974.03,WIDE_MARKET,MONTHLY_EXPIRY|PROBABLE_MULTI_LEG(6)|EARNINGS_DATE_UNCHECKED
2026-07-29,COST,COST281215C01220000,unusual_volume,C,1220.0,2028-12-15,870,91+,0.253,OTM_15+,344,2,3802232,3818400,974.03,,QUARTERLY_EXPIRY|PROBABLE_MULTI_LEG(9)|EARNINGS_DATE_UNCHECKED
2026-07-29,COST,COST281215C01420000,unusual_volume,C,1420.0,2028-12-15,870,91+,0.458,OTM_15+,344,6,2427608,2475940,974.03,,QUARTERLY_EXPIRY|PROBABLE_MULTI_LEG(9)|EARNINGS_DATE_UNCHECKED
2026-07-29,GOOGL,GOOGL260729C00277500,unusual_volume,C,277.5,2026-07-29,0,0-7,-0.176,ITM_15+,315,19,1981350,1851412,336.71,LAST_OUTSIDE_QUOTE,NEAR_EXPIRY|WEEKLY_EXPIRY|DEEP_ITM|PROBABLE_MULTI_LEG(10)|EARNINGS_DATE_UNCHECKED
2026-07-29,GOOGL,GOOGL260729C00280000,unusual_volume,C,280.0,2026-07-29,0,0-7,-0.168,ITM_15+,864,24,5227200,4866480,336.71,LAST_OUTSIDE_QUOTE,NEAR_EXPIRY|WEEKLY_EXPIRY|DEEP_ITM|PROBABLE_MULTI_LEG(5)|EARNINGS_DATE_UNCHECKED
2026-07-29,GOOGL,GOOGL260729C00282500,unusual_volume,C,282.5,2026-07-29,0,0-7,-0.161,ITM_15+,853,1,5012228,4591272,336.71,LAST_OUTSIDE_QUOTE,NEAR_EXPIRY|WEEKLY_EXPIRY|DEEP_ITM|PROBABLE_MULTI_LEG(4)|EARNINGS_DATE_UNCHECKED
2026-07-29,GOOGL,GOOGL260729C00285000,unusual_volume,C,285.0,2026-07-29,0,0-7,-0.154,ITM_15+,344,18,1938440,1775039,336.71,LAST_OUTSIDE_QUOTE,NEAR_EXPIRY|WEEKLY_EXPIRY|DEEP_ITM|PROBABLE_MULTI_LEG(15)|EARNINGS_DATE_UNCHECKED
2026-07-29,GOOGL,GOOGL260729C00287500,unusual_volume,C,287.5,2026-07-29,0,0-7,-0.146,ITM_5-15,322,2,1613542,1581020,336.71,,NEAR_EXPIRY|WEEKLY_EXPIRY|DEEP_ITM|PROBABLE_MULTI_LEG(10)|EARNINGS_DATE_UNCHECKED
2026-07-29,GOOGL,GOOGL260729C00290000,unusual_volume,C,290.0,2026-07-29,0,0-7,-0.139,ITM_5-15,379,46,1712700,1752875,336.71,,NEAR_EXPIRY|WEEKLY_EXPIRY|DEEP_ITM|PROBABLE_MULTI_LEG(9)|EARNINGS_DATE_UNCHECKED
2026-07-29,GOOGL,GOOGL260729C00292500,unusual_volume,C,292.5,2026-07-29,0,0-7,-0.131,ITM_5-15,476,3,2096780,2093209,336.71,,NEAR_EXPIRY|WEEKLY_EXPIRY|DEEP_ITM|PROBABLE_MULTI_LEG(12)|EARNINGS_DATE_UNCHECKED
2026-07-29,GOOGL,GOOGL260729C00295000,unusual_volume,C,295.0,2026-07-29,0,0-7,-0.124,ITM_5-15,669,55,2779694,2764642,336.71,,NEAR_EXPIRY|WEEKLY_EXPIRY|DEEP_ITM|PROBABLE_MULTI_LEG(5)|EARNINGS_DATE_UNCHECKED
2026-07-29,GOOGL,GOOGL260729C00297500,unusual_volume,C,297.5,2026-07-29,0,0-7,-0.116,ITM_5-15,436,0,1927120,1702580,336.71,LAST_OUTSIDE_QUOTE,NEAR_EXPIRY|WEEKLY_EXPIRY|DEEP_ITM|PROBABLE_MULTI_LEG(12)|EARNINGS_DATE_UNCHECKED
2026-07-29,GOOGL,GOOGL260729C00300000,unusual_volume,C,300.0,2026-07-29,0,0-7,-0.109,ITM_5-15,424,25,1544632,1546539,336.71,,NEAR_EXPIRY|WEEKLY_EXPIRY|DEEP_ITM|PROBABLE_MULTI_LEG(12)|EARNINGS_DATE_UNCHECKED
2026-07-29,GOOGL,GOOGL260729C00332500,unusual_volume,C,332.5,2026-07-29,0,0-7,-0.013,ATM,8164,1547,3134976,3612569,336.71,WIDE_MARKET,NEAR_EXPIRY|WEEKLY_EXPIRY|PROBABLE_MULTI_LEG(2)|EARNINGS_DATE_UNCHECKED
2026-07-29,GOOGL,GOOGL260729C00335000,unusual_volume,C,335.0,2026-07-29,0,0-7,-0.005,ATM,33975,2835,5945625,6947887,336.71,LAST_OUTSIDE_QUOTE,NEAR_EXPIRY|WEEKLY_EXPIRY|PROBABLE_MULTI_LEG(2)|EARNINGS_DATE_UNCHECKED
2026-07-29,GOOGL,GOOGL260729C00337500,unusual_volume,C,337.5,2026-07-29,0,0-7,0.002,ATM,27321,926,1830507,2021754,336.71,WIDE_MARKET,NEAR_EXPIRY|WEEKLY_EXPIRY|EARNINGS_DATE_UNCHECKED
2026-07-29,GOOGL,GOOGL260729C00340000,unusual_volume,C,340.0,2026-07-29,0,0-7,0.01,ATM,33327,2005,599886,599886,336.71,WIDE_MARKET,NEAR_EXPIRY|WEEKLY_EXPIRY|PROBABLE_MULTI_LEG(2)|EARNINGS_DATE_UNCHECKED
2026-07-29,GOOGL,GOOGL260729P00335000,unusual_volume,P,335.0,2026-07-29,0,0-7,0.005,ATM,13464,459,632808,666468,336.71,WIDE_MARKET,NEAR_EXPIRY|WEEKLY_EXPIRY|EARNINGS_DATE_UNCHECKED
2026-07-29,GOOGL,GOOGL260729P00337500,unusual_volume,P,337.5,2026-07-29,0,0-7,-0.002,ATM,4877,133,1150972,785196,336.71,WIDE_MARKET|LAST_OUTSIDE_QUOTE,NEAR_EXPIRY|WEEKLY_EXPIRY|PROBABLE_MULTI_LEG(4)|EARNINGS_DATE_UNCHECKED
2026-07-29,GOOGL,GOOGL260729P00340000,unusual_volume,P,340.0,2026-07-29,0,0-7,-0.01,ATM,5045,91,2154215,1934757,336.71,WIDE_MARKET,NEAR_EXPIRY|WEEKLY_EXPIRY|PROBABLE_MULTI_LEG(4)|EARNINGS_DATE_UNCHECKED
2026-07-29,GOOGL,GOOGL260729P00342500,unusual_volume,P,342.5,2026-07-29,0,0-7,-0.017,ATM,1009,63,593292,615490,336.71,WIDE_MARKET,NEAR_EXPIRY|WEEKLY_EXPIRY|PROBABLE_MULTI_LEG(5)|EARNINGS_DATE_UNCHECKED
2026-07-29,GOOGL,GOOGL260803C00335000,unusual_volume,C,335.0,2026-08-03,5,0-7,-0.005,ATM,1535,364,951700,1009262,336.71,,WEEKLY_EXPIRY|PROBABLE_MULTI_LEG(5)|EARNINGS_DATE_UNCHECKED
2026-07-29,GOOGL,GOOGL260803C00340000,unusual_volume,C,340.0,2026-08-03,5,0-7,0.01,ATM,1735,508,687060,694000,336.71,,WEEKLY_EXPIRY|PROBABLE_MULTI_LEG(4)|EARNINGS_DATE_UNCHECKED
2026-07-29,GOOGL,GOOGL260807C00332500,unusual_volume,C,332.5,2026-08-07,9,8-30,-0.013,ATM,803,263,790954,805007,336.71,,WEEKLY_EXPIRY|PROBABLE_MULTI_LEG(4)|EARNINGS_DATE_UNCHECKED
2026-07-29,MA,MA260731P00555000,unusual_volume,P,555.0,2026-07-31,2,0-7,0.015,ATM,707,26,365519,367639,563.32,WIDE_MARKET,NEAR_EXPIRY|WEEKLY_EXPIRY|PROBABLE_MULTI_LEG(2)|EARNINGS_DATE_UNCHECKED
2026-07-29,MCO,MCO260918P00450000,unusual_volume,P,450.0,2026-09-18,51,31-90,0.046,ATM,200,1,217800,216000,471.5,STALE_LAST,QUARTERLY_EXPIRY|EARNINGS_DATE_UNCHECKED
2026-07-29,MSFT,MSFT260814P00395000,unusual_volume,P,395.0,2026-08-14,16,8-30,-0.011,ATM,1603,439,3061730,2885400,390.54,,WEEKLY_EXPIRY|PROBABLE_MULTI_LEG(7)|EARNINGS_DATE_UNCHECKED
2026-07-29,NVDA,NVDA260729C00115000,unusual_volume,C,115.0,2026-07-29,0,0-7,-0.395,ITM_15+,378,27,3028536,2873745,190.01,LAST_OUTSIDE_QUOTE,NEAR_EXPIRY|WEEKLY_EXPIRY|DEEP_ITM|PROBABLE_MULTI_LEG(20)|EARNINGS_DATE_UNCHECKED
2026-07-29,NVDA,NVDA260729C00120000,unusual_volume,C,120.0,2026-07-29,0,0-7,-0.368,ITM_15+,250,37,1885250,1751250,190.01,LAST_OUTSIDE_QUOTE,NEAR_EXPIRY|WEEKLY_EXPIRY|DEEP_ITM|PROBABLE_MULTI_LEG(34)|EARNINGS_DATE_UNCHECKED
2026-07-29,NVDA,NVDA260729C00125000,unusual_volume,C,125.0,2026-07-29,0,0-7,-0.342,ITM_15+,267,42,1842567,1754189,190.01,LAST_OUTSIDE_QUOTE,NEAR_EXPIRY|WEEKLY_EXPIRY|DEEP_ITM|PROBABLE_MULTI_LEG(34)|EARNINGS_DATE_UNCHECKED
2026-07-29,NVDA,NVDA260729C00130000,unusual_volume,C,130.0,2026-07-29,0,0-7,-0.316,ITM_15+,447,21,2865269,2717760,190.01,LAST_OUTSIDE_QUOTE,NEAR_EXPIRY|WEEKLY_EXPIRY|DEEP_ITM|PROBABLE_MULTI_LEG(14)|EARNINGS_DATE_UNCHECKED
2026-07-29,NVDA,NVDA260729C00135000,unusual_volume,C,135.0,2026-07-29,0,0-7,-0.29,ITM_15+,475,33,2873750,2620812,190.01,LAST_OUTSIDE_QUOTE,NEAR_EXPIRY|WEEKLY_EXPIRY|DEEP_ITM|PROBABLE_MULTI_LEG(17)|EARNINGS_DATE_UNCHECKED
2026-07-29,NVDA,NVDA260729C00140000,unusual_volume,C,140.0,2026-07-29,0,0-7,-0.263,ITM_15+,552,66,3069120,2772420,190.01,LAST_OUTSIDE_QUOTE,NEAR_EXPIRY|WEEKLY_EXPIRY|DEEP_ITM|PROBABLE_MULTI_LEG(28)|EARNINGS_DATE_UNCHECKED
2026-07-29,NVDA,NVDA260729C00145000,unusual_volume,C,145.0,2026-07-29,0,0-7,-0.237,ITM_15+,339,55,1710932,1536517,190.01,LAST_OUTSIDE_QUOTE,NEAR_EXPIRY|WEEKLY_EXPIRY|DEEP_ITM|PROBABLE_MULTI_LEG(23)|EARNINGS_DATE_UNCHECKED
2026-07-29,NVDA,NVDA260729C00150000,unusual_volume,C,150.0,2026-07-29,0,0-7,-0.211,ITM_15+,255,43,1125825,1030837,190.01,LAST_OUTSIDE_QUOTE,NEAR_EXPIRY|WEEKLY_EXPIRY|DEEP_ITM|PROBABLE_MULTI_LEG(34)|EARNINGS_DATE_UNCHECKED
2026-07-29,NVDA,NVDA260729C00155000,unusual_volume,C,155.0,2026-07-29,0,0-7,-0.184,ITM_15+,252,19,933408,878220,190.01,LAST_OUTSIDE_QUOTE,NEAR_EXPIRY|WEEKLY_EXPIRY|DEEP_ITM|PROBABLE_MULTI_LEG(35)|EARNINGS_DATE_UNCHECKED
2026-07-29,NVDA,NVDA260729C00170000,unusual_volume,C,170.0,2026-07-29,0,0-7,-0.105,ITM_5-15,679,126,1586823,1380067,190.01,LAST_OUTSIDE_QUOTE,NEAR_EXPIRY|WEEKLY_EXPIRY|DEEP_ITM|PROBABLE_MULTI_LEG(19)|EARNINGS_DATE_UNCHECKED
2026-07-29,NVDA,NVDA260729C00182500,unusual_volume,C,182.5,2026-07-29,0,0-7,-0.04,ATM,1138,320,1547680,805135,190.01,LAST_OUTSIDE_QUOTE,NEAR_EXPIRY|WEEKLY_EXPIRY|PROBABLE_MULTI_LEG(22)|EARNINGS_DATE_UNCHECKED
2026-07-29,NVDA,NVDA260729C00187500,unusual_volume,C,187.5,2026-07-29,0,0-7,-0.013,ATM,6209,1752,1775773,1862700,190.01,WIDE_MARKET,NEAR_EXPIRY|WEEKLY_EXPIRY|PROBABLE_MULTI_LEG(4)|EARNINGS_DATE_UNCHECKED
2026-07-29,NVDA,NVDA260729C00190000,unusual_volume,C,190.0,2026-07-29,0,0-7,-0.0,ATM,39405,1143,2561325,2817457,190.01,,NEAR_EXPIRY|WEEKLY_EXPIRY|PROBABLE_MULTI_LEG(2)|EARNINGS_DATE_UNCHECKED
2026-07-29,NVDA,NVDA260729C00192500,unusual_volume,C,192.5,2026-07-29,0,0-7,0.013,ATM,215576,2110,1509032,1293456,190.01,WIDE_MARKET,NEAR_EXPIRY|WEEKLY_EXPIRY|EARNINGS_DATE_UNCHECKED
2026-07-29,NVDA,NVDA260729P00187500,unusual_volume,P,187.5,2026-07-29,0,0-7,0.013,ATM,144584,5758,2313344,2457928,190.01,,NEAR_EXPIRY|WEEKLY_EXPIRY|EARNINGS_DATE_UNCHECKED
2026-07-29,NVDA,NVDA260729P00190000,unusual_volume,P,190.0,2026-07-29,0,0-7,0.0,ATM,412318,30663,22677490,23708284,190.01,,NEAR_EXPIRY|WEEKLY_EXPIRY|EARNINGS_DATE_UNCHECKED
2026-07-29,NVDA,NVDA260729P00192500,unusual_volume,P,192.5,2026-07-29,0,0-7,-0.013,ATM,246445,14946,60871915,61364805,190.01,,NEAR_EXPIRY|WEEKLY_EXPIRY|EARNINGS_DATE_UNCHECKED
2026-07-29,NVDA,NVDA260729P00195000,unusual_volume,P,195.0,2026-07-29,0,0-7,-0.026,ATM,93297,14498,45435639,50147137,190.01,WIDE_MARKET,NEAR_EXPIRY|WEEKLY_EXPIRY|EARNINGS_DATE_UNCHECKED
2026-07-29,NVDA,NVDA260729P00197500,unusual_volume,P,197.5,2026-07-29,0,0-7,-0.039,ATM,20511,7972,14973029,14203867,190.01,,NEAR_EXPIRY|WEEKLY_EXPIRY|PROBABLE_MULTI_LEG(3)|EARNINGS_DATE_UNCHECKED
2026-07-29,NVDA,NVDA260729P00217500,unusual_volume,P,217.5,2026-07-29,0,0-7,-0.145,ITM_5-15,720,2,1838880,1949400,190.01,,NEAR_EXPIRY|WEEKLY_EXPIRY|DEEP_ITM|PROBABLE_MULTI_LEG(15)|EARNINGS_DATE_UNCHECKED
2026-07-29,NVDA,NVDA260731C00172500,unusual_volume,C,172.5,2026-07-31,2,0-7,-0.092,ITM_5-15,1242,135,2465370,2263545,190.01,,NEAR_EXPIRY|WEEKLY_EXPIRY|DEEP_ITM|PROBABLE_MULTI_LEG(18)|EARNINGS_DATE_UNCHECKED
2026-07-29,NVDA,NVDA260731C00177500,unusual_volume,C,177.5,2026-07-31,2,0-7,-0.066,ITM_5-15,5964,1487,8105075,7947030,190.01,,NEAR_EXPIRY|WEEKLY_EXPIRY|PROBABLE_MULTI_LEG(8)|EARNINGS_DATE_UNCHECKED
2026-07-29,NVDA,NVDA260731C00182500,unusual_volume,C,182.5,2026-07-31,2,0-7,-0.04,ATM,8870,1608,7628200,7872125,190.01,,NEAR_EXPIRY|WEEKLY_EXPIRY|PROBABLE_MULTI_LEG(5)|EARNINGS_DATE_UNCHECKED
2026-07-29,NVDA,NVDA260731C00187500,unusual_volume,C,187.5,2026-07-31,2,0-7,-0.013,ATM,6719,1201,3359500,3275512,190.01,,NEAR_EXPIRY|WEEKLY_EXPIRY|PROBABLE_MULTI_LEG(5)|EARNINGS_DATE_UNCHECKED
2026-07-29,NVDA,NVDA260731C00190000,unusual_volume,C,190.0,2026-07-31,2,0-7,-0.0,ATM,15219,5990,5402745,5250555,190.01,LAST_OUTSIDE_QUOTE,NEAR_EXPIRY|WEEKLY_EXPIRY|PROBABLE_MULTI_LEG(4)|EARNINGS_DATE_UNCHECKED
2026-07-29,NVDA,NVDA260731C00192500,unusual_volume,C,192.5,2026-07-31,2,0-7,0.013,ATM,27754,6173,6466682,6438928,190.01,,NEAR_EXPIRY|WEEKLY_EXPIRY|PROBABLE_MULTI_LEG(6)|EARNINGS_DATE_UNCHECKED
2026-07-29,NVDA,NVDA260731C00195000,unusual_volume,C,195.0,2026-07-31,2,0-7,0.026,ATM,65302,18863,9925904,9925904,190.01,,NEAR_EXPIRY|WEEKLY_EXPIRY|EARNINGS_DATE_UNCHECKED
2026-07-29,NVDA,NVDA260731P00215000,unusual_volume,P,215.0,2026-07-31,2,0-7,-0.132,ITM_5-15,5231,969,12465473,12985957,190.01,,NEAR_EXPIRY|WEEKLY_EXPIRY|DEEP_ITM|PROBABLE_MULTI_LEG(12)|EARNINGS_DATE_UNCHECKED
2026-07-29,NVDA,NVDA260731P00217500,unusual_volume,P,217.5,2026-07-31,2,0-7,-0.145,ITM_5-15,17721,81,48466935,47137860,190.01,,NEAR_EXPIRY|WEEKLY_EXPIRY|DEEP_ITM|PROBABLE_MULTI_LEG(2)|EARNINGS_DATE_UNCHECKED
2026-07-29,NVDA,NVDA260731P00220000,unusual_volume,P,220.0,2026-07-31,2,0-7,-0.158,ITM_15+,1293,99,3639794,3930719,190.01,LAST_OUTSIDE_QUOTE,NEAR_EXPIRY|WEEKLY_EXPIRY|DEEP_ITM|PROBABLE_MULTI_LEG(23)|EARNINGS_DATE_UNCHECKED
2026-07-29,NVDA,NVDA260731P00222500,unusual_volume,P,222.5,2026-07-31,2,0-7,-0.171,ITM_15+,282,18,875610,898875,190.01,,NEAR_EXPIRY|WEEKLY_EXPIRY|DEEP_ITM|PROBABLE_MULTI_LEG(29)|EARNINGS_DATE_UNCHECKED
2026-07-29,NVDA,NVDA260803C00175000,unusual_volume,C,175.0,2026-08-03,5,0-7,-0.079,ITM_5-15,485,96,862815,769937,190.01,LAST_OUTSIDE_QUOTE,WEEKLY_EXPIRY|DEEP_ITM|PROBABLE_MULTI_LEG(22)|EARNINGS_DATE_UNCHECKED
2026-07-29,NVDA,NVDA260803C00177500,unusual_volume,C,177.5,2026-08-03,5,0-7,-0.066,ITM_5-15,322,104,494913,436310,190.01,LAST_OUTSIDE_QUOTE,WEEKLY_EXPIRY|PROBABLE_MULTI_LEG(30)|EARNINGS_DATE_UNCHECKED
2026-07-29,NVDA,NVDA260803C00192500,unusual_volume,C,192.5,2026-08-03,5,0-7,0.013,ATM,3129,998,938700,930877,190.01,,WEEKLY_EXPIRY|PROBABLE_MULTI_LEG(9)|EARNINGS_DATE_UNCHECKED
2026-07-29,NVDA,NVDA260803C00195000,unusual_volume,C,195.0,2026-08-03,5,0-7,0.026,ATM,7512,2451,1645128,1592544,190.01,,WEEKLY_EXPIRY|PROBABLE_MULTI_LEG(6)|EARNINGS_DATE_UNCHECKED
2026-07-29,NVDA,NVDA260805C00182500,unusual_volume,C,182.5,2026-08-05,7,0-7,-0.04,ATM,477,137,527085,472229,190.01,LAST_OUTSIDE_QUOTE,WEEKLY_EXPIRY|PROBABLE_MULTI_LEG(17)|EARNINGS_DATE_UNCHECKED
2026-07-29,NVDA,NVDA260805C00185000,unusual_volume,C,185.0,2026-08-05,7,0-7,-0.026,ATM,565,141,513585,464712,190.01,LAST_OUTSIDE_QUOTE,WEEKLY_EXPIRY|PROBABLE_MULTI_LEG(29)|EARNINGS_DATE_UNCHECKED
2026-07-29,NVDA,NVDA260805C00190000,unusual_volume,C,190.0,2026-08-05,7,0-7,-0.0,ATM,1381,544,704310,711215,190.01,,WEEKLY_EXPIRY|PROBABLE_MULTI_LEG(14)|EARNINGS_DATE_UNCHECKED
2026-07-29,NVDA,NVDA260805C00192500,unusual_volume,C,192.5,2026-08-05,7,0-7,0.013,ATM,1655,640,637175,699237,190.01,,WEEKLY_EXPIRY|PROBABLE_MULTI_LEG(14)|EARNINGS_DATE_UNCHECKED
2026-07-29,NVDA,NVDA260805C00195000,unusual_volume,C,195.0,2026-08-05,7,0-7,0.026,ATM,2159,648,647700,653097,190.01,,WEEKLY_EXPIRY|PROBABLE_MULTI_LEG(12)|EARNINGS_DATE_UNCHECKED
2026-07-29,NVDA,NVDA260807C00155000,unusual_volume,C,155.0,2026-08-07,9,8-30,-0.184,ITM_15+,257,67,942676,916205,190.01,,WEEKLY_EXPIRY|DEEP_ITM|PROBABLE_MULTI_LEG(34)|EARNINGS_DATE_UNCHECKED
2026-07-29,NVDA,NVDA260807C00177500,unusual_volume,C,177.5,2026-08-07,9,8-30,-0.066,ITM_5-15,802,124,1311270,1180945,190.01,LAST_OUTSIDE_QUOTE,WEEKLY_EXPIRY|PROBABLE_MULTI_LEG(20)|EARNINGS_DATE_UNCHECKED
2026-07-29,NVDA,NVDA260810P00192500,unusual_volume,P,192.5,2026-08-10,12,8-30,-0.013,ATM,709,283,496300,515797,190.01,,WEEKLY_EXPIRY|PROBABLE_MULTI_LEG(17)|EARNINGS_DATE_UNCHECKED
2026-07-29,NVDA,NVDA260814C00192500,unusual_volume,C,192.5,2026-08-14,16,8-30,0.013,ATM,1008,289,614879,627479,190.01,,WEEKLY_EXPIRY|PROBABLE_MULTI_LEG(19)|EARNINGS_DATE_UNCHECKED
2026-07-29,ORCL,ORCL260814C00127000,oi_build,C,127.0,2026-08-14,16,8-30,0.079,OTM_5-15,2420,4259,786500,804650,117.74,,WEEKLY_EXPIRY|PROBABLE_MULTI_LEG(5)|EARNINGS_DATE_UNCHECKED
2026-07-29,ORCL,ORCL260814C00140000,unusual_volume,C,140.0,2026-08-14,16,8-30,0.189,OTM_15+,8703,3116,957330,1005196,117.74,WIDE_MARKET,WEEKLY_EXPIRY|EARNINGS_DATE_UNCHECKED
2026-07-29,ORCL,ORCL260918C00155000,oi_build,C,155.0,2026-09-18,51,31-90,0.316,OTM_15+,1517,9808,515780,493025,117.74,,QUARTERLY_EXPIRY|PROBABLE_MULTI_LEG(11)|EARNINGS_DATE_UNCHECKED
2026-07-29,SOLS,SOLS260821P00050000,oi_build,P,50.0,2026-08-21,23,8-30,0.102,OTM_5-15,740,3235,99900,101750,55.66,WIDE_MARKET,MONTHLY_EXPIRY|PROBABLE_MULTI_LEG(2)|EARNINGS_DATE_UNCHECKED
2026-07-29,SPGI,SPGI260918C00450000,oi_build,C,450.0,2026-09-18,51,31-90,0.076,OTM_5-15,1,127,880,860,418.065,,QUARTERLY_EXPIRY|EARNINGS_DATE_UNCHECKED
2026-07-29,TSM,TSM260731C00390000,unusual_volume,C,390.0,2026-07-31,2,0-7,0.041,ATM,3032,662,818640,839864,374.67,,NEAR_EXPIRY|WEEKLY_EXPIRY|PROBABLE_MULTI_LEG(5)|EARNINGS_DATE_UNCHECKED
2026-07-29,TSM,TSM260731C00392500,unusual_volume,C,392.5,2026-07-31,2,0-7,0.048,ATM,1247,227,296785,262493,374.67,LAST_OUTSIDE_QUOTE,NEAR_EXPIRY|WEEKLY_EXPIRY|PROBABLE_MULTI_LEG(9)|EARNINGS_DATE_UNCHECKED
2026-07-29,TSM,TSM260807C00382500,unusual_volume,C,382.5,2026-08-07,9,8-30,0.021,ATM,554,25,889170,566465,374.67,LAST_OUTSIDE_QUOTE,WEEKLY_EXPIRY|PROBABLE_MULTI_LEG(10)|EARNINGS_DATE_UNCHECKED
2026-07-29,TSM,TSM260807C00387500,unusual_volume,C,387.5,2026-08-07,9,8-30,0.034,ATM,1413,299,1215180,1158659,374.67,,WEEKLY_EXPIRY|PROBABLE_MULTI_LEG(2)|EARNINGS_DATE_UNCHECKED
2026-07-29,TSM,TSM260807C00390000,unusual_volume,C,390.0,2026-08-07,9,8-30,0.041,ATM,804,214,578880,596970,374.67,,WEEKLY_EXPIRY|PROBABLE_MULTI_LEG(7)|EARNINGS_DATE_UNCHECKED
2026-07-29,TSM,TSM260807C00392500,unusual_volume,C,392.5,2026-08-07,9,8-30,0.048,ATM,558,38,415152,368280,374.67,LAST_OUTSIDE_QUOTE,WEEKLY_EXPIRY|PROBABLE_MULTI_LEG(12)|EARNINGS_DATE_UNCHECKED
2026-07-29,TSM,TSM260807C00395000,unusual_volume,C,395.0,2026-08-07,9,8-30,0.054,OTM_5-15,681,132,408600,400087,374.67,,WEEKLY_EXPIRY|PROBABLE_MULTI_LEG(6)|EARNINGS_DATE_UNCHECKED
2026-07-29,TSM,TSM260807C00397500,unusual_volume,C,397.5,2026-08-07,9,8-30,0.061,OTM_5-15,1336,47,718768,698060,374.67,,WEEKLY_EXPIRY|PROBABLE_MULTI_LEG(5)|EARNINGS_DATE_UNCHECKED
2026-07-29,TSM,TSM260807P00392500,unusual_volume,P,392.5,2026-08-07,9,8-30,-0.048,ATM,1154,100,2782294,2786910,374.67,,WEEKLY_EXPIRY|PROBABLE_MULTI_LEG(7)|EARNINGS_DATE_UNCHECKED
2026-07-29,TSM,TSM260814C00385000,unusual_volume,C,385.0,2026-08-14,16,8-30,0.028,ATM,653,34,848900,821147,374.67,,WEEKLY_EXPIRY|PROBABLE_MULTI_LEG(6)|EARNINGS_DATE_UNCHECKED
2026-07-29,TSM,TSM270219P00230000,unusual_volume,P,230.0,2027-02-19,205,91+,0.386,OTM_15+,517,18,232650,241697,374.67,WIDE_MARKET,MONTHLY_EXPIRY|PROBABLE_MULTI_LEG(7)|EARNINGS_DATE_UNCHECKED
2026-07-29,TSM,TSM270917P00290000,unusual_volume,P,290.0,2027-09-17,415,91+,0.226,OTM_15+,1102,23,3069070,3135190,374.67,,QUARTERLY_EXPIRY|PROBABLE_MULTI_LEG(5)|EARNINGS_DATE_UNCHECKED
2026-07-29,TSM,TSM280616P00240000,unusual_volume,P,240.0,2028-06-16,688,91+,0.359,OTM_15+,265,17,675750,669125,374.67,,QUARTERLY_EXPIRY|PROBABLE_MULTI_LEG(17)|EARNINGS_DATE_UNCHECKED
2026-07-29,V,V260731C00367500,unusual_volume,C,367.5,2026-07-31,2,0-7,-0.003,ATM,948,313,418068,426600,368.73,,NEAR_EXPIRY|WEEKLY_EXPIRY|PROBABLE_MULTI_LEG(4)|EARNINGS_DATE_UNCHECKED
2026-07-29,V,V261016P00375000,unusual_volume,P,375.0,2026-10-16,79,31-90,-0.017,ATM,1494,9,2569680,2704140,368.73,LAST_OUTSIDE_QUOTE,MONTHLY_EXPIRY|PROBABLE_MULTI_LEG(3)|EARNINGS_DATE_UNCHECKED
2026-07-29,V,V261120C00420000,unusual_volume,C,420.0,2026-11-20,114,91+,0.139,OTM_5-15,1864,29,1006560,1001900,368.73,,MONTHLY_EXPIRY|PROBABLE_MULTI_LEG(2)|EARNINGS_DATE_UNCHECKED
2026-07-30,AAPL,AAPL260731C00315000,unusual_volume,C,315.0,2026-07-31,1,0-7,-0.055,ITM_5-15,6358,2250,12601556,12795475,333.43,,NEAR_EXPIRY|WEEKLY_EXPIRY|PROBABLE_MULTI_LEG(5)|EARNINGS_DATE_UNCHECKED
2026-07-30,AAPL,AAPL260731C00332500,unusual_volume,C,332.5,2026-07-31,1,0-7,-0.003,ATM,31168,1875,21817600,21583840,333.43,,NEAR_EXPIRY|WEEKLY_EXPIRY|PROBABLE_MULTI_LEG(2)|EARNINGS_DATE_UNCHECKED
2026-07-30,AAPL,AAPL260731C00335000,unusual_volume,C,335.0,2026-07-31,1,0-7,0.005,ATM,35162,5001,19690720,19602815,333.43,,NEAR_EXPIRY|WEEKLY_EXPIRY|PROBABLE_MULTI_LEG(3)|EARNINGS_DATE_UNCHECKED
2026-07-30,AAPL,AAPL260731C00347500,unusual_volume,C,347.5,2026-07-31,1,0-7,0.042,ATM,16866,4617,2243178,2285343,333.43,,NEAR_EXPIRY|WEEKLY_EXPIRY|PROBABLE_MULTI_LEG(2)|EARNINGS_DATE_UNCHECKED
2026-07-30,AAPL,AAPL260731C00350000,unusual_volume,C,350.0,2026-07-31,1,0-7,0.05,OTM_5-15,32068,9240,3174732,3174732,333.43,,NEAR_EXPIRY|WEEKLY_EXPIRY|PROBABLE_MULTI_LEG(2)|EARNINGS_DATE_UNCHECKED
2026-07-30,AAPL,AAPL260731C00352500,unusual_volume,C,352.5,2026-07-31,1,0-7,0.057,OTM_5-15,10094,2185,696486,716674,333.43,,NEAR_EXPIRY|WEEKLY_EXPIRY|PROBABLE_MULTI_LEG(5)|EARNINGS_DATE_UNCHECKED
2026-07-30,AAPL,AAPL260731P00322500,unusual_volume,P,322.5,2026-07-31,1,0-7,0.033,ATM,13615,2387,3240369,3226755,333.43,,NEAR_EXPIRY|WEEKLY_EXPIRY|EARNINGS_DATE_UNCHECKED
2026-07-30,AAPL,AAPL260731P00330000,unusual_volume,P,330.0,2026-07-31,1,0-7,0.01,ATM,34858,13654,16208970,16296115,333.43,,NEAR_EXPIRY|WEEKLY_EXPIRY|PROBABLE_MULTI_LEG(2)|EARNINGS_DATE_UNCHECKED
2026-07-30,AAPL,AAPL260731P00332500,unusual_volume,P,332.5,2026-07-31,1,0-7,0.003,ATM,10831,3913,6227825,6173670,333.43,,NEAR_EXPIRY|WEEKLY_EXPIRY|PROBABLE_MULTI_LEG(5)|EARNINGS_DATE_UNCHECKED
2026-07-30,AAPL,AAPL260803C00332500,unusual_volume,C,332.5,2026-08-03,4,0-7,-0.003,ATM,2066,148,1590820,1580490,333.43,,WEEKLY_EXPIRY|PROBABLE_MULTI_LEG(14)|EARNINGS_DATE_UNCHECKED
2026-07-30,AAPL,AAPL260803C00335000,unusual_volume,C,335.0,2026-08-03,4,0-7,0.005,ATM,3906,262,2327976,2441250,333.43,,WEEKLY_EXPIRY|PROBABLE_MULTI_LEG(6)|EARNINGS_DATE_UNCHECKED
2026-07-30,AAPL,AAPL260803C00337500,unusual_volume,C,337.5,2026-08-03,4,0-7,0.012,ATM,1956,194,978000,1051350,333.43,WIDE_MARKET,WEEKLY_EXPIRY|PROBABLE_MULTI_LEG(12)|EARNINGS_DATE_UNCHECKED
2026-07-30,AAPL,AAPL260803C00340000,unusual_volume,C,340.0,2026-08-03,4,0-7,0.02,ATM,2754,655,1156680,1163565,333.43,,WEEKLY_EXPIRY|PROBABLE_MULTI_LEG(5)|EARNINGS_DATE_UNCHECKED
2026-07-30,AAPL,AAPL260803C00347500,unusual_volume,C,347.5,2026-08-03,4,0-7,0.042,ATM,1137,332,231948,216030,333.43,WIDE_MARKET,WEEKLY_EXPIRY|PROBABLE_MULTI_LEG(12)|EARNINGS_DATE_UNCHECKED
2026-07-30,AAPL,AAPL260803C00350000,unusual_volume,C,350.0,2026-08-03,4,0-7,0.05,OTM_5-15,4807,760,721050,709032,333.43,,WEEKLY_EXPIRY|PROBABLE_MULTI_LEG(4)|EARNINGS_DATE_UNCHECKED
2026-07-30,AAPL,AAPL260803P00325000,unusual_volume,P,325.0,2026-08-03,4,0-7,0.025,ATM,2327,662,858662,837719,333.43,,WEEKLY_EXPIRY|PROBABLE_MULTI_LEG(2)|EARNINGS_DATE_UNCHECKED
2026-07-30,AAPL,AAPL260803P00332500,unusual_volume,P,332.5,2026-08-03,4,0-7,0.003,ATM,3659,280,2338101,2405792,333.43,,WEEKLY_EXPIRY|PROBABLE_MULTI_LEG(9)|EARNINGS_DATE_UNCHECKED
2026-07-30,AAPL,AAPL260805C00327500,unusual_volume,C,327.5,2026-08-05,6,0-7,-0.018,ATM,265,34,296800,290837,333.43,,WEEKLY_EXPIRY|PROBABLE_MULTI_LEG(22)|EARNINGS_DATE_UNCHECKED
2026-07-30,AAPL,AAPL260805C00332500,unusual_volume,C,332.5,2026-08-05,6,0-7,-0.003,ATM,406,132,335356,323785,333.43,,WEEKLY_EXPIRY|PROBABLE_MULTI_LEG(14)|EARNINGS_DATE_UNCHECKED
2026-07-30,AAPL,AAPL260805C00335000,unusual_volume,C,335.0,2026-08-05,6,0-7,0.005,ATM,706,183,490670,492434,333.43,WIDE_MARKET,WEEKLY_EXPIRY|PROBABLE_MULTI_LEG(14)|EARNINGS_DATE_UNCHECKED
2026-07-30,AAPL,AAPL260805C00337500,unusual_volume,C,337.5,2026-08-05,6,0-7,0.012,ATM,440,136,242000,249700,333.43,,WEEKLY_EXPIRY|PROBABLE_MULTI_LEG(12)|EARNINGS_DATE_UNCHECKED
2026-07-30,AAPL,AAPL260805C00340000,unusual_volume,C,340.0,2026-08-05,6,0-7,0.02,ATM,763,235,354795,350980,333.43,WIDE_MARKET,WEEKLY_EXPIRY|PROBABLE_MULTI_LEG(9)|EARNINGS_DATE_UNCHECKED
2026-07-30,AAPL,AAPL260805P00300000,unusual_volume,P,300.0,2026-08-05,6,0-7,0.1,OTM_5-15,4585,744,275100,284270,333.43,WIDE_MARKET,WEEKLY_EXPIRY|PROBABLE_MULTI_LEG(4)|EARNINGS_DATE_UNCHECKED
2026-07-30,AAPL,AAPL260805P00307500,unusual_volume,P,307.5,2026-08-05,6,0-7,0.078,OTM_5-15,3050,156,317200,337025,333.43,WIDE_MARKET,WEEKLY_EXPIRY|PROBABLE_MULTI_LEG(6)|EARNINGS_DATE_UNCHECKED
2026-07-30,AAPL,AAPL260805P00320000,unusual_volume,P,320.0,2026-08-05,6,0-7,0.04,ATM,1546,285,401960,404279,333.43,,WEEKLY_EXPIRY|PROBABLE_MULTI_LEG(12)|EARNINGS_DATE_UNCHECKED
2026-07-30,AAPL,AAPL260805P00332500,unusual_volume,P,332.5,2026-08-05,6,0-7,0.003,ATM,648,107,451008,464939,333.43,,WEEKLY_EXPIRY|PROBABLE_MULTI_LEG(16)|EARNINGS_DATE_UNCHECKED
2026-07-30,AAPL,AAPL260805P00337500,unusual_volume,P,337.5,2026-08-05,6,0-7,-0.012,ATM,374,104,350064,367455,333.43,,WEEKLY_EXPIRY|PROBABLE_MULTI_LEG(14)|EARNINGS_DATE_UNCHECKED
2026-07-30,AAPL,AAPL260807C00332500,unusual_volume,C,332.5,2026-08-07,8,8-30,-0.003,ATM,1513,485,1313284,1263355,333.43,,WEEKLY_EXPIRY|PROBABLE_MULTI_LEG(8)|EARNINGS_DATE_UNCHECKED
2026-07-30,AAPL,AAPL260807P00305000,unusual_volume,P,305.0,2026-08-07,8,8-30,0.085,OTM_5-15,2690,822,260929,246135,333.43,WIDE_MARKET,WEEKLY_EXPIRY|PROBABLE_MULTI_LEG(6)|EARNINGS_DATE_UNCHECKED
2026-07-30,AAPL,AAPL260807P00327500,unusual_volume,P,327.5,2026-08-07,8,8-30,0.018,ATM,5656,586,2969400,3011820,333.43,,WEEKLY_EXPIRY|PROBABLE_MULTI_LEG(4)|EARNINGS_DATE_UNCHECKED
2026-07-30,AAPL,AAPL260810C00330000,unusual_volume,C,330.0,2026-08-10,11,8-30,-0.01,ATM,1155,67,1189650,1166550,333.43,,WEEKLY_EXPIRY|PROBABLE_MULTI_LEG(11)|EARNINGS_DATE_UNCHECKED
2026-07-30,AAPL,AAPL260814C00355000,unusual_volume,C,355.0,2026-08-14,15,8-30,0.065,OTM_5-15,5318,1959,1063600,1281638,333.43,WIDE_MARKET,WEEKLY_EXPIRY|PROBABLE_MULTI_LEG(3)|EARNINGS_DATE_UNCHECKED
2026-07-30,ACN,ACN260807P00160000,unusual_volume,P,160.0,2026-08-07,8,8-30,0.02,ATM,3115,229,1246000,1168125,163.29,,WEEKLY_EXPIRY|EARNINGS_DATE_UNCHECKED
2026-07-30,ASML,ASML260731C01660000,unusual_volume,C,1660.0,2026-07-31,1,0-7,0.005,ATM,283,27,605620,590055,1651.4399,WIDE_MARKET,NEAR_EXPIRY|WEEKLY_EXPIRY|PROBABLE_MULTI_LEG(5)|EARNINGS_DATE_UNCHECKED
2026-07-30,ASML,ASML260807C01700000,unusual_volume,C,1700.0,2026-08-07,8,8-30,0.029,ATM,324,119,1321920,1359180,1651.4399,,WEEKLY_EXPIRY|PROBABLE_MULTI_LEG(4)|EARNINGS_DATE_UNCHECKED
2026-07-30,ASML,ASML260807C01740000,unusual_volume,C,1740.0,2026-08-07,8,8-30,0.054,OTM_5-15,271,22,742540,728990,1651.4399,,WEEKLY_EXPIRY|PROBABLE_MULTI_LEG(7)|EARNINGS_DATE_UNCHECKED
2026-07-30,ASML,ASML260807P01550000,unusual_volume,P,1550.0,2026-08-07,8,8-30,0.061,OTM_5-15,258,80,602946,612750,1651.4399,,WEEKLY_EXPIRY|PROBABLE_MULTI_LEG(3)|EARNINGS_DATE_UNCHECKED
2026-07-30,ASML,ASML260821C01860000,unusual_volume,C,1860.0,2026-08-21,22,8-30,0.126,OTM_5-15,452,58,1274188,1249780,1651.4399,,MONTHLY_EXPIRY|EARNINGS_DATE_UNCHECKED
2026-07-30,ASML,ASML261218C00820000,unusual_volume,C,820.0,2026-12-18,141,91+,-0.503,ITM_15+,263,22,22542256,22460200,1651.4399,,QUARTERLY_EXPIRY|DEEP_ITM|PROBABLE_MULTI_LEG(4)|EARNINGS_DATE_UNCHECKED
2026-07-30,ASML,ASML270115C00820000,unusual_volume,C,820.0,2027-01-15,169,91+,-0.503,ITM_15+,263,25,22701371,22616685,1651.4399,,MONTHLY_EXPIRY|DEEP_ITM|PROBABLE_MULTI_LEG(4)|EARNINGS_DATE_UNCHECKED
2026-07-30,GOOGL,GOOGL260731C00175000,unusual_volume,C,175.0,2026-07-31,1,0-7,-0.476,ITM_15+,264,1,4210008,4194960,333.66,,NEAR_EXPIRY|WEEKLY_EXPIRY|DEEP_ITM|PROBABLE_MULTI_LEG(9)|EARNINGS_DATE_UNCHECKED
2026-07-30,GOOGL,GOOGL260731C00332500,unusual_volume,C,332.5,2026-07-31,1,0-7,-0.003,ATM,11909,3054,4108605,4078832,333.66,,NEAR_EXPIRY|WEEKLY_EXPIRY|PROBABLE_MULTI_LEG(2)|EARNINGS_DATE_UNCHECKED
2026-07-30,GOOGL,GOOGL260731C00335000,unusual_volume,C,335.0,2026-07-31,1,0-7,0.004,ATM,37156,13064,8100008,8062852,333.66,,NEAR_EXPIRY|WEEKLY_EXPIRY|EARNINGS_DATE_UNCHECKED
2026-07-30,GOOGL,GOOGL260731P00330000,unusual_volume,P,330.0,2026-07-31,1,0-7,0.011,ATM,11605,3015,1439020,1456427,333.66,,NEAR_EXPIRY|WEEKLY_EXPIRY|PROBABLE_MULTI_LEG(2)|EARNINGS_DATE_UNCHECKED
2026-07-30,GOOGL,GOOGL260731P00332500,unusual_volume,P,332.5,2026-07-31,1,0-7,0.003,ATM,15046,3676,3295074,3174706,333.66,,NEAR_EXPIRY|WEEKLY_EXPIRY|PROBABLE_MULTI_LEG(2)|EARNINGS_DATE_UNCHECKED
2026-07-30,GOOGL,GOOGL260731P00335000,unusual_volume,P,335.0,2026-07-31,1,0-7,-0.004,ATM,2925,1119,979875,994500,333.66,,NEAR_EXPIRY|WEEKLY_EXPIRY|EARNINGS_DATE_UNCHECKED
2026-07-30,GOOGL,GOOGL260803C00332500,unusual_volume,C,332.5,2026-08-03,4,0-7,-0.003,ATM,3684,61,1694639,1740689,333.66,,WEEKLY_EXPIRY|EARNINGS_DATE_UNCHECKED
2026-07-30,GOOGL,GOOGL260803C00335000,unusual_volume,C,335.0,2026-08-03,4,0-7,0.004,ATM,5372,364,1826480,1786190,333.66,,WEEKLY_EXPIRY|PROBABLE_MULTI_LEG(3)|EARNINGS_DATE_UNCHECKED
2026-07-30,GOOGL,GOOGL260803C00337500,unusual_volume,C,337.5,2026-08-03,4,0-7,0.012,ATM,1532,376,379936,379170,333.66,,WEEKLY_EXPIRY|PROBABLE_MULTI_LEG(6)|EARNINGS_DATE_UNCHECKED
2026-07-30,GOOGL,GOOGL260803C00340000,unusual_volume,C,340.0,2026-08-03,4,0-7,0.019,ATM,2083,508,354110,381189,333.66,,WEEKLY_EXPIRY|PROBABLE_MULTI_LEG(4)|EARNINGS_DATE_UNCHECKED
2026-07-30,GOOGL,GOOGL260803P00330000,unusual_volume,P,330.0,2026-08-03,4,0-7,0.011,ATM,1578,225,362939,366885,333.66,,WEEKLY_EXPIRY|PROBABLE_MULTI_LEG(6)|EARNINGS_DATE_UNCHECKED
2026-07-30,GOOGL,GOOGL260805C00335000,unusual_volume,C,335.0,2026-08-05,6,0-7,0.004,ATM,474,160,227519,220410,333.66,,WEEKLY_EXPIRY|PROBABLE_MULTI_LEG(5)|EARNINGS_DATE_UNCHECKED
2026-07-30,GOOGL,GOOGL260807C00342500,unusual_volume,C,342.5,2026-08-07,8,8-30,0.026,ATM,1609,226,516489,507639,333.66,,WEEKLY_EXPIRY|PROBABLE_MULTI_LEG(7)|EARNINGS_DATE_UNCHECKED
2026-07-30,GOOGL,GOOGL260807P00327500,unusual_volume,P,327.5,2026-08-07,8,8-30,0.018,ATM,1343,292,480794,517054,333.66,LAST_OUTSIDE_QUOTE,WEEKLY_EXPIRY|PROBABLE_MULTI_LEG(5)|EARNINGS_DATE_UNCHECKED
2026-07-30,GOOGL,GOOGL260828P00300000,unusual_volume,P,300.0,2026-08-28,29,8-30,0.101,OTM_5-15,4730,1211,893969,927079,333.66,,WEEKLY_EXPIRY|PROBABLE_MULTI_LEG(2)|EARNINGS_DATE_UNCHECKED
2026-07-30,GOOGL,GOOGL260911P00295000,unusual_volume,P,295.0,2026-09-11,43,31-90,0.116,OTM_5-15,2611,0,613585,616196,333.66,WIDE_MARKET,WEEKLY_EXPIRY|PROBABLE_MULTI_LEG(2)|EARNINGS_DATE_UNCHECKED
2026-07-30,LULU,LULU261218P00350000,unusual_volume,P,350.0,2026-12-18,141,91+,-1.929,ITM_15+,3072,637,71239680,70848000,119.475,,QUARTERLY_EXPIRY|DEEP_ITM|EARNINGS_DATE_UNCHECKED
2026-07-30,MA,MA260807P00580000,unusual_volume,P,580.0,2026-08-07,8,8-30,-0.005,ATM,274,1,249340,261670,577.35,,WEEKLY_EXPIRY|EARNINGS_DATE_UNCHECKED
2026-07-30,MA,MA261016C00640000,unusual_volume,C,640.0,2026-10-16,78,31-90,0.109,OTM_5-15,1176,59,823200,876120,577.35,,MONTHLY_EXPIRY|EARNINGS_DATE_UNCHECKED
2026-07-30,MCO,MCO260918P00480000,unusual_volume,P,480.0,2026-09-18,50,31-90,0.005,ATM,76,8,149720,130339,482.26,LAST_OUTSIDE_QUOTE,QUARTERLY_EXPIRY|EARNINGS_DATE_UNCHECKED
2026-07-30,MSFT,MSFT260731C00437500,unusual_volume,C,437.5,2026-07-31,1,0-7,-0.03,ATM,3510,1108,5405400,5361524,451.1,,NEAR_EXPIRY|WEEKLY_EXPIRY|PROBABLE_MULTI_LEG(21)|EARNINGS_DATE_UNCHECKED
2026-07-30,MSFT,MSFT260731C00442500,unusual_volume,C,442.5,2026-07-31,1,0-7,-0.019,ATM,3565,835,3832375,3983887,451.1,LAST_OUTSIDE_QUOTE,NEAR_EXPIRY|WEEKLY_EXPIRY|PROBABLE_MULTI_LEG(21)|EARNINGS_DATE_UNCHECKED
2026-07-30,MSFT,MSFT260731C00445000,unusual_volume,C,445.0,2026-07-31,1,0-7,-0.014,ATM,11608,3939,10853480,10853480,451.1,,NEAR_EXPIRY|WEEKLY_EXPIRY|PROBABLE_MULTI_LEG(5)|EARNINGS_DATE_UNCHECKED
2026-07-30,MSFT,MSFT260731C00447500,unusual_volume,C,447.5,2026-07-31,1,0-7,-0.008,ATM,11881,2273,9267180,9178072,451.1,,NEAR_EXPIRY|WEEKLY_EXPIRY|PROBABLE_MULTI_LEG(4)|EARNINGS_DATE_UNCHECKED
2026-07-30,MSFT,MSFT260731C00450000,unusual_volume,C,450.0,2026-07-31,1,0-7,-0.002,ATM,41434,11627,25481910,25585495,451.1,,NEAR_EXPIRY|WEEKLY_EXPIRY|PROBABLE_MULTI_LEG(2)|EARNINGS_DATE_UNCHECKED
2026-07-30,MSFT,MSFT260731C00452500,unusual_volume,C,452.5,2026-07-31,1,0-7,0.003,ATM,13788,3399,6783695,6687179,451.1,,NEAR_EXPIRY|WEEKLY_EXPIRY|PROBABLE_MULTI_LEG(7)|EARNINGS_DATE_UNCHECKED
2026-07-30,MSFT,MSFT260731C00455000,unusual_volume,C,455.0,2026-07-31,1,0-7,0.009,ATM,28786,1983,10794750,10650820,451.1,,NEAR_EXPIRY|WEEKLY_EXPIRY|EARNINGS_DATE_UNCHECKED
2026-07-30,MSFT,MSFT260731C00457500,unusual_volume,C,457.5,2026-07-31,1,0-7,0.014,ATM,14088,1152,3930552,4000992,451.1,,NEAR_EXPIRY|WEEKLY_EXPIRY|PROBABLE_MULTI_LEG(5)|EARNINGS_DATE_UNCHECKED
2026-07-30,MSFT,MSFT260731C00460000,unusual_volume,C,460.0,2026-07-31,1,0-7,0.02,ATM,41441,4609,8371082,8495404,451.1,,NEAR_EXPIRY|WEEKLY_EXPIRY|PROBABLE_MULTI_LEG(2)|EARNINGS_DATE_UNCHECKED
2026-07-30,MSFT,MSFT260731C00462500,unusual_volume,C,462.5,2026-07-31,1,0-7,0.025,ATM,10326,317,1455966,1450803,451.1,,NEAR_EXPIRY|WEEKLY_EXPIRY|PROBABLE_MULTI_LEG(4)|EARNINGS_DATE_UNCHECKED
2026-07-30,MSFT,MSFT260731C00465000,unusual_volume,C,465.0,2026-07-31,1,0-7,0.031,ATM,24003,1696,2352294,2412301,451.1,,NEAR_EXPIRY|WEEKLY_EXPIRY|PROBABLE_MULTI_LEG(3)|EARNINGS_DATE_UNCHECKED
2026-07-30,MSFT,MSFT260731C00467500,unusual_volume,C,467.5,2026-07-31,1,0-7,0.036,ATM,9180,187,624240,615060,451.1,,NEAR_EXPIRY|WEEKLY_EXPIRY|EARNINGS_DATE_UNCHECKED
2026-07-30,MSFT,MSFT260731C00470000,unusual_volume,C,470.0,2026-07-31,1,0-7,0.042,ATM,30577,5314,1498273,1452407,451.1,,NEAR_EXPIRY|WEEKLY_EXPIRY|PROBABLE_MULTI_LEG(2)|EARNINGS_DATE_UNCHECKED
2026-07-30,MSFT,MSFT260731C00472500,unusual_volume,C,472.5,2026-07-31,1,0-7,0.047,ATM,5934,756,189888,201755,451.1,,NEAR_EXPIRY|WEEKLY_EXPIRY|PROBABLE_MULTI_LEG(4)|EARNINGS_DATE_UNCHECKED
2026-07-30,MSFT,MSFT260731C00475000,unusual_volume,C,475.0,2026-07-31,1,0-7,0.053,OTM_5-15,10055,3382,251375,256402,451.1,,NEAR_EXPIRY|WEEKLY_EXPIRY|PROBABLE_MULTI_LEG(5)|EARNINGS_DATE_UNCHECKED
2026-07-30,MSFT,MSFT260731C00480000,unusual_volume,C,480.0,2026-07-31,1,0-7,0.064,OTM_5-15,23052,3665,345780,334254,451.1,,NEAR_EXPIRY|WEEKLY_EXPIRY|PROBABLE_MULTI_LEG(3)|EARNINGS_DATE_UNCHECKED
2026-07-30,MSFT,MSFT260731P00430000,unusual_volume,P,430.0,2026-07-31,1,0-7,0.047,ATM,12566,203,603167,596885,451.1,,NEAR_EXPIRY|WEEKLY_EXPIRY|PROBABLE_MULTI_LEG(4)|EARNINGS_DATE_UNCHECKED
2026-07-30,MSFT,MSFT260731P00432500,unusual_volume,P,432.5,2026-07-31,1,0-7,0.041,ATM,5646,12,366990,364167,451.1,,NEAR_EXPIRY|WEEKLY_EXPIRY|PROBABLE_MULTI_LEG(5)|EARNINGS_DATE_UNCHECKED
2026-07-30,MSFT,MSFT260731P00435000,unusual_volume,P,435.0,2026-07-31,1,0-7,0.036,ATM,16175,154,1407225,1447662,451.1,,NEAR_EXPIRY|WEEKLY_EXPIRY|PROBABLE_MULTI_LEG(3)|EARNINGS_DATE_UNCHECKED
2026-07-30,MSFT,MSFT260731P00437500,unusual_volume,P,437.5,2026-07-31,1,0-7,0.03,ATM,5358,28,659034,648317,451.1,,NEAR_EXPIRY|WEEKLY_EXPIRY|PROBABLE_MULTI_LEG(9)|EARNINGS_DATE_UNCHECKED
2026-07-30,MSFT,MSFT260731P00440000,unusual_volume,P,440.0,2026-07-31,1,0-7,0.025,ATM,20598,55,3336876,3305979,451.1,,NEAR_EXPIRY|WEEKLY_EXPIRY|PROBABLE_MULTI_LEG(4)|EARNINGS_DATE_UNCHECKED
2026-07-30,MSFT,MSFT260731P00442500,unusual_volume,P,442.5,2026-07-31,1,0-7,0.019,ATM,5405,2,1172885,1180992,451.1,,NEAR_EXPIRY|WEEKLY_EXPIRY|PROBABLE_MULTI_LEG(11)|EARNINGS_DATE_UNCHECKED
2026-07-30,MSFT,MSFT260731P00445000,unusual_volume,P,445.0,2026-07-31,1,0-7,0.014,ATM,19086,45,5534940,5468139,451.1,,NEAR_EXPIRY|WEEKLY_EXPIRY|EARNINGS_DATE_UNCHECKED
2026-07-30,MSFT,MSFT260731P00447500,unusual_volume,P,447.5,2026-07-31,1,0-7,0.008,ATM,12450,10,4544250,4606500,451.1,,NEAR_EXPIRY|WEEKLY_EXPIRY|PROBABLE_MULTI_LEG(4)|EARNINGS_DATE_UNCHECKED
2026-07-30,MSFT,MSFT260731P00450000,unusual_volume,P,450.0,2026-07-31,1,0-7,0.002,ATM,21910,221,10516800,10407250,451.1,,NEAR_EXPIRY|WEEKLY_EXPIRY|EARNINGS_DATE_UNCHECKED
2026-07-30,MSFT,MSFT260731P00452500,unusual_volume,P,452.5,2026-07-31,1,0-7,-0.003,ATM,4368,5,2620800,2566200,451.1,,NEAR_EXPIRY|WEEKLY_EXPIRY|PROBABLE_MULTI_LEG(7)|EARNINGS_DATE_UNCHECKED
2026-07-30,MSFT,MSFT260731P00455000,unusual_volume,P,455.0,2026-07-31,1,0-7,-0.009,ATM,12945,21,9553410,9449850,451.1,,NEAR_EXPIRY|WEEKLY_EXPIRY|PROBABLE_MULTI_LEG(7)|EARNINGS_DATE_UNCHECKED
2026-07-30,MSFT,MSFT260731P00457500,unusual_volume,P,457.5,2026-07-31,1,0-7,-0.014,ATM,3406,10,3065400,2988764,451.1,,NEAR_EXPIRY|WEEKLY_EXPIRY|PROBABLE_MULTI_LEG(23)|EARNINGS_DATE_UNCHECKED
2026-07-30,MSFT,MSFT260731P00460000,unusual_volume,P,460.0,2026-07-31,1,0-7,-0.02,ATM,3386,53,3555300,3572230,451.1,,NEAR_EXPIRY|WEEKLY_EXPIRY|PROBABLE_MULTI_LEG(21)|EARNINGS_DATE_UNCHECKED
2026-07-30,MSFT,MSFT260731P00465000,unusual_volume,P,465.0,2026-07-31,1,0-7,-0.031,ATM,380,26,544540,567150,451.1,,NEAR_EXPIRY|WEEKLY_EXPIRY|PROBABLE_MULTI_LEG(45)|EARNINGS_DATE_UNCHECKED
2026-07-30,MSFT,MSFT260731P00467500,unusual_volume,P,467.5,2026-07-31,1,0-7,-0.036,ATM,314,0,358588,527519,451.1,LAST_OUTSIDE_QUOTE,NEAR_EXPIRY|WEEKLY_EXPIRY|PROBABLE_MULTI_LEG(38)|EARNINGS_DATE_UNCHECKED
2026-07-30,MSFT,MSFT260731P00470000,unusual_volume,P,470.0,2026-07-31,1,0-7,-0.042,ATM,1387,16,2628365,2659572,451.1,,NEAR_EXPIRY|WEEKLY_EXPIRY|PROBABLE_MULTI_LEG(17)|EARNINGS_DATE_UNCHECKED
2026-07-30,MSFT,MSFT260731P00475000,unusual_volume,P,475.0,2026-07-31,1,0-7,-0.053,ITM_5-15,667,9,1334000,1600800,451.1,LAST_OUTSIDE_QUOTE,NEAR_EXPIRY|WEEKLY_EXPIRY|PROBABLE_MULTI_LEG(30)|EARNINGS_DATE_UNCHECKED
2026-07-30,MSFT,MSFT260803C00437500,unusual_volume,C,437.5,2026-08-03,4,0-7,-0.03,ATM,587,77,1157564,977354,451.1,LAST_OUTSIDE_QUOTE,WEEKLY_EXPIRY|PROBABLE_MULTI_LEG(45)|EARNINGS_DATE_UNCHECKED
2026-07-30,MSFT,MSFT260803C00442500,unusual_volume,C,442.5,2026-08-03,4,0-7,-0.019,ATM,276,66,357972,355350,451.1,,WEEKLY_EXPIRY|PROBABLE_MULTI_LEG(39)|EARNINGS_DATE_UNCHECKED
2026-07-30,MSFT,MSFT260803C00445000,unusual_volume,C,445.0,2026-08-03,4,0-7,-0.014,ATM,787,211,872783,875537,451.1,,WEEKLY_EXPIRY|PROBABLE_MULTI_LEG(25)|EARNINGS_DATE_UNCHECKED
2026-07-30,MSFT,MSFT260803C00447500,unusual_volume,C,447.5,2026-08-03,4,0-7,-0.008,ATM,731,61,690064,699932,451.1,,WEEKLY_EXPIRY|PROBABLE_MULTI_LEG(23)|EARNINGS_DATE_UNCHECKED
2026-07-30,MSFT,MSFT260803C00450000,unusual_volume,C,450.0,2026-08-03,4,0-7,-0.002,ATM,5619,1677,4495200,4467105,451.1,,WEEKLY_EXPIRY|PROBABLE_MULTI_LEG(6)|EARNINGS_DATE_UNCHECKED
2026-07-30,MSFT,MSFT260803C00452500,unusual_volume,C,452.5,2026-08-03,4,0-7,0.003,ATM,898,76,615129,612885,451.1,,WEEKLY_EXPIRY|PROBABLE_MULTI_LEG(23)|EARNINGS_DATE_UNCHECKED
2026-07-30,MSFT,MSFT260803C00455000,unusual_volume,C,455.0,2026-08-03,4,0-7,0.009,ATM,2990,295,1650480,1637024,451.1,,WEEKLY_EXPIRY|PROBABLE_MULTI_LEG(12)|EARNINGS_DATE_UNCHECKED
2026-07-30,MSFT,MSFT260803C00457500,unusual_volume,C,457.5,2026-08-03,4,0-7,0.014,ATM,1195,80,534165,540737,451.1,,WEEKLY_EXPIRY|PROBABLE_MULTI_LEG(15)|EARNINGS_DATE_UNCHECKED
2026-07-30,MSFT,MSFT260803C00460000,unusual_volume,C,460.0,2026-08-03,4,0-7,0.02,ATM,3441,252,1238760,1238760,451.1,,WEEKLY_EXPIRY|PROBABLE_MULTI_LEG(23)|EARNINGS_DATE_UNCHECKED
2026-07-30,MSFT,MSFT260803C00465000,unusual_volume,C,465.0,2026-08-03,4,0-7,0.031,ATM,1700,40,399500,399499,451.1,,WEEKLY_EXPIRY|PROBABLE_MULTI_LEG(16)|EARNINGS_DATE_UNCHECKED
2026-07-30,MSFT,MSFT260803C00470000,unusual_volume,C,470.0,2026-08-03,4,0-7,0.042,ATM,10980,67,1526220,1531710,451.1,,WEEKLY_EXPIRY|PROBABLE_MULTI_LEG(3)|EARNINGS_DATE_UNCHECKED
2026-07-30,MSFT,MSFT260803P00430000,unusual_volume,P,430.0,2026-08-03,4,0-7,0.047,ATM,3163,0,414353,430167,451.1,,WEEKLY_EXPIRY|PROBABLE_MULTI_LEG(11)|EARNINGS_DATE_UNCHECKED
2026-07-30,MSFT,MSFT260803P00437500,unusual_volume,P,437.5,2026-08-03,4,0-7,0.03,ATM,1043,0,260750,258142,451.1,,WEEKLY_EXPIRY|PROBABLE_MULTI_LEG(29)|EARNINGS_DATE_UNCHECKED
2026-07-30,MSFT,MSFT260803P00440000,unusual_volume,P,440.0,2026-08-03,4,0-7,0.025,ATM,2461,4,745683,744452,451.1,,WEEKLY_EXPIRY|PROBABLE_MULTI_LEG(17)|EARNINGS_DATE_UNCHECKED
2026-07-30,MSFT,MSFT260803P00442500,unusual_volume,P,442.5,2026-08-03,4,0-7,0.019,ATM,1020,0,382500,385050,451.1,,WEEKLY_EXPIRY|PROBABLE_MULTI_LEG(28)|EARNINGS_DATE_UNCHECKED
2026-07-30,MSFT,MSFT260803P00445000,unusual_volume,P,445.0,2026-08-03,4,0-7,0.014,ATM,1921,1,883659,874055,451.1,,WEEKLY_EXPIRY|PROBABLE_MULTI_LEG(13)|EARNINGS_DATE_UNCHECKED
2026-07-30,MSFT,MSFT260803P00447500,unusual_volume,P,447.5,2026-08-03,4,0-7,0.008,ATM,909,1,459045,497677,451.1,LAST_OUTSIDE_QUOTE,WEEKLY_EXPIRY|PROBABLE_MULTI_LEG(24)|EARNINGS_DATE_UNCHECKED
2026-07-30,MSFT,MSFT260803P00450000,unusual_volume,P,450.0,2026-08-03,4,0-7,0.002,ATM,1711,1,1096751,1090762,451.1,,WEEKLY_EXPIRY|PROBABLE_MULTI_LEG(14)|EARNINGS_DATE_UNCHECKED
2026-07-30,MSFT,MSFT260803P00452500,unusual_volume,P,452.5,2026-08-03,4,0-7,-0.003,ATM,330,20,252450,251625,451.1,,WEEKLY_EXPIRY|PROBABLE_MULTI_LEG(51)|EARNINGS_DATE_UNCHECKED
2026-07-30,MSFT,MSFT260803P00455000,unusual_volume,P,455.0,2026-08-03,4,0-7,-0.009,ATM,1529,0,1441847,1364632,451.1,LAST_OUTSIDE_QUOTE,WEEKLY_EXPIRY|PROBABLE_MULTI_LEG(22)|EARNINGS_DATE_UNCHECKED
2026-07-30,MSFT,MSFT260803P00457500,unusual_volume,P,457.5,2026-08-03,4,0-7,-0.014,ATM,297,0,326700,312592,451.1,,WEEKLY_EXPIRY|PROBABLE_MULTI_LEG(27)|EARNINGS_DATE_UNCHECKED
2026-07-30,MSFT,MSFT260803P00460000,unusual_volume,P,460.0,2026-08-03,4,0-7,-0.02,ATM,316,0,384572,379989,451.1,,WEEKLY_EXPIRY|PROBABLE_MULTI_LEG(37)|EARNINGS_DATE_UNCHECKED
2026-07-30,MSFT,MSFT260805C00445000,unusual_volume,C,445.0,2026-08-05,6,0-7,-0.014,ATM,273,46,419055,339885,451.1,LAST_OUTSIDE_QUOTE,WEEKLY_EXPIRY|PROBABLE_MULTI_LEG(40)|EARNINGS_DATE_UNCHECKED
2026-07-30,MSFT,MSFT260805C00447500,unusual_volume,C,447.5,2026-08-05,6,0-7,-0.008,ATM,408,15,556920,449820,451.1,LAST_OUTSIDE_QUOTE,WEEKLY_EXPIRY|PROBABLE_MULTI_LEG(53)|EARNINGS_DATE_UNCHECKED
2026-07-30,MSFT,MSFT260805C00450000,unusual_volume,C,450.0,2026-08-05,6,0-7,-0.002,ATM,2366,113,2377830,2265444,451.1,LAST_OUTSIDE_QUOTE,WEEKLY_EXPIRY|PROBABLE_MULTI_LEG(21)|EARNINGS_DATE_UNCHECKED
2026-07-30,MSFT,MSFT260805C00452500,unusual_volume,C,452.5,2026-08-05,6,0-7,0.003,ATM,581,61,478163,482230,451.1,,WEEKLY_EXPIRY|PROBABLE_MULTI_LEG(44)|EARNINGS_DATE_UNCHECKED
2026-07-30,MSFT,MSFT260805C00455000,unusual_volume,C,455.0,2026-08-05,6,0-7,0.009,ATM,1381,25,1001225,970152,451.1,,WEEKLY_EXPIRY|PROBABLE_MULTI_LEG(18)|EARNINGS_DATE_UNCHECKED
2026-07-30,MSFT,MSFT260805C00457500,unusual_volume,C,457.5,2026-08-05,6,0-7,0.014,ATM,1117,10,680253,686955,451.1,,WEEKLY_EXPIRY|PROBABLE_MULTI_LEG(29)|EARNINGS_DATE_UNCHECKED
2026-07-30,MSFT,MSFT260805C00460000,unusual_volume,C,460.0,2026-08-05,6,0-7,0.02,ATM,1125,28,573750,568125,451.1,,WEEKLY_EXPIRY|PROBABLE_MULTI_LEG(26)|EARNINGS_DATE_UNCHECKED
2026-07-30,MSFT,MSFT260805C00465000,unusual_volume,C,465.0,2026-08-05,6,0-7,0.031,ATM,649,60,238832,246619,451.1,,WEEKLY_EXPIRY|PROBABLE_MULTI_LEG(36)|EARNINGS_DATE_UNCHECKED
2026-07-30,MSFT,MSFT260805C00470000,unusual_volume,C,470.0,2026-08-05,6,0-7,0.042,ATM,839,66,218979,217300,451.1,,WEEKLY_EXPIRY|PROBABLE_MULTI_LEG(17)|EARNINGS_DATE_UNCHECKED
2026-07-30,MSFT,MSFT260805P00435000,unusual_volume,P,435.0,2026-08-05,6,0-7,0.036,ATM,868,17,263872,262136,451.1,,WEEKLY_EXPIRY|PROBABLE_MULTI_LEG(22)|EARNINGS_DATE_UNCHECKED
2026-07-30,MSFT,MSFT260805P00437500,unusual_volume,P,437.5,2026-08-05,6,0-7,0.03,ATM,621,20,227907,225112,451.1,,WEEKLY_EXPIRY|PROBABLE_MULTI_LEG(37)|EARNINGS_DATE_UNCHECKED
2026-07-30,MSFT,MSFT260805P00440000,unusual_volume,P,440.0,2026-08-05,6,0-7,0.025,ATM,752,1,323360,325239,451.1,,WEEKLY_EXPIRY|PROBABLE_MULTI_LEG(25)|EARNINGS_DATE_UNCHECKED
2026-07-30,MSFT,MSFT260805P00445000,unusual_volume,P,445.0,2026-08-05,6,0-7,0.014,ATM,771,0,474165,460672,451.1,,WEEKLY_EXPIRY|PROBABLE_MULTI_LEG(24)|EARNINGS_DATE_UNCHECKED
2026-07-30,MSFT,MSFT260805P00447500,unusual_volume,P,447.5,2026-08-05,6,0-7,0.008,ATM,398,0,274620,274620,451.1,,WEEKLY_EXPIRY|PROBABLE_MULTI_LEG(54)|EARNINGS_DATE_UNCHECKED
2026-07-30,MSFT,MSFT260805P00450000,unusual_volume,P,450.0,2026-08-05,6,0-7,0.002,ATM,564,1,448380,438510,451.1,,WEEKLY_EXPIRY|PROBABLE_MULTI_LEG(43)|EARNINGS_DATE_UNCHECKED
2026-07-30,MSFT,MSFT260805P00452500,unusual_volume,P,452.5,2026-08-05,6,0-7,-0.003,ATM,250,0,235000,235000,451.1,,WEEKLY_EXPIRY|PROBABLE_MULTI_LEG(61)|EARNINGS_DATE_UNCHECKED
2026-07-30,MSFT,MSFT260807C00437500,unusual_volume,C,437.5,2026-08-07,8,8-30,-0.03,ATM,414,48,904176,794880,451.1,LAST_OUTSIDE_QUOTE,WEEKLY_EXPIRY|PROBABLE_MULTI_LEG(47)|EARNINGS_DATE_UNCHECKED
2026-07-30,MSFT,MSFT260807C00442500,unusual_volume,C,442.5,2026-08-07,8,8-30,-0.019,ATM,609,31,935424,948517,451.1,,WEEKLY_EXPIRY|PROBABLE_MULTI_LEG(35)|EARNINGS_DATE_UNCHECKED
2026-07-30,MSFT,MSFT260807C00445000,unusual_volume,C,445.0,2026-08-07,8,8-30,-0.014,ATM,885,332,1207140,1219087,451.1,,WEEKLY_EXPIRY|PROBABLE_MULTI_LEG(23)|EARNINGS_DATE_UNCHECKED
2026-07-30,MSFT,MSFT260807C00447500,unusual_volume,C,447.5,2026-08-07,8,8-30,-0.008,ATM,856,37,1046032,1050740,451.1,,WEEKLY_EXPIRY|PROBABLE_MULTI_LEG(23)|EARNINGS_DATE_UNCHECKED
2026-07-30,MSFT,MSFT260807C00452500,unusual_volume,C,452.5,2026-08-07,8,8-30,0.003,ATM,1429,12,1371840,1382557,451.1,,WEEKLY_EXPIRY|PROBABLE_MULTI_LEG(18)|EARNINGS_DATE_UNCHECKED
2026-07-30,MSFT,MSFT260807C00457500,unusual_volume,C,457.5,2026-08-07,8,8-30,0.014,ATM,1212,45,892032,890819,451.1,,WEEKLY_EXPIRY|PROBABLE_MULTI_LEG(12)|EARNINGS_DATE_UNCHECKED
2026-07-30,MSFT,MSFT260807C00462500,unusual_volume,C,462.5,2026-08-07,8,8-30,0.025,ATM,674,17,376092,367330,451.1,,WEEKLY_EXPIRY|PROBABLE_MULTI_LEG(33)|EARNINGS_DATE_UNCHECKED
2026-07-30,MSFT,MSFT260807C00465000,unusual_volume,C,465.0,2026-08-07,8,8-30,0.031,ATM,2796,593,1342080,1293150,451.1,,WEEKLY_EXPIRY|PROBABLE_MULTI_LEG(11)|EARNINGS_DATE_UNCHECKED
2026-07-30,MSFT,MSFT260807C00467500,unusual_volume,C,467.5,2026-08-07,8,8-30,0.036,ATM,1086,99,465893,437115,451.1,LAST_OUTSIDE_QUOTE,WEEKLY_EXPIRY|PROBABLE_MULTI_LEG(33)|EARNINGS_DATE_UNCHECKED
2026-07-30,MSFT,MSFT260807C00470000,unusual_volume,C,470.0,2026-08-07,8,8-30,0.042,ATM,31669,813,10450770,10767460,451.1,,WEEKLY_EXPIRY|PROBABLE_MULTI_LEG(2)|EARNINGS_DATE_UNCHECKED
2026-07-30,MSFT,MSFT260807C00472500,unusual_volume,C,472.5,2026-08-07,8,8-30,0.047,ATM,2241,0,663336,663336,451.1,,WEEKLY_EXPIRY|PROBABLE_MULTI_LEG(14)|EARNINGS_DATE_UNCHECKED
2026-07-30,MSFT,MSFT260807C00475000,unusual_volume,C,475.0,2026-08-07,8,8-30,0.053,OTM_5-15,3068,494,757796,779272,451.1,,WEEKLY_EXPIRY|PROBABLE_MULTI_LEG(9)|EARNINGS_DATE_UNCHECKED
2026-07-30,MSFT,MSFT260807C00480000,unusual_volume,C,480.0,2026-08-07,8,8-30,0.064,OTM_5-15,10196,784,1794496,1784300,451.1,,WEEKLY_EXPIRY|PROBABLE_MULTI_LEG(5)|EARNINGS_DATE_UNCHECKED
2026-07-30,MSFT,MSFT260807P00420000,unusual_volume,P,420.0,2026-08-07,8,8-30,0.069,OTM_5-15,1874,137,311083,324202,451.1,,WEEKLY_EXPIRY|PROBABLE_MULTI_LEG(14)|EARNINGS_DATE_UNCHECKED
2026-07-30,MSFT,MSFT260807P00430000,unusual_volume,P,430.0,2026-08-07,8,8-30,0.047,ATM,2251,78,675300,675300,451.1,,WEEKLY_EXPIRY|PROBABLE_MULTI_LEG(15)|EARNINGS_DATE_UNCHECKED
2026-07-30,MSFT,MSFT260807P00435000,unusual_volume,P,435.0,2026-08-07,8,8-30,0.036,ATM,2018,7,827379,822335,451.1,,WEEKLY_EXPIRY|PROBABLE_MULTI_LEG(15)|EARNINGS_DATE_UNCHECKED
2026-07-30,MSFT,MSFT260807P00440000,unusual_volume,P,440.0,2026-08-07,8,8-30,0.025,ATM,2848,26,1546464,1545040,451.1,,WEEKLY_EXPIRY|PROBABLE_MULTI_LEG(11)|EARNINGS_DATE_UNCHECKED
2026-07-30,MSFT,MSFT260807P00442500,unusual_volume,P,442.5,2026-08-07,8,8-30,0.019,ATM,3707,0,2279805,2298340,451.1,,WEEKLY_EXPIRY|PROBABLE_MULTI_LEG(12)|EARNINGS_DATE_UNCHECKED
2026-07-30,MSFT,MSFT260807P00445000,unusual_volume,P,445.0,2026-08-07,8,8-30,0.014,ATM,2071,19,1491120,1480765,451.1,,WEEKLY_EXPIRY|PROBABLE_MULTI_LEG(10)|EARNINGS_DATE_UNCHECKED
2026-07-30,MSFT,MSFT260807P00447500,unusual_volume,P,447.5,2026-08-07,8,8-30,0.008,ATM,1282,0,1064060,1035215,451.1,,WEEKLY_EXPIRY|PROBABLE_MULTI_LEG(16)|EARNINGS_DATE_UNCHECKED
2026-07-30,MSFT,MSFT260807P00450000,unusual_volume,P,450.0,2026-08-07,8,8-30,0.002,ATM,5161,13,4686188,4683607,451.1,,WEEKLY_EXPIRY|PROBABLE_MULTI_LEG(9)|EARNINGS_DATE_UNCHECKED
2026-07-30,MSFT,MSFT260807P00455000,unusual_volume,P,455.0,2026-08-07,8,8-30,-0.009,ATM,1236,0,1446120,1449210,451.1,,WEEKLY_EXPIRY|PROBABLE_MULTI_LEG(11)|EARNINGS_DATE_UNCHECKED
2026-07-30,MSFT,MSFT260807P00457500,unusual_volume,P,457.5,2026-08-07,8,8-30,-0.014,ATM,254,0,340868,332105,451.1,,WEEKLY_EXPIRY|PROBABLE_MULTI_LEG(51)|EARNINGS_DATE_UNCHECKED
2026-07-30,MSFT,MSFT260807P00460000,unusual_volume,P,460.0,2026-08-07,8,8-30,-0.02,ATM,1086,2,1586646,1571985,451.1,,WEEKLY_EXPIRY|PROBABLE_MULTI_LEG(33)|EARNINGS_DATE_UNCHECKED
2026-07-30,MSFT,MSFT260810C00450000,unusual_volume,C,450.0,2026-08-10,11,8-30,-0.002,ATM,1040,22,1204320,1235000,451.1,,WEEKLY_EXPIRY|PROBABLE_MULTI_LEG(28)|EARNINGS_DATE_UNCHECKED
2026-07-30,MSFT,MSFT260810C00460000,unusual_volume,C,460.0,2026-08-10,11,8-30,0.02,ATM,453,28,310305,325027,451.1,,WEEKLY_EXPIRY|PROBABLE_MULTI_LEG(39)|EARNINGS_DATE_UNCHECKED
2026-07-30,MSFT,MSFT260810P00435000,unusual_volume,P,435.0,2026-08-10,11,8-30,0.036,ATM,1239,0,464625,594720,451.1,LAST_OUTSIDE_QUOTE,WEEKLY_EXPIRY|PROBABLE_MULTI_LEG(12)|EARNINGS_DATE_UNCHECKED
2026-07-30,MSFT,MSFT260810P00440000,unusual_volume,P,440.0,2026-08-10,11,8-30,0.025,ATM,325,2,194350,200687,451.1,,WEEKLY_EXPIRY|PROBABLE_MULTI_LEG(46)|EARNINGS_DATE_UNCHECKED
2026-07-30,MSFT,MSFT260810P00442500,unusual_volume,P,442.5,2026-08-10,11,8-30,0.019,ATM,3268,0,2300672,2336620,451.1,,WEEKLY_EXPIRY|PROBABLE_MULTI_LEG(15)|EARNINGS_DATE_UNCHECKED
2026-07-30,MSFT,MSFT260810P00445000,unusual_volume,P,445.0,2026-08-10,11,8-30,0.014,ATM,660,5,495000,504900,451.1,,WEEKLY_EXPIRY|PROBABLE_MULTI_LEG(33)|EARNINGS_DATE_UNCHECKED
2026-07-30,MSFT,MSFT260810P00447500,unusual_volume,P,447.5,2026-08-10,11,8-30,0.008,ATM,790,0,541150,675450,451.1,WIDE_MARKET|LAST_OUTSIDE_QUOTE,WEEKLY_EXPIRY|PROBABLE_MULTI_LEG(25)|EARNINGS_DATE_UNCHECKED
2026-07-30,MSFT,MSFT260810P00450000,unusual_volume,P,450.0,2026-08-10,11,8-30,0.002,ATM,3893,1,3826819,3970860,451.1,,WEEKLY_EXPIRY|PROBABLE_MULTI_LEG(10)|EARNINGS_DATE_UNCHECKED
2026-07-30,MSFT,MSFT260814C00442500,unusual_volume,C,442.5,2026-08-14,15,8-30,-0.019,ATM,292,0,599184,529979,451.1,LAST_OUTSIDE_QUOTE,WEEKLY_EXPIRY|PROBABLE_MULTI_LEG(29)|EARNINGS_DATE_UNCHECKED
2026-07-30,MSFT,MSFT260814C00450000,unusual_volume,C,450.0,2026-08-14,15,8-30,-0.002,ATM,4681,1112,6445737,6518292,451.1,,WEEKLY_EXPIRY|PROBABLE_MULTI_LEG(6)|EARNINGS_DATE_UNCHECKED
2026-07-30,MSFT,MSFT260814C00452500,unusual_volume,C,452.5,2026-08-14,15,8-30,0.003,ATM,317,0,467258,400212,451.1,LAST_OUTSIDE_QUOTE,WEEKLY_EXPIRY|PROBABLE_MULTI_LEG(38)|EARNINGS_DATE_UNCHECKED
2026-07-30,MSFT,MSFT260814C00455000,unusual_volume,C,455.0,2026-08-14,15,8-30,0.009,ATM,897,321,1004640,1013610,451.1,,WEEKLY_EXPIRY|PROBABLE_MULTI_LEG(23)|EARNINGS_DATE_UNCHECKED
2026-07-30,MSFT,MSFT260814C00460000,unusual_volume,C,460.0,2026-08-14,15,8-30,0.02,ATM,1427,421,1327110,1305705,451.1,,WEEKLY_EXPIRY|PROBABLE_MULTI_LEG(18)|EARNINGS_DATE_UNCHECKED
2026-07-30,MSFT,MSFT260814C00465000,unusual_volume,C,465.0,2026-08-14,15,8-30,0.031,ATM,2181,434,1565958,1597582,451.1,,WEEKLY_EXPIRY|PROBABLE_MULTI_LEG(10)|EARNINGS_DATE_UNCHECKED
2026-07-30,MSFT,MSFT260814C00485000,unusual_volume,C,485.0,2026-08-14,15,8-30,0.075,OTM_5-15,1674,154,448632,426870,451.1,,WEEKLY_EXPIRY|PROBABLE_MULTI_LEG(18)|EARNINGS_DATE_UNCHECKED
2026-07-30,MSFT,MSFT260814C00490000,unusual_volume,C,490.0,2026-08-14,15,8-30,0.086,OTM_5-15,4081,67,799876,797835,451.1,,WEEKLY_EXPIRY|PROBABLE_MULTI_LEG(7)|EARNINGS_DATE_UNCHECKED
2026-07-30,MSFT,MSFT260814C00510000,unusual_volume,C,510.0,2026-08-14,15,8-30,0.131,OTM_5-15,4224,48,270336,225984,451.1,WIDE_MARKET,WEEKLY_EXPIRY|PROBABLE_MULTI_LEG(9)|EARNINGS_DATE_UNCHECKED
2026-07-30,MSFT,MSFT260814P00430000,unusual_volume,P,430.0,2026-08-14,15,8-30,0.047,ATM,425,25,221000,217812,451.1,,WEEKLY_EXPIRY|PROBABLE_MULTI_LEG(45)|EARNINGS_DATE_UNCHECKED
2026-07-30,MSFT,MSFT260814P00440000,unusual_volume,P,440.0,2026-08-14,15,8-30,0.025,ATM,271,15,213548,213412,451.1,,WEEKLY_EXPIRY|PROBABLE_MULTI_LEG(41)|EARNINGS_DATE_UNCHECKED
2026-07-30,MSFT,MSFT260814P00445000,unusual_volume,P,445.0,2026-08-14,15,8-30,0.014,ATM,390,32,320580,385125,451.1,LAST_OUTSIDE_QUOTE,WEEKLY_EXPIRY|PROBABLE_MULTI_LEG(48)|EARNINGS_DATE_UNCHECKED
2026-07-30,MSFT,MSFT260814P00450000,unusual_volume,P,450.0,2026-08-14,15,8-30,0.002,ATM,988,14,1155959,1173250,451.1,,WEEKLY_EXPIRY|PROBABLE_MULTI_LEG(20)|EARNINGS_DATE_UNCHECKED
2026-07-30,MSFT,MSFT260814P00455000,unusual_volume,P,455.0,2026-08-14,15,8-30,-0.009,ATM,390,7,560820,557700,451.1,,WEEKLY_EXPIRY|PROBABLE_MULTI_LEG(48)|EARNINGS_DATE_UNCHECKED
2026-07-30,MSFT,MSFT260821P00445000,unusual_volume,P,445.0,2026-08-21,22,8-30,0.014,ATM,2734,475,3280800,3287635,451.1,,MONTHLY_EXPIRY|PROBABLE_MULTI_LEG(14)|EARNINGS_DATE_UNCHECKED
2026-07-30,MSFT,MSFT260828C00455000,unusual_volume,C,455.0,2026-08-28,29,8-30,0.009,ATM,650,201,976950,983125,451.1,,WEEKLY_EXPIRY|PROBABLE_MULTI_LEG(36)|EARNINGS_DATE_UNCHECKED
2026-07-30,MSFT,MSFT260828C00485000,unusual_volume,C,485.0,2026-08-28,29,8-30,0.075,OTM_5-15,483,158,275310,242707,451.1,LAST_OUTSIDE_QUOTE,WEEKLY_EXPIRY|PROBABLE_MULTI_LEG(35)|EARNINGS_DATE_UNCHECKED
2026-07-30,MSFT,MSFT260828C00530000,unusual_volume,C,530.0,2026-08-28,29,8-30,0.175,OTM_15+,6028,28,524436,446072,451.1,WIDE_MARKET,WEEKLY_EXPIRY|PROBABLE_MULTI_LEG(2)|EARNINGS_DATE_UNCHECKED
2026-07-30,MSFT,MSFT260828P00430000,unusual_volume,P,430.0,2026-08-28,29,8-30,0.047,ATM,344,43,282424,286380,451.1,,WEEKLY_EXPIRY|PROBABLE_MULTI_LEG(44)|EARNINGS_DATE_UNCHECKED
2026-07-30,MSFT,MSFT260828P00450000,unusual_volume,P,450.0,2026-08-28,29,8-30,0.002,ATM,275,13,442199,433125,451.1,LAST_OUTSIDE_QUOTE,WEEKLY_EXPIRY|PROBABLE_MULTI_LEG(40)|EARNINGS_DATE_UNCHECKED
2026-07-30,MSFT,MSFT260904C00465000,unusual_volume,C,465.0,2026-09-04,36,31-90,0.031,ATM,13557,86,16946250,17115712,451.1,,WEEKLY_EXPIRY|PROBABLE_MULTI_LEG(8)|EARNINGS_DATE_UNCHECKED
2026-07-30,MSFT,MSFT260904C00470000,unusual_volume,C,470.0,2026-09-04,36,31-90,0.042,ATM,299,77,316342,313202,451.1,,WEEKLY_EXPIRY|PROBABLE_MULTI_LEG(26)|EARNINGS_DATE_UNCHECKED
2026-07-30,MSFT,MSFT260904C00480000,unusual_volume,C,480.0,2026-09-04,36,31-90,0.064,OTM_5-15,2065,48,1668520,1533262,451.1,,WEEKLY_EXPIRY|PROBABLE_MULTI_LEG(10)|EARNINGS_DATE_UNCHECKED
2026-07-30,MSFT,MSFT260904C00485000,unusual_volume,C,485.0,2026-09-04,36,31-90,0.075,OTM_5-15,326,128,221679,212715,451.1,,WEEKLY_EXPIRY|PROBABLE_MULTI_LEG(47)|EARNINGS_DATE_UNCHECKED
2026-07-30,MSFT,MSFT260904C00535000,unusual_volume,C,535.0,2026-09-04,36,31-90,0.186,OTM_15+,5054,0,596371,540778,451.1,WIDE_MARKET,WEEKLY_EXPIRY|PROBABLE_MULTI_LEG(9)|EARNINGS_DATE_UNCHECKED
2026-07-30,MSFT,MSFT260918P00425000,unusual_volume,P,425.0,2026-09-18,50,31-90,0.058,OTM_5-15,619,132,643760,643760,451.1,,QUARTERLY_EXPIRY|PROBABLE_MULTI_LEG(36)|EARNINGS_DATE_UNCHECKED
2026-07-30,MSFT,MSFT260918P00435000,unusual_volume,P,435.0,2026-09-18,50,31-90,0.036,ATM,894,96,1202430,1220309,451.1,,QUARTERLY_EXPIRY|PROBABLE_MULTI_LEG(23)|EARNINGS_DATE_UNCHECKED
2026-07-30,MSFT,MSFT260918P00445000,unusual_volume,P,445.0,2026-09-18,50,31-90,0.014,ATM,397,150,708248,698720,451.1,,QUARTERLY_EXPIRY|PROBABLE_MULTI_LEG(54)|EARNINGS_DATE_UNCHECKED
2026-07-30,MSFT,MSFT260918P00455000,unusual_volume,P,455.0,2026-09-18,50,31-90,-0.009,ATM,346,16,770196,775040,451.1,,QUARTERLY_EXPIRY|PROBABLE_MULTI_LEG(42)|EARNINGS_DATE_UNCHECKED
2026-07-30,MSFT,MSFT261016C00510000,unusual_volume,C,510.0,2026-10-16,78,31-90,0.131,OTM_5-15,275,48,212575,211750,451.1,,MONTHLY_EXPIRY|PROBABLE_MULTI_LEG(40)|EARNINGS_DATE_UNCHECKED
2026-07-30,MSFT,MSFT261016C00550000,unusual_volume,C,550.0,2026-10-16,78,31-90,0.219,OTM_15+,1053,77,315900,310635,451.1,,MONTHLY_EXPIRY|PROBABLE_MULTI_LEG(30)|EARNINGS_DATE_UNCHECKED
2026-07-30,MSFT,MSFT261120C00420000,unusual_volume,C,420.0,2026-11-20,113,91+,-0.069,ITM_5-15,20169,2748,108912600,109063867,451.1,,MONTHLY_EXPIRY|PROBABLE_MULTI_LEG(4)|EARNINGS_DATE_UNCHECKED
2026-07-30,MSFT,MSFT281215P00415000,unusual_volume,P,415.0,2028-12-15,869,91+,0.08,OTM_5-15,328,129,1810560,1843360,451.1,,QUARTERLY_EXPIRY|PROBABLE_MULTI_LEG(47)|EARNINGS_DATE_UNCHECKED
2026-07-30,NVDA,NVDA260731C00155000,unusual_volume,C,155.0,2026-07-31,1,0-7,-0.205,ITM_15+,486,103,1926989,1941570,195.04,,NEAR_EXPIRY|WEEKLY_EXPIRY|DEEP_ITM|PROBABLE_MULTI_LEG(21)|EARNINGS_DATE_UNCHECKED
2026-07-30,NVDA,NVDA260731C00165000,unusual_volume,C,165.0,2026-07-31,1,0-7,-0.154,ITM_15+,1046,304,3123356,3242600,195.04,LAST_OUTSIDE_QUOTE,NEAR_EXPIRY|WEEKLY_EXPIRY|DEEP_ITM|PROBABLE_MULTI_LEG(14)|EARNINGS_DATE_UNCHECKED
2026-07-30,NVDA,NVDA260731C00170000,unusual_volume,C,170.0,2026-07-31,1,0-7,-0.128,ITM_5-15,2961,426,7461720,7654185,195.04,,NEAR_EXPIRY|WEEKLY_EXPIRY|DEEP_ITM|PROBABLE_MULTI_LEG(8)|EARNINGS_DATE_UNCHECKED
2026-07-30,NVDA,NVDA260731C00172500,unusual_volume,C,172.5,2026-07-31,1,0-7,-0.116,ITM_5-15,3104,135,7018144,7232320,195.04,,NEAR_EXPIRY|WEEKLY_EXPIRY|DEEP_ITM|PROBABLE_MULTI_LEG(12)|EARNINGS_DATE_UNCHECKED
2026-07-30,NVDA,NVDA260731C00177500,unusual_volume,C,177.5,2026-07-31,1,0-7,-0.09,ITM_5-15,8062,1487,14261678,14229429,195.04,,NEAR_EXPIRY|WEEKLY_EXPIRY|DEEP_ITM|PROBABLE_MULTI_LEG(7)|EARNINGS_DATE_UNCHECKED
2026-07-30,NVDA,NVDA260731C00180000,unusual_volume,C,180.0,2026-07-31,1,0-7,-0.077,ITM_5-15,5902,1682,8923824,8823490,195.04,,NEAR_EXPIRY|WEEKLY_EXPIRY|DEEP_ITM|PROBABLE_MULTI_LEG(8)|EARNINGS_DATE_UNCHECKED
2026-07-30,NVDA,NVDA260731C00182500,unusual_volume,C,182.5,2026-07-31,1,0-7,-0.064,ITM_5-15,8657,1608,10873192,10972747,195.04,,NEAR_EXPIRY|WEEKLY_EXPIRY|PROBABLE_MULTI_LEG(5)|EARNINGS_DATE_UNCHECKED
2026-07-30,NVDA,NVDA260731C00185000,unusual_volume,C,185.0,2026-07-31,1,0-7,-0.051,ITM_5-15,6732,2408,6967620,6782489,195.04,,NEAR_EXPIRY|WEEKLY_EXPIRY|PROBABLE_MULTI_LEG(8)|EARNINGS_DATE_UNCHECKED
2026-07-30,NVDA,NVDA260731C00187500,unusual_volume,C,187.5,2026-07-31,1,0-7,-0.039,ATM,3547,1201,2816318,2775527,195.04,,NEAR_EXPIRY|WEEKLY_EXPIRY|PROBABLE_MULTI_LEG(9)|EARNINGS_DATE_UNCHECKED
2026-07-30,NVDA,NVDA260731C00190000,unusual_volume,C,190.0,2026-07-31,1,0-7,-0.026,ATM,17257,5990,9491350,9577635,195.04,,NEAR_EXPIRY|WEEKLY_EXPIRY|PROBABLE_MULTI_LEG(4)|EARNINGS_DATE_UNCHECKED
2026-07-30,NVDA,NVDA260731C00192500,unusual_volume,C,192.5,2026-07-31,1,0-7,-0.013,ATM,51272,6173,18816824,18714280,195.04,,NEAR_EXPIRY|WEEKLY_EXPIRY|PROBABLE_MULTI_LEG(2)|EARNINGS_DATE_UNCHECKED
2026-07-30,NVDA,NVDA260731C00195000,unusual_volume,C,195.0,2026-07-31,1,0-7,-0.0,ATM,213080,18863,42189840,42509460,195.04,,NEAR_EXPIRY|WEEKLY_EXPIRY|PROBABLE_MULTI_LEG(2)|EARNINGS_DATE_UNCHECKED
2026-07-30,NVDA,NVDA260731C00197500,unusual_volume,C,197.5,2026-07-31,1,0-7,0.013,ATM,175428,27407,16490231,16928802,195.04,,NEAR_EXPIRY|WEEKLY_EXPIRY|EARNINGS_DATE_UNCHECKED
2026-07-30,NVDA,NVDA260731C00200000,unusual_volume,C,200.0,2026-07-31,1,0-7,0.025,ATM,222467,51751,9343614,9343614,195.04,,NEAR_EXPIRY|WEEKLY_EXPIRY|PROBABLE_MULTI_LEG(2)|EARNINGS_DATE_UNCHECKED
2026-07-30,NVDA,NVDA260731C00202500,unusual_volume,C,202.5,2026-07-31,1,0-7,0.038,ATM,108882,23349,1850994,1796553,195.04,,NEAR_EXPIRY|WEEKLY_EXPIRY|EARNINGS_DATE_UNCHECKED
2026-07-30,NVDA,NVDA260731P00185000,unusual_volume,P,185.0,2026-07-31,1,0-7,0.051,OTM_5-15,42157,15607,505884,484805,195.04,,NEAR_EXPIRY|WEEKLY_EXPIRY|EARNINGS_DATE_UNCHECKED
2026-07-30,NVDA,NVDA260731P00187500,unusual_volume,P,187.5,2026-07-31,1,0-7,0.039,ATM,67313,11319,1413573,1480886,195.04,,NEAR_EXPIRY|WEEKLY_EXPIRY|PROBABLE_MULTI_LEG(2)|EARNINGS_DATE_UNCHECKED
2026-07-30,NVDA,NVDA260731P00190000,unusual_volume,P,190.0,2026-07-31,1,0-7,0.026,ATM,125580,25239,5651100,5588310,195.04,,NEAR_EXPIRY|WEEKLY_EXPIRY|EARNINGS_DATE_UNCHECKED
2026-07-30,NVDA,NVDA260731P00192500,unusual_volume,P,192.5,2026-07-31,1,0-7,0.013,ATM,98813,12777,9090796,9140202,195.04,,NEAR_EXPIRY|WEEKLY_EXPIRY|EARNINGS_DATE_UNCHECKED
2026-07-30,NVDA,NVDA260731P00195000,unusual_volume,P,195.0,2026-07-31,1,0-7,0.0,ATM,89947,25071,16820089,16415327,195.04,,NEAR_EXPIRY|WEEKLY_EXPIRY|EARNINGS_DATE_UNCHECKED
2026-07-30,NVDA,NVDA260731P00207500,unusual_volume,P,207.5,2026-07-31,1,0-7,-0.064,ITM_5-15,17372,6016,22027696,22800750,195.04,,NEAR_EXPIRY|WEEKLY_EXPIRY|PROBABLE_MULTI_LEG(4)|EARNINGS_DATE_UNCHECKED
2026-07-30,NVDA,NVDA260731P00212500,unusual_volume,P,212.5,2026-07-31,1,0-7,-0.09,ITM_5-15,10943,1802,18986105,18356882,195.04,,NEAR_EXPIRY|WEEKLY_EXPIRY|DEEP_ITM|PROBABLE_MULTI_LEG(5)|EARNINGS_DATE_UNCHECKED
2026-07-30,NVDA,NVDA260731P00215000,unusual_volume,P,215.0,2026-07-31,1,0-7,-0.102,ITM_5-15,5932,969,11763155,11834340,195.04,,NEAR_EXPIRY|WEEKLY_EXPIRY|DEEP_ITM|PROBABLE_MULTI_LEG(8)|EARNINGS_DATE_UNCHECKED
2026-07-30,NVDA,NVDA260731P00217500,unusual_volume,P,217.5,2026-07-31,1,0-7,-0.115,ITM_5-15,11937,81,26643384,27634155,195.04,,NEAR_EXPIRY|WEEKLY_EXPIRY|DEEP_ITM|PROBABLE_MULTI_LEG(4)|EARNINGS_DATE_UNCHECKED
2026-07-30,NVDA,NVDA260731P00220000,unusual_volume,P,220.0,2026-07-31,1,0-7,-0.128,ITM_5-15,2651,99,6839580,6422047,195.04,LAST_OUTSIDE_QUOTE,NEAR_EXPIRY|WEEKLY_EXPIRY|DEEP_ITM|PROBABLE_MULTI_LEG(12)|EARNINGS_DATE_UNCHECKED
2026-07-30,NVDA,NVDA260731P00222500,unusual_volume,P,222.5,2026-07-31,1,0-7,-0.141,ITM_5-15,640,18,1797119,1758400,195.04,LAST_OUTSIDE_QUOTE,NEAR_EXPIRY|WEEKLY_EXPIRY|DEEP_ITM|PROBABLE_MULTI_LEG(20)|EARNINGS_DATE_UNCHECKED
2026-07-30,NVDA,NVDA260731P00225000,unusual_volume,P,225.0,2026-07-31,1,0-7,-0.154,ITM_15+,472,9,1492464,1384140,195.04,LAST_OUTSIDE_QUOTE,NEAR_EXPIRY|WEEKLY_EXPIRY|DEEP_ITM|PROBABLE_MULTI_LEG(21)|EARNINGS_DATE_UNCHECKED
2026-07-30,NVDA,NVDA260803C00177500,unusual_volume,C,177.5,2026-08-03,4,0-7,-0.09,ITM_5-15,926,104,1617722,1715414,195.04,,WEEKLY_EXPIRY|DEEP_ITM|PROBABLE_MULTI_LEG(27)|EARNINGS_DATE_UNCHECKED
2026-07-30,NVDA,NVDA260803C00180000,unusual_volume,C,180.0,2026-08-03,4,0-7,-0.077,ITM_5-15,664,164,1029200,1019240,195.04,,WEEKLY_EXPIRY|DEEP_ITM|PROBABLE_MULTI_LEG(19)|EARNINGS_DATE_UNCHECKED
2026-07-30,NVDA,NVDA260803C00182500,unusual_volume,C,182.5,2026-08-03,4,0-7,-0.064,ITM_5-15,880,144,1122000,1141800,195.04,,WEEKLY_EXPIRY|PROBABLE_MULTI_LEG(26)|EARNINGS_DATE_UNCHECKED
2026-07-30,NVDA,NVDA260803C00185000,unusual_volume,C,185.0,2026-08-03,4,0-7,-0.051,ITM_5-15,505,178,535300,534037,195.04,,WEEKLY_EXPIRY|PROBABLE_MULTI_LEG(19)|EARNINGS_DATE_UNCHECKED
2026-07-30,NVDA,NVDA260803C00192500,unusual_volume,C,192.5,2026-08-03,4,0-7,-0.013,ATM,7542,998,3280769,3318480,195.04,,WEEKLY_EXPIRY|PROBABLE_MULTI_LEG(4)|EARNINGS_DATE_UNCHECKED
2026-07-30,NVDA,NVDA260803C00195000,unusual_volume,C,195.0,2026-08-03,4,0-7,-0.0,ATM,17719,2451,5032196,5067634,195.04,,WEEKLY_EXPIRY|PROBABLE_MULTI_LEG(4)|EARNINGS_DATE_UNCHECKED
2026-07-30,NVDA,NVDA260803C00197500,unusual_volume,C,197.5,2026-08-03,4,0-7,0.013,ATM,9824,1303,1689728,1729024,195.04,,WEEKLY_EXPIRY|PROBABLE_MULTI_LEG(5)|EARNINGS_DATE_UNCHECKED
2026-07-30,NVDA,NVDA260803C00200000,unusual_volume,C,200.0,2026-08-03,4,0-7,0.025,ATM,26134,4252,2587266,2600333,195.04,,WEEKLY_EXPIRY|PROBABLE_MULTI_LEG(4)|EARNINGS_DATE_UNCHECKED
2026-07-30,NVDA,NVDA260803C00202500,unusual_volume,C,202.5,2026-08-03,4,0-7,0.038,ATM,11962,2641,633986,639967,195.04,,WEEKLY_EXPIRY|PROBABLE_MULTI_LEG(4)|EARNINGS_DATE_UNCHECKED
2026-07-30,NVDA,NVDA260803P00190000,unusual_volume,P,190.0,2026-08-03,4,0-7,0.026,ATM,10105,3305,970079,980185,195.04,,WEEKLY_EXPIRY|PROBABLE_MULTI_LEG(5)|EARNINGS_DATE_UNCHECKED
2026-07-30,NVDA,NVDA260803P00192500,unusual_volume,P,192.5,2026-08-03,4,0-7,0.013,ATM,6805,1353,1116020,1116020,195.04,,WEEKLY_EXPIRY|PROBABLE_MULTI_LEG(8)|EARNINGS_DATE_UNCHECKED
2026-07-30,NVDA,NVDA260803P00195000,unusual_volume,P,195.0,2026-08-03,4,0-7,0.0,ATM,14973,2609,3907953,3982818,195.04,LAST_OUTSIDE_QUOTE,WEEKLY_EXPIRY|EARNINGS_DATE_UNCHECKED
2026-07-30,NVDA,NVDA260803P00215000,unusual_volume,P,215.0,2026-08-03,4,0-7,-0.102,ITM_5-15,590,87,1236050,1172625,195.04,LAST_OUTSIDE_QUOTE,WEEKLY_EXPIRY|DEEP_ITM|PROBABLE_MULTI_LEG(22)|EARNINGS_DATE_UNCHECKED
2026-07-30,NVDA,NVDA260803P00217500,unusual_volume,P,217.5,2026-08-03,4,0-7,-0.115,ITM_5-15,1105,32,2592330,2505587,195.04,LAST_OUTSIDE_QUOTE,WEEKLY_EXPIRY|DEEP_ITM|PROBABLE_MULTI_LEG(13)|EARNINGS_DATE_UNCHECKED
2026-07-30,NVDA,NVDA260803P00220000,unusual_volume,P,220.0,2026-08-03,4,0-7,-0.128,ITM_5-15,660,2,1712040,1641750,195.04,LAST_OUTSIDE_QUOTE,WEEKLY_EXPIRY|DEEP_ITM|PROBABLE_MULTI_LEG(17)|EARNINGS_DATE_UNCHECKED
2026-07-30,NVDA,NVDA260805C00180000,unusual_volume,C,180.0,2026-08-05,6,0-7,-0.077,ITM_5-15,700,43,1081500,1093750,195.04,,WEEKLY_EXPIRY|DEEP_ITM|PROBABLE_MULTI_LEG(20)|EARNINGS_DATE_UNCHECKED
2026-07-30,NVDA,NVDA260805C00182500,unusual_volume,C,182.5,2026-08-05,6,0-7,-0.064,ITM_5-15,446,137,546796,594295,195.04,LAST_OUTSIDE_QUOTE,WEEKLY_EXPIRY|PROBABLE_MULTI_LEG(25)|EARNINGS_DATE_UNCHECKED
2026-07-30,NVDA,NVDA260805C00185000,unusual_volume,C,185.0,2026-08-05,6,0-7,-0.051,ITM_5-15,854,141,956479,943670,195.04,,WEEKLY_EXPIRY|PROBABLE_MULTI_LEG(25)|EARNINGS_DATE_UNCHECKED
2026-07-30,NVDA,NVDA260805C00187500,unusual_volume,C,187.5,2026-08-05,6,0-7,-0.039,ATM,379,51,331625,342047,195.04,LAST_OUTSIDE_QUOTE,WEEKLY_EXPIRY|PROBABLE_MULTI_LEG(31)|EARNINGS_DATE_UNCHECKED
2026-07-30,NVDA,NVDA260805C00192500,unusual_volume,C,192.5,2026-08-05,6,0-7,-0.013,ATM,2651,640,1444795,1438167,195.04,,WEEKLY_EXPIRY|PROBABLE_MULTI_LEG(12)|EARNINGS_DATE_UNCHECKED
2026-07-30,NVDA,NVDA260805C00195000,unusual_volume,C,195.0,2026-08-05,6,0-7,-0.0,ATM,3522,648,1373580,1391190,195.04,,WEEKLY_EXPIRY|PROBABLE_MULTI_LEG(9)|EARNINGS_DATE_UNCHECKED
2026-07-30,NVDA,NVDA260805C00200000,unusual_volume,C,200.0,2026-08-05,6,0-7,0.025,ATM,5097,1711,978624,970978,195.04,,WEEKLY_EXPIRY|PROBABLE_MULTI_LEG(7)|EARNINGS_DATE_UNCHECKED
2026-07-30,NVDA,NVDA260805C00202500,unusual_volume,C,202.5,2026-08-05,6,0-7,0.038,ATM,3150,885,396900,396900,195.04,,WEEKLY_EXPIRY|PROBABLE_MULTI_LEG(13)|EARNINGS_DATE_UNCHECKED
2026-07-30,NVDA,NVDA260805P00182500,unusual_volume,P,182.5,2026-08-05,6,0-7,0.064,OTM_5-15,5735,236,332630,341232,195.04,,WEEKLY_EXPIRY|PROBABLE_MULTI_LEG(10)|EARNINGS_DATE_UNCHECKED
2026-07-30,NVDA,NVDA260805P00192500,unusual_volume,P,192.5,2026-08-05,6,0-7,0.013,ATM,2478,823,664104,656670,195.04,,WEEKLY_EXPIRY|PROBABLE_MULTI_LEG(7)|EARNINGS_DATE_UNCHECKED
2026-07-30,NVDA,NVDA260807C00182500,unusual_volume,C,182.5,2026-08-07,8,8-30,-0.064,ITM_5-15,491,101,667760,672670,195.04,,WEEKLY_EXPIRY|PROBABLE_MULTI_LEG(20)|EARNINGS_DATE_UNCHECKED
2026-07-30,NVDA,NVDA260807C00197500,unusual_volume,C,197.5,2026-08-07,8,8-30,0.013,ATM,27005,7432,9478754,9586775,195.04,,WEEKLY_EXPIRY|PROBABLE_MULTI_LEG(4)|EARNINGS_DATE_UNCHECKED
2026-07-30,NVDA,NVDA260807C00202500,unusual_volume,C,202.5,2026-08-07,8,8-30,0.038,ATM,17760,6872,3303360,3232320,195.04,LAST_OUTSIDE_QUOTE,WEEKLY_EXPIRY|PROBABLE_MULTI_LEG(4)|EARNINGS_DATE_UNCHECKED
2026-07-30,NVDA,NVDA260807P00177500,unusual_volume,P,177.5,2026-08-07,8,8-30,0.09,OTM_5-15,7968,1267,374495,378480,195.04,,WEEKLY_EXPIRY|PROBABLE_MULTI_LEG(8)|EARNINGS_DATE_UNCHECKED
2026-07-30,NVDA,NVDA260810C00155000,unusual_volume,C,155.0,2026-08-10,11,8-30,-0.205,ITM_15+,350,1,1406300,1389500,195.04,,WEEKLY_EXPIRY|DEEP_ITM|PROBABLE_MULTI_LEG(33)|EARNINGS_DATE_UNCHECKED
2026-07-30,NVDA,NVDA260810C00160000,unusual_volume,C,160.0,2026-08-10,11,8-30,-0.18,ITM_15+,364,32,1283464,1265810,195.04,,WEEKLY_EXPIRY|DEEP_ITM|PROBABLE_MULTI_LEG(37)|EARNINGS_DATE_UNCHECKED
2026-07-30,NVDA,NVDA260810C00195000,unusual_volume,C,195.0,2026-08-10,11,8-30,-0.0,ATM,1932,557,1023960,1009469,195.04,,WEEKLY_EXPIRY|PROBABLE_MULTI_LEG(16)|EARNINGS_DATE_UNCHECKED
2026-07-30,NVDA,NVDA260812C00200000,unusual_volume,C,200.0,2026-08-12,13,8-30,0.025,ATM,1416,389,495600,506220,195.04,,WEEKLY_EXPIRY|PROBABLE_MULTI_LEG(19)|EARNINGS_DATE_UNCHECKED
2026-07-30,NVDA,NVDA260812P00192500,unusual_volume,P,192.5,2026-08-12,13,8-30,0.013,ATM,503,35,226350,217547,195.04,LAST_OUTSIDE_QUOTE,WEEKLY_EXPIRY|PROBABLE_MULTI_LEG(18)|EARNINGS_DATE_UNCHECKED
2026-07-30,NVDA,NVDA260814C00192500,unusual_volume,C,192.5,2026-08-14,15,8-30,-0.013,ATM,892,289,700220,702450,195.04,,WEEKLY_EXPIRY|PROBABLE_MULTI_LEG(31)|EARNINGS_DATE_UNCHECKED
2026-07-30,NVDA,NVDA260814C00195000,unusual_volume,C,195.0,2026-08-14,15,8-30,-0.0,ATM,4036,1508,2603220,2593130,195.04,,WEEKLY_EXPIRY|PROBABLE_MULTI_LEG(8)|EARNINGS_DATE_UNCHECKED
2026-07-30,NVDA,NVDA260821P00232500,unusual_volume,P,232.5,2026-08-21,22,8-30,-0.192,ITM_15+,264,43,1019303,993960,195.04,LAST_OUTSIDE_QUOTE,MONTHLY_EXPIRY|DEEP_ITM|PROBABLE_MULTI_LEG(31)|EARNINGS_DATE_UNCHECKED
2026-07-30,NVDA,NVDA260904C00190000,unusual_volume,C,190.0,2026-09-04,36,31-90,-0.026,ATM,818,296,1128840,1151334,195.04,LAST_OUTSIDE_QUOTE,WEEKLY_EXPIRY|PROBABLE_MULTI_LEG(22)|EARNINGS_DATE_UNCHECKED
2026-07-30,NVDA,NVDA260904P00195000,unusual_volume,P,195.0,2026-09-04,36,31-90,0.0,ATM,4323,650,4539150,4485112,195.04,,WEEKLY_EXPIRY|PROBABLE_MULTI_LEG(6)|EARNINGS_DATE_UNCHECKED
2026-07-30,NVDA,NVDA260911C00160000,unusual_volume,C,160.0,2026-09-11,43,31-90,-0.18,ITM_15+,304,0,1101696,1139239,195.04,LAST_OUTSIDE_QUOTE,WEEKLY_EXPIRY|DEEP_ITM|PROBABLE_MULTI_LEG(29)|EARNINGS_DATE_UNCHECKED
2026-07-30,NVDA,NVDA260911C00230000,unusual_volume,C,230.0,2026-09-11,43,31-90,0.179,OTM_15+,1937,0,373841,353502,195.04,,WEEKLY_EXPIRY|PROBABLE_MULTI_LEG(15)|EARNINGS_DATE_UNCHECKED
2026-07-30,NVDA,NVDA270219C00190000,unusual_volume,C,190.0,2027-02-19,204,91+,-0.026,ATM,888,166,2538792,2548560,195.04,,MONTHLY_EXPIRY|PROBABLE_MULTI_LEG(29)|EARNINGS_DATE_UNCHECKED
2026-07-30,NVDA,NVDA270219C00230000,unusual_volume,C,230.0,2027-02-19,204,91+,0.179,OTM_15+,881,206,1145300,1154110,195.04,,MONTHLY_EXPIRY|PROBABLE_MULTI_LEG(26)|EARNINGS_DATE_UNCHECKED
2026-07-30,NVDA,NVDA270917C00450000,unusual_volume,C,450.0,2027-09-17,414,91+,1.307,OTM_15+,2570,924,606520,615515,195.04,,QUARTERLY_EXPIRY|PROBABLE_MULTI_LEG(10)|EARNINGS_DATE_UNCHECKED
2026-07-30,ORCL,ORCL260731C00127000,unusual_volume,C,127.0,2026-07-31,1,0-7,-0.004,ATM,10437,1895,2546628,2593594,127.56,,NEAR_EXPIRY|WEEKLY_EXPIRY|PROBABLE_MULTI_LEG(4)|EARNINGS_DATE_UNCHECKED
2026-07-30,ORCL,ORCL260731C00129000,unusual_volume,C,129.0,2026-07-31,1,0-7,0.011,ATM,3040,1031,483360,478800,127.56,,NEAR_EXPIRY|WEEKLY_EXPIRY|PROBABLE_MULTI_LEG(4)|EARNINGS_DATE_UNCHECKED
2026-07-30,ORCL,ORCL260731C00130000,unusual_volume,C,130.0,2026-07-31,1,0-7,0.019,ATM,48406,8708,6050750,6050750,127.56,,NEAR_EXPIRY|WEEKLY_EXPIRY|EARNINGS_DATE_UNCHECKED
2026-07-30,ORCL,ORCL260731C00131000,unusual_volume,C,131.0,2026-07-31,1,0-7,0.027,ATM,4054,1342,401346,397292,127.56,,NEAR_EXPIRY|WEEKLY_EXPIRY|PROBABLE_MULTI_LEG(3)|EARNINGS_DATE_UNCHECKED
2026-07-30,ORCL,ORCL260731C00132000,unusual_volume,C,132.0,2026-07-31,1,0-7,0.035,ATM,6815,1514,524755,521347,127.56,,NEAR_EXPIRY|WEEKLY_EXPIRY|PROBABLE_MULTI_LEG(3)|EARNINGS_DATE_UNCHECKED
2026-07-30,ORCL,ORCL260731P00126000,unusual_volume,P,126.0,2026-07-31,1,0-7,0.012,ATM,5351,412,770544,767868,127.56,,NEAR_EXPIRY|WEEKLY_EXPIRY|PROBABLE_MULTI_LEG(4)|EARNINGS_DATE_UNCHECKED
2026-07-30,ORCL,ORCL260731P00160000,unusual_volume,P,160.0,2026-07-31,1,0-7,-0.254,ITM_15+,602,123,1977570,1976065,127.56,,NEAR_EXPIRY|WEEKLY_EXPIRY|DEEP_ITM|PROBABLE_MULTI_LEG(17)|EARNINGS_DATE_UNCHECKED
2026-07-30,ORCL,ORCL260731P00165000,unusual_volume,P,165.0,2026-07-31,1,0-7,-0.294,ITM_15+,273,66,1046955,1025115,127.56,,NEAR_EXPIRY|WEEKLY_EXPIRY|DEEP_ITM|PROBABLE_MULTI_LEG(12)|EARNINGS_DATE_UNCHECKED
2026-07-30,ORCL,ORCL260807C00123000,unusual_volume,C,123.0,2026-08-07,8,8-30,-0.036,ATM,412,154,323420,322389,127.56,,WEEKLY_EXPIRY|PROBABLE_MULTI_LEG(11)|EARNINGS_DATE_UNCHECKED
2026-07-30,ORCL,ORCL260807C00124000,unusual_volume,C,124.0,2026-08-07,8,8-30,-0.028,ATM,619,180,437633,444132,127.56,,WEEKLY_EXPIRY|PROBABLE_MULTI_LEG(15)|EARNINGS_DATE_UNCHECKED
2026-07-30,ORCL,ORCL260807C00128000,unusual_volume,C,128.0,2026-08-07,8,8-30,0.003,ATM,1354,248,660752,663460,127.56,,WEEKLY_EXPIRY|PROBABLE_MULTI_LEG(10)|EARNINGS_DATE_UNCHECKED
2026-07-30,ORCL,ORCL260807C00130000,unusual_volume,C,130.0,2026-08-07,8,8-30,0.019,ATM,10861,3392,4453010,4398705,127.56,,WEEKLY_EXPIRY|PROBABLE_MULTI_LEG(3)|EARNINGS_DATE_UNCHECKED
2026-07-30,ORCL,ORCL260807C00135000,unusual_volume,C,135.0,2026-08-07,8,8-30,0.058,OTM_5-15,9987,3017,2386893,2396880,127.56,,WEEKLY_EXPIRY|PROBABLE_MULTI_LEG(3)|EARNINGS_DATE_UNCHECKED
2026-07-30,ORCL,ORCL260807P00118000,unusual_volume,P,118.0,2026-08-07,8,8-30,0.075,OTM_5-15,2497,330,377047,384538,127.56,,WEEKLY_EXPIRY|PROBABLE_MULTI_LEG(6)|EARNINGS_DATE_UNCHECKED
2026-07-30,ORCL,ORCL260821C00126000,unusual_volume,C,126.0,2026-08-21,22,8-30,-0.012,ATM,2763,222,2494989,2521237,127.56,,MONTHLY_EXPIRY|PROBABLE_MULTI_LEG(6)|EARNINGS_DATE_UNCHECKED
2026-07-30,ORCL,ORCL260821C00138000,unusual_volume,C,138.0,2026-08-21,22,8-30,0.082,OTM_5-15,4186,264,1887886,1915094,127.56,,MONTHLY_EXPIRY|PROBABLE_MULTI_LEG(5)|EARNINGS_DATE_UNCHECKED
2026-07-30,ORCL,ORCL260821P00112000,unusual_volume,P,112.0,2026-08-21,22,8-30,0.122,OTM_5-15,4310,486,1012850,997765,127.56,,MONTHLY_EXPIRY|PROBABLE_MULTI_LEG(4)|EARNINGS_DATE_UNCHECKED
2026-07-30,ORCL,ORCL260821P00210000,unusual_volume,P,210.0,2026-08-21,22,8-30,-0.646,ITM_15+,748,148,6208400,6154170,127.56,,MONTHLY_EXPIRY|DEEP_ITM|PROBABLE_MULTI_LEG(16)|EARNINGS_DATE_UNCHECKED
2026-07-30,ORCL,ORCL260821P00240000,unusual_volume,P,240.0,2026-08-21,22,8-30,-0.881,ITM_15+,1724,215,19507060,19395000,127.56,,MONTHLY_EXPIRY|DEEP_ITM|PROBABLE_MULTI_LEG(6)|EARNINGS_DATE_UNCHECKED
2026-07-30,ORCL,ORCL260821P00250000,unusual_volume,P,250.0,2026-08-21,22,8-30,-0.96,ITM_15+,1491,197,18223002,18249840,127.56,,MONTHLY_EXPIRY|DEEP_ITM|PROBABLE_MULTI_LEG(8)|EARNINGS_DATE_UNCHECKED
2026-07-30,SOLS,SOLS260821C00055000,oi_build,C,55.0,2026-08-21,22,8-30,-0.042,ATM,87,1477,45240,40020,57.39,LAST_OUTSIDE_QUOTE,MONTHLY_EXPIRY|EARNINGS_DATE_UNCHECKED
2026-07-30,SOLS,SOLS260821C00060000,oi_build,C,60.0,2026-08-21,22,8-30,0.045,ATM,47,3423,11045,9987,57.39,,MONTHLY_EXPIRY|EARNINGS_DATE_UNCHECKED
2026-07-30,SOLS,SOLS260821P00095000,unusual_volume,P,95.0,2026-08-21,22,8-30,-0.655,ITM_15+,417,117,1552490,1567919,57.39,,MONTHLY_EXPIRY|DEEP_ITM|PROBABLE_MULTI_LEG(2)|EARNINGS_DATE_UNCHECKED
2026-07-30,SPGI,SPGI260918C00460000,unusual_volume,C,460.0,2026-09-18,50,31-90,0.108,OTM_5-15,134,25,54940,51254,415.0,WIDE_MARKET,QUARTERLY_EXPIRY|EARNINGS_DATE_UNCHECKED
2026-07-30,SPGI,SPGI260918P00380000,oi_build,P,380.0,2026-09-18,50,31-90,0.084,OTM_5-15,18,204,11340,9270,415.0,WIDE_MARKET,QUARTERLY_EXPIRY|EARNINGS_DATE_UNCHECKED
2026-07-30,SPGI,SPGI260918P00390000,oi_build,P,390.0,2026-09-18,50,31-90,0.06,OTM_5-15,5,316,4900,4275,415.0,WIDE_MARKET,QUARTERLY_EXPIRY|EARNINGS_DATE_UNCHECKED
2026-07-30,SPGI,SPGI261016C00410000,unusual_volume,C,410.0,2026-10-16,78,31-90,-0.012,ATM,443,98,1085350,1200530,415.0,LAST_OUTSIDE_QUOTE,MONTHLY_EXPIRY|EARNINGS_DATE_UNCHECKED
2026-07-30,SPGI,SPGI261016P00410000,unusual_volume,P,410.0,2026-10-16,78,31-90,0.012,ATM,327,1,722670,639285,415.0,LAST_OUTSIDE_QUOTE,MONTHLY_EXPIRY|EARNINGS_DATE_UNCHECKED
2026-07-30,TSM,TSM260731C00412500,unusual_volume,C,412.5,2026-07-31,1,0-7,0.023,ATM,1414,303,268660,233310,403.31,WIDE_MARKET|LAST_OUTSIDE_QUOTE,NEAR_EXPIRY|WEEKLY_EXPIRY|PROBABLE_MULTI_LEG(3)|EARNINGS_DATE_UNCHECKED
2026-07-30,TSM,TSM260807C00410000,unusual_volume,C,410.0,2026-08-07,8,8-30,0.017,ATM,1237,475,1138040,1128762,403.31,,WEEKLY_EXPIRY|PROBABLE_MULTI_LEG(5)|EARNINGS_DATE_UNCHECKED
2026-07-30,TSM,TSM260807C00415000,unusual_volume,C,415.0,2026-08-07,8,8-30,0.029,ATM,1076,325,796240,774719,403.31,,WEEKLY_EXPIRY|PROBABLE_MULTI_LEG(4)|EARNINGS_DATE_UNCHECKED
2026-07-30,TSM,TSM260807C00420000,unusual_volume,C,420.0,2026-08-07,8,8-30,0.041,ATM,1840,640,1058000,1030400,403.31,,WEEKLY_EXPIRY|PROBABLE_MULTI_LEG(2)|EARNINGS_DATE_UNCHECKED
2026-07-30,TSM,TSM260807P00372500,unusual_volume,P,372.5,2026-08-07,8,8-30,0.076,OTM_5-15,891,32,223641,241906,403.31,,WEEKLY_EXPIRY|PROBABLE_MULTI_LEG(4)|EARNINGS_DATE_UNCHECKED
2026-07-30,TSM,TSM260807P00375000,unusual_volume,P,375.0,2026-08-07,8,8-30,0.07,OTM_5-15,1261,379,390910,390279,403.31,,WEEKLY_EXPIRY|PROBABLE_MULTI_LEG(5)|EARNINGS_DATE_UNCHECKED
2026-07-30,TSM,TSM260807P00382500,unusual_volume,P,382.5,2026-08-07,8,8-30,0.052,OTM_5-15,534,42,224280,242970,403.31,,WEEKLY_EXPIRY|PROBABLE_MULTI_LEG(7)|EARNINGS_DATE_UNCHECKED
2026-07-30,TSM,TSM260821C00415000,unusual_volume,C,415.0,2026-08-21,22,8-30,0.029,ATM,8323,243,12159903,11881082,403.31,,MONTHLY_EXPIRY|EARNINGS_DATE_UNCHECKED
2026-07-30,TSM,TSM260904C00370000,unusual_volume,C,370.0,2026-09-04,36,31-90,-0.083,ITM_5-15,301,4,1313865,1365034,403.31,LAST_OUTSIDE_QUOTE,WEEKLY_EXPIRY|DEEP_ITM|PROBABLE_MULTI_LEG(8)|EARNINGS_DATE_UNCHECKED
2026-07-30,TSM,TSM261120C00480000,unusual_volume,C,480.0,2026-11-20,113,91+,0.19,OTM_15+,3050,891,5596750,5573874,403.31,,MONTHLY_EXPIRY|PROBABLE_MULTI_LEG(2)|EARNINGS_DATE_UNCHECKED
2026-07-30,V,V260807C00365000,unusual_volume,C,365.0,2026-08-07,8,8-30,-0.003,ATM,776,206,463272,463659,366.27,,WEEKLY_EXPIRY|PROBABLE_MULTI_LEG(2)|EARNINGS_DATE_UNCHECKED
2026-07-30,V,V260807C00367500,unusual_volume,C,367.5,2026-08-07,8,8-30,0.003,ATM,795,183,384780,371662,366.27,,WEEKLY_EXPIRY|PROBABLE_MULTI_LEG(2)|EARNINGS_DATE_UNCHECKED
2026-07-30,V,V260807P00360000,unusual_volume,P,360.0,2026-08-07,8,8-30,0.017,ATM,1223,183,302081,293520,366.27,,WEEKLY_EXPIRY|EARNINGS_DATE_UNCHECKED
2026-07-30,V,V260814C00370000,unusual_volume,C,370.0,2026-08-14,15,8-30,0.01,ATM,672,192,315168,337680,366.27,,WEEKLY_EXPIRY|EARNINGS_DATE_UNCHECKED
2026-07-30,V,V260821P00357500,unusual_volume,P,357.5,2026-08-21,22,8-30,0.024,ATM,1096,55,501968,482240,366.27,,MONTHLY_EXPIRY|EARNINGS_DATE_UNCHECKED
2026-07-30,V,V260821P00362500,unusual_volume,P,362.5,2026-08-21,22,8-30,0.01,ATM,964,109,588040,604910,366.27,,MONTHLY_EXPIRY|EARNINGS_DATE_UNCHECKED
2026-07-30,V,V260828C00375000,unusual_volume,C,375.0,2026-08-28,29,8-30,0.024,ATM,473,71,253054,258967,366.27,,WEEKLY_EXPIRY|PROBABLE_MULTI_LEG(2)|EARNINGS_DATE_UNCHECKED
2026-07-31,AAPL,AAPL260731C00260000,unusual_volume,C,260.0,2026-07-31,0,0-7,-0.158,ITM_15+,30023,116,127147405,148013390,308.91,LAST_OUTSIDE_QUOTE,NEAR_EXPIRY|WEEKLY_EXPIRY|DEEP_ITM|PROBABLE_MULTI_LEG(3)|EARNINGS_DATE_UNCHECKED
2026-07-31,AAPL,AAPL260731C00295000,unusual_volume,C,295.0,2026-07-31,0,0-7,-0.045,ATM,4697,1094,6350343,6493602,308.91,,NEAR_EXPIRY|WEEKLY_EXPIRY|PROBABLE_MULTI_LEG(11)|EARNINGS_DATE_UNCHECKED
2026-07-31,AAPL,AAPL260731C00297500,unusual_volume,C,297.5,2026-07-31,0,0-7,-0.037,ATM,10025,176,11358325,11578875,308.91,WIDE_MARKET,NEAR_EXPIRY|WEEKLY_EXPIRY|PROBABLE_MULTI_LEG(11)|EARNINGS_DATE_UNCHECKED
2026-07-31,AAPL,AAPL260731C00300000,unusual_volume,C,300.0,2026-07-31,0,0-7,-0.029,ATM,43473,2771,44125095,40647255,308.91,WIDE_MARKET,NEAR_EXPIRY|WEEKLY_EXPIRY|EARNINGS_DATE_UNCHECKED
2026-07-31,AAPL,AAPL260731C00302500,unusual_volume,C,302.5,2026-07-31,0,0-7,-0.021,ATM,97733,53,68901765,66947104,308.91,WIDE_MARKET,NEAR_EXPIRY|WEEKLY_EXPIRY|EARNINGS_DATE_UNCHECKED
2026-07-31,AAPL,AAPL260731C00305000,unusual_volume,C,305.0,2026-07-31,0,0-7,-0.013,ATM,155435,2314,84556640,67225637,308.91,WIDE_MARKET,NEAR_EXPIRY|WEEKLY_EXPIRY|EARNINGS_DATE_UNCHECKED
2026-07-31,AAPL,AAPL260731C00307500,unusual_volume,C,307.5,2026-07-31,0,0-7,-0.005,ATM,111798,101,14533740,17105094,308.91,WIDE_MARKET,NEAR_EXPIRY|WEEKLY_EXPIRY|EARNINGS_DATE_UNCHECKED
2026-07-31,AAPL,AAPL260731C00310000,unusual_volume,C,310.0,2026-07-31,0,0-7,0.004,ATM,119805,5121,718830,1138147,308.91,WIDE_MARKET,NEAR_EXPIRY|WEEKLY_EXPIRY|EARNINGS_DATE_UNCHECKED
2026-07-31,AAPL,AAPL260731P00352500,unusual_volume,P,352.5,2026-07-31,0,0-7,-0.141,ITM_5-15,361,105,1805000,1561325,308.91,LAST_OUTSIDE_QUOTE,NEAR_EXPIRY|WEEKLY_EXPIRY|DEEP_ITM|PROBABLE_MULTI_LEG(39)|EARNINGS_DATE_UNCHECKED
2026-07-31,AAPL,AAPL260803C00295000,unusual_volume,C,295.0,2026-08-03,3,0-7,-0.045,ATM,1824,34,2553600,2580960,308.91,,NEAR_EXPIRY|WEEKLY_EXPIRY|PROBABLE_MULTI_LEG(22)|EARNINGS_DATE_UNCHECKED
2026-07-31,AAPL,AAPL260803C00297500,unusual_volume,C,297.5,2026-08-03,3,0-7,-0.037,ATM,1067,21,1451120,1253725,308.91,LAST_OUTSIDE_QUOTE,NEAR_EXPIRY|WEEKLY_EXPIRY|PROBABLE_MULTI_LEG(29)|EARNINGS_DATE_UNCHECKED
2026-07-31,AAPL,AAPL260803C00300000,unusual_volume,C,300.0,2026-08-03,3,0-7,-0.029,ATM,14427,38,13604660,14066325,308.91,,NEAR_EXPIRY|WEEKLY_EXPIRY|PROBABLE_MULTI_LEG(3)|EARNINGS_DATE_UNCHECKED
2026-07-31,AAPL,AAPL260803C00302500,unusual_volume,C,302.5,2026-08-03,3,0-7,-0.021,ATM,21110,118,14270360,15938050,308.91,LAST_OUTSIDE_QUOTE,NEAR_EXPIRY|WEEKLY_EXPIRY|PROBABLE_MULTI_LEG(4)|EARNINGS_DATE_UNCHECKED
2026-07-31,AAPL,AAPL260803C00305000,unusual_volume,C,305.0,2026-08-03,3,0-7,-0.013,ATM,33680,115,18355600,19113400,308.91,,NEAR_EXPIRY|WEEKLY_EXPIRY|PROBABLE_MULTI_LEG(2)|EARNINGS_DATE_UNCHECKED
2026-07-31,AAPL,AAPL260803C00307500,unusual_volume,C,307.5,2026-08-03,3,0-7,-0.005,ATM,14947,129,5455655,6240372,308.91,LAST_OUTSIDE_QUOTE,NEAR_EXPIRY|WEEKLY_EXPIRY|PROBABLE_MULTI_LEG(4)|EARNINGS_DATE_UNCHECKED
2026-07-31,AAPL,AAPL260803C00310000,unusual_volume,C,310.0,2026-08-03,3,0-7,0.004,ATM,28728,186,7986384,8029475,308.91,,NEAR_EXPIRY|WEEKLY_EXPIRY|PROBABLE_MULTI_LEG(4)|EARNINGS_DATE_UNCHECKED
2026-07-31,AAPL,AAPL260803C00312500,unusual_volume,C,312.5,2026-08-03,3,0-7,0.012,ATM,10132,16,1894684,1914948,308.91,,NEAR_EXPIRY|WEEKLY_EXPIRY|PROBABLE_MULTI_LEG(12)|EARNINGS_DATE_UNCHECKED
2026-07-31,AAPL,AAPL260803C00315000,unusual_volume,C,315.0,2026-08-03,3,0-7,0.02,ATM,13551,233,1544814,1687099,308.91,LAST_OUTSIDE_QUOTE,NEAR_EXPIRY|WEEKLY_EXPIRY|PROBABLE_MULTI_LEG(5)|EARNINGS_DATE_UNCHECKED
2026-07-31,AAPL,AAPL260803C00317500,unusual_volume,C,317.5,2026-08-03,3,0-7,0.028,ATM,7557,421,566775,668794,308.91,WIDE_MARKET,NEAR_EXPIRY|WEEKLY_EXPIRY|PROBABLE_MULTI_LEG(6)|EARNINGS_DATE_UNCHECKED
2026-07-31,AAPL,AAPL260803C00320000,unusual_volume,C,320.0,2026-08-03,3,0-7,0.036,ATM,10338,151,558252,630618,308.91,WIDE_MARKET,NEAR_EXPIRY|WEEKLY_EXPIRY|PROBABLE_MULTI_LEG(10)|EARNINGS_DATE_UNCHECKED
2026-07-31,AAPL,AAPL260803P00295000,unusual_volume,P,295.0,2026-08-03,3,0-7,0.045,ATM,9943,646,238631,208803,308.91,WIDE_MARKET,NEAR_EXPIRY|WEEKLY_EXPIRY|PROBABLE_MULTI_LEG(10)|EARNINGS_DATE_UNCHECKED
2026-07-31,AAPL,AAPL260803P00297500,unusual_volume,P,297.5,2026-08-03,3,0-7,0.037,ATM,8572,161,342880,231444,308.91,WIDE_MARKET,NEAR_EXPIRY|WEEKLY_EXPIRY|PROBABLE_MULTI_LEG(6)|EARNINGS_DATE_UNCHECKED
2026-07-31,AAPL,AAPL260803P00300000,unusual_volume,P,300.0,2026-08-03,3,0-7,0.029,ATM,24456,1654,1491816,1320624,308.91,WIDE_MARKET,NEAR_EXPIRY|WEEKLY_EXPIRY|PROBABLE_MULTI_LEG(4)|EARNINGS_DATE_UNCHECKED
2026-07-31,AAPL,AAPL260803P00302500,unusual_volume,P,302.5,2026-08-03,3,0-7,0.021,ATM,7698,212,769800,704367,308.91,WIDE_MARKET,NEAR_EXPIRY|WEEKLY_EXPIRY|PROBABLE_MULTI_LEG(5)|EARNINGS_DATE_UNCHECKED
2026-07-31,AAPL,AAPL260803P00305000,unusual_volume,P,305.0,2026-08-03,3,0-7,0.013,ATM,5369,677,880516,840248,308.91,,NEAR_EXPIRY|WEEKLY_EXPIRY|PROBABLE_MULTI_LEG(4)|EARNINGS_DATE_UNCHECKED
2026-07-31,AAPL,AAPL260803P00307500,unusual_volume,P,307.5,2026-08-03,3,0-7,0.005,ATM,1617,410,388080,417185,308.91,,NEAR_EXPIRY|WEEKLY_EXPIRY|PROBABLE_MULTI_LEG(20)|EARNINGS_DATE_UNCHECKED
2026-07-31,AAPL,AAPL260803P00310000,unusual_volume,P,310.0,2026-08-03,3,0-7,-0.004,ATM,6936,1985,2670360,2496960,308.91,WIDE_MARKET,NEAR_EXPIRY|WEEKLY_EXPIRY|PROBABLE_MULTI_LEG(10)|EARNINGS_DATE_UNCHECKED
2026-07-31,AAPL,AAPL260805C00295000,unusual_volume,C,295.0,2026-08-05,5,0-7,-0.045,ATM,299,23,397670,447752,308.91,LAST_OUTSIDE_QUOTE,WEEKLY_EXPIRY|PROBABLE_MULTI_LEG(32)|EARNINGS_DATE_UNCHECKED
2026-07-31,AAPL,AAPL260805C00297500,unusual_volume,C,297.5,2026-08-05,5,0-7,-0.037,ATM,461,3,645400,591232,308.91,LAST_OUTSIDE_QUOTE,WEEKLY_EXPIRY|PROBABLE_MULTI_LEG(25)|EARNINGS_DATE_UNCHECKED
2026-07-31,AAPL,AAPL260805C00300000,unusual_volume,C,300.0,2026-08-05,5,0-7,-0.029,ATM,2503,40,2853420,2634407,308.91,,WEEKLY_EXPIRY|PROBABLE_MULTI_LEG(16)|EARNINGS_DATE_UNCHECKED
2026-07-31,AAPL,AAPL260805C00302500,unusual_volume,C,302.5,2026-08-05,5,0-7,-0.021,ATM,3036,68,2580600,2588190,308.91,,WEEKLY_EXPIRY|PROBABLE_MULTI_LEG(13)|EARNINGS_DATE_UNCHECKED
2026-07-31,AAPL,AAPL260805C00305000,unusual_volume,C,305.0,2026-08-05,5,0-7,-0.013,ATM,4777,32,3081165,3296130,308.91,,WEEKLY_EXPIRY|PROBABLE_MULTI_LEG(12)|EARNINGS_DATE_UNCHECKED
2026-07-31,AAPL,AAPL260805C00307500,unusual_volume,C,307.5,2026-08-05,5,0-7,-0.005,ATM,4397,89,2440335,2352394,308.91,,WEEKLY_EXPIRY|PROBABLE_MULTI_LEG(13)|EARNINGS_DATE_UNCHECKED
2026-07-31,AAPL,AAPL260805C00310000,unusual_volume,C,310.0,2026-08-05,5,0-7,0.004,ATM,8392,127,3524640,3503660,308.91,,WEEKLY_EXPIRY|PROBABLE_MULTI_LEG(5)|EARNINGS_DATE_UNCHECKED
2026-07-31,AAPL,AAPL260805C00312500,unusual_volume,C,312.5,2026-08-05,5,0-7,0.012,ATM,1959,3,626880,631777,308.91,,WEEKLY_EXPIRY|PROBABLE_MULTI_LEG(16)|EARNINGS_DATE_UNCHECKED
2026-07-31,AAPL,AAPL260805C00315000,unusual_volume,C,315.0,2026-08-05,5,0-7,0.02,ATM,3151,22,753089,713701,308.91,WIDE_MARKET,WEEKLY_EXPIRY|PROBABLE_MULTI_LEG(11)|EARNINGS_DATE_UNCHECKED
2026-07-31,AAPL,AAPL260805C00317500,unusual_volume,C,317.5,2026-08-05,5,0-7,0.028,ATM,2707,6,479139,460189,308.91,WIDE_MARKET,WEEKLY_EXPIRY|PROBABLE_MULTI_LEG(16)|EARNINGS_DATE_UNCHECKED
2026-07-31,AAPL,AAPL260805C00320000,unusual_volume,C,320.0,2026-08-05,5,0-7,0.036,ATM,3502,59,416738,418488,308.91,WIDE_MARKET,WEEKLY_EXPIRY|PROBABLE_MULTI_LEG(14)|EARNINGS_DATE_UNCHECKED
2026-07-31,AAPL,AAPL260805C00325000,unusual_volume,C,325.0,2026-08-05,5,0-7,0.052,OTM_5-15,3972,270,266124,214488,308.91,WIDE_MARKET,WEEKLY_EXPIRY|PROBABLE_MULTI_LEG(6)|EARNINGS_DATE_UNCHECKED
2026-07-31,AAPL,AAPL260805P00302500,unusual_volume,P,302.5,2026-08-05,5,0-7,0.021,ATM,1361,54,264034,277644,308.91,WIDE_MARKET,WEEKLY_EXPIRY|PROBABLE_MULTI_LEG(18)|EARNINGS_DATE_UNCHECKED
2026-07-31,AAPL,AAPL260805P00305000,unusual_volume,P,305.0,2026-08-05,5,0-7,0.013,ATM,1071,230,319158,304164,308.91,WIDE_MARKET,WEEKLY_EXPIRY|PROBABLE_MULTI_LEG(28)|EARNINGS_DATE_UNCHECKED
2026-07-31,AAPL,AAPL260807C00257500,unusual_volume,C,257.5,2026-08-07,7,0-7,-0.166,ITM_15+,362,0,1729998,1875159,308.91,LAST_OUTSIDE_QUOTE,WEEKLY_EXPIRY|DEEP_ITM|PROBABLE_MULTI_LEG(40)|EARNINGS_DATE_UNCHECKED
2026-07-31,AAPL,AAPL260807C00275000,unusual_volume,C,275.0,2026-08-07,7,0-7,-0.11,ITM_5-15,2439,189,7458462,8414550,308.91,LAST_OUTSIDE_QUOTE,WEEKLY_EXPIRY|DEEP_ITM|PROBABLE_MULTI_LEG(14)|EARNINGS_DATE_UNCHECKED
2026-07-31,AAPL,AAPL260807C00297500,unusual_volume,C,297.5,2026-08-07,7,0-7,-0.037,ATM,1162,35,1591940,1536745,308.91,,WEEKLY_EXPIRY|PROBABLE_MULTI_LEG(25)|EARNINGS_DATE_UNCHECKED
2026-07-31,AAPL,AAPL260807C00300000,unusual_volume,C,300.0,2026-08-07,7,0-7,-0.029,ATM,6757,572,7432700,7567839,308.91,,WEEKLY_EXPIRY|PROBABLE_MULTI_LEG(9)|EARNINGS_DATE_UNCHECKED
2026-07-31,AAPL,AAPL260807C00302500,unusual_volume,C,302.5,2026-08-07,7,0-7,-0.021,ATM,10219,62,9810240,9631407,308.91,,WEEKLY_EXPIRY|PROBABLE_MULTI_LEG(11)|EARNINGS_DATE_UNCHECKED
2026-07-31,AAPL,AAPL260807C00305000,unusual_volume,C,305.0,2026-08-07,7,0-7,-0.013,ATM,16944,873,12792720,13089240,308.91,,WEEKLY_EXPIRY|PROBABLE_MULTI_LEG(6)|EARNINGS_DATE_UNCHECKED
2026-07-31,AAPL,AAPL260807C00307500,unusual_volume,C,307.5,2026-08-07,7,0-7,-0.005,ATM,8957,33,5374200,5956405,308.91,,WEEKLY_EXPIRY|PROBABLE_MULTI_LEG(3)|EARNINGS_DATE_UNCHECKED
2026-07-31,AAPL,AAPL260807C00310000,unusual_volume,C,310.0,2026-08-07,7,0-7,0.004,ATM,28485,1346,14669775,14384925,308.91,,WEEKLY_EXPIRY|PROBABLE_MULTI_LEG(2)|EARNINGS_DATE_UNCHECKED
2026-07-31,AAPL,AAPL260807C00312500,unusual_volume,C,312.5,2026-08-07,7,0-7,0.012,ATM,6065,32,2347155,2410837,308.91,,WEEKLY_EXPIRY|PROBABLE_MULTI_LEG(8)|EARNINGS_DATE_UNCHECKED
2026-07-31,AAPL,AAPL260807C00315000,unusual_volume,C,315.0,2026-08-07,7,0-7,0.02,ATM,10843,1159,3307115,3285429,308.91,,WEEKLY_EXPIRY|PROBABLE_MULTI_LEG(4)|EARNINGS_DATE_UNCHECKED
2026-07-31,AAPL,AAPL260807C00317500,unusual_volume,C,317.5,2026-08-07,7,0-7,0.028,ATM,3140,143,728479,731620,308.91,,WEEKLY_EXPIRY|PROBABLE_MULTI_LEG(11)|EARNINGS_DATE_UNCHECKED
2026-07-31,AAPL,AAPL260807C00320000,unusual_volume,C,320.0,2026-08-07,7,0-7,0.036,ATM,24469,2028,4526765,4477827,308.91,,WEEKLY_EXPIRY|PROBABLE_MULTI_LEG(4)|EARNINGS_DATE_UNCHECKED
2026-07-31,AAPL,AAPL260807C00322500,unusual_volume,C,322.5,2026-08-07,7,0-7,0.044,ATM,3469,212,478721,450970,308.91,,WEEKLY_EXPIRY|PROBABLE_MULTI_LEG(12)|EARNINGS_DATE_UNCHECKED
2026-07-31,AAPL,AAPL260807P00285000,unusual_volume,P,285.0,2026-08-07,7,0-7,0.077,OTM_5-15,7970,1423,286920,270980,308.91,WIDE_MARKET,WEEKLY_EXPIRY|PROBABLE_MULTI_LEG(5)|EARNINGS_DATE_UNCHECKED
2026-07-31,AAPL,AAPL260807P00290000,unusual_volume,P,290.0,2026-08-07,7,0-7,0.061,OTM_5-15,11776,1897,765440,753664,308.91,WIDE_MARKET,WEEKLY_EXPIRY|PROBABLE_MULTI_LEG(3)|EARNINGS_DATE_UNCHECKED
2026-07-31,AAPL,AAPL260807P00292500,unusual_volume,P,292.5,2026-08-07,7,0-7,0.053,OTM_5-15,2611,555,193214,224546,308.91,WIDE_MARKET,WEEKLY_EXPIRY|PROBABLE_MULTI_LEG(18)|EARNINGS_DATE_UNCHECKED
2026-07-31,AAPL,AAPL260807P00297500,unusual_volume,P,297.5,2026-08-07,7,0-7,0.037,ATM,2930,501,416059,465870,308.91,LAST_OUTSIDE_QUOTE,WEEKLY_EXPIRY|PROBABLE_MULTI_LEG(14)|EARNINGS_DATE_UNCHECKED
2026-07-31,AAPL,AAPL260807P00300000,unusual_volume,P,300.0,2026-08-07,7,0-7,0.029,ATM,20693,4623,4366223,4428302,308.91,,WEEKLY_EXPIRY|PROBABLE_MULTI_LEG(4)|EARNINGS_DATE_UNCHECKED
2026-07-31,AAPL,AAPL260807P00302500,unusual_volume,P,302.5,2026-08-07,7,0-7,0.021,ATM,4199,271,1037153,1163123,308.91,LAST_OUTSIDE_QUOTE,WEEKLY_EXPIRY|PROBABLE_MULTI_LEG(10)|EARNINGS_DATE_UNCHECKED
2026-07-31,AAPL,AAPL260807P00307500,unusual_volume,P,307.5,2026-08-07,7,0-7,0.005,ATM,1331,264,617583,618915,308.91,,WEEKLY_EXPIRY|PROBABLE_MULTI_LEG(24)|EARNINGS_DATE_UNCHECKED
2026-07-31,AAPL,AAPL260810C00300000,unusual_volume,C,300.0,2026-08-10,10,8-30,-0.029,ATM,850,45,998750,1026375,308.91,,WEEKLY_EXPIRY|PROBABLE_MULTI_LEG(19)|EARNINGS_DATE_UNCHECKED
2026-07-31,AAPL,AAPL260810C00302500,unusual_volume,C,302.5,2026-08-10,10,8-30,-0.021,ATM,3233,13,3249165,3192587,308.91,,WEEKLY_EXPIRY|PROBABLE_MULTI_LEG(10)|EARNINGS_DATE_UNCHECKED
2026-07-31,AAPL,AAPL260810C00305000,unusual_volume,C,305.0,2026-08-10,10,8-30,-0.013,ATM,1239,3,997395,1037662,308.91,,WEEKLY_EXPIRY|PROBABLE_MULTI_LEG(30)|EARNINGS_DATE_UNCHECKED
2026-07-31,AAPL,AAPL260810C00307500,unusual_volume,C,307.5,2026-08-10,10,8-30,-0.005,ATM,2905,5,2149700,2033500,308.91,,WEEKLY_EXPIRY|PROBABLE_MULTI_LEG(13)|EARNINGS_DATE_UNCHECKED
2026-07-31,AAPL,AAPL260810C00310000,unusual_volume,C,310.0,2026-08-10,10,8-30,0.004,ATM,1893,0,1041150,1003290,308.91,,WEEKLY_EXPIRY|PROBABLE_MULTI_LEG(18)|EARNINGS_DATE_UNCHECKED
2026-07-31,AAPL,AAPL260810C00315000,unusual_volume,C,315.0,2026-08-10,10,8-30,0.02,ATM,879,8,290070,312045,308.91,WIDE_MARKET,WEEKLY_EXPIRY|PROBABLE_MULTI_LEG(17)|EARNINGS_DATE_UNCHECKED
2026-07-31,AAPL,AAPL260812C00302500,unusual_volume,C,302.5,2026-08-12,12,8-30,-0.021,ATM,322,0,342930,336489,308.91,,WEEKLY_EXPIRY|PROBABLE_MULTI_LEG(33)|EARNINGS_DATE_UNCHECKED
2026-07-31,AAPL,AAPL260812C00305000,unusual_volume,C,305.0,2026-08-12,12,8-30,-0.013,ATM,325,0,292500,273812,308.91,WIDE_MARKET,WEEKLY_EXPIRY|PROBABLE_MULTI_LEG(29)|EARNINGS_DATE_UNCHECKED
2026-07-31,AAPL,AAPL260812C00310000,unusual_volume,C,310.0,2026-08-12,12,8-30,0.004,ATM,398,0,265466,240790,308.91,LAST_OUTSIDE_QUOTE,WEEKLY_EXPIRY|PROBABLE_MULTI_LEG(34)|EARNINGS_DATE_UNCHECKED
2026-07-31,AAPL,AAPL260814C00300000,unusual_volume,C,300.0,2026-08-14,14,8-30,-0.029,ATM,3068,309,3712279,3804320,308.91,,WEEKLY_EXPIRY|PROBABLE_MULTI_LEG(14)|EARNINGS_DATE_UNCHECKED
2026-07-31,AAPL,AAPL260814C00302500,unusual_volume,C,302.5,2026-08-14,14,8-30,-0.021,ATM,1009,2,1145215,1074584,308.91,LAST_OUTSIDE_QUOTE,WEEKLY_EXPIRY|PROBABLE_MULTI_LEG(22)|EARNINGS_DATE_UNCHECKED
2026-07-31,AAPL,AAPL260814C00305000,unusual_volume,C,305.0,2026-08-14,14,8-30,-0.013,ATM,2386,380,2147400,2165294,308.91,,WEEKLY_EXPIRY|PROBABLE_MULTI_LEG(16)|EARNINGS_DATE_UNCHECKED
2026-07-31,AAPL,AAPL260814C00307500,unusual_volume,C,307.5,2026-08-14,14,8-30,-0.005,ATM,1163,18,953659,910047,308.91,,WEEKLY_EXPIRY|PROBABLE_MULTI_LEG(26)|EARNINGS_DATE_UNCHECKED
2026-07-31,AAPL,AAPL260814C00312500,unusual_volume,C,312.5,2026-08-14,14,8-30,0.012,ATM,1771,106,974050,929775,308.91,,WEEKLY_EXPIRY|PROBABLE_MULTI_LEG(25)|EARNINGS_DATE_UNCHECKED
2026-07-31,AAPL,AAPL260814C00315000,unusual_volume,C,315.0,2026-08-14,14,8-30,0.02,ATM,2419,813,1086131,1015980,308.91,,WEEKLY_EXPIRY|PROBABLE_MULTI_LEG(13)|EARNINGS_DATE_UNCHECKED
2026-07-31,AAPL,AAPL260814C00320000,unusual_volume,C,320.0,2026-08-14,14,8-30,0.036,ATM,3837,1088,1116567,1083952,308.91,,WEEKLY_EXPIRY|PROBABLE_MULTI_LEG(9)|EARNINGS_DATE_UNCHECKED
2026-07-31,AAPL,AAPL260814P00302500,unusual_volume,P,302.5,2026-08-14,14,8-30,0.021,ATM,1222,5,454584,491855,308.91,,WEEKLY_EXPIRY|PROBABLE_MULTI_LEG(33)|EARNINGS_DATE_UNCHECKED
2026-07-31,AAPL,AAPL260814P00307500,unusual_volume,P,307.5,2026-08-14,14,8-30,0.005,ATM,3537,61,1952423,2148727,308.91,LAST_OUTSIDE_QUOTE,WEEKLY_EXPIRY|PROBABLE_MULTI_LEG(13)|EARNINGS_DATE_UNCHECKED
2026-07-31,AAPL,AAPL260821C00307500,unusual_volume,C,307.5,2026-08-21,21,8-30,-0.005,ATM,1099,8,989100,975362,308.91,,MONTHLY_EXPIRY|PROBABLE_MULTI_LEG(24)|EARNINGS_DATE_UNCHECKED
2026-07-31,AAPL,AAPL260821C00312500,unusual_volume,C,312.5,2026-08-21,21,8-30,0.012,ATM,1788,184,1265904,1180080,308.91,LAST_OUTSIDE_QUOTE,MONTHLY_EXPIRY|PROBABLE_MULTI_LEG(25)|EARNINGS_DATE_UNCHECKED
2026-07-31,AAPL,AAPL260821C00317500,unusual_volume,C,317.5,2026-08-21,21,8-30,0.028,ATM,2723,218,1347885,1313847,308.91,,MONTHLY_EXPIRY|PROBABLE_MULTI_LEG(15)|EARNINGS_DATE_UNCHECKED
2026-07-31,AAPL,AAPL260821C00322500,unusual_volume,C,322.5,2026-08-21,21,8-30,0.044,ATM,1730,682,562250,545815,308.91,,MONTHLY_EXPIRY|PROBABLE_MULTI_LEG(25)|EARNINGS_DATE_UNCHECKED
2026-07-31,AAPL,AAPL260821C00327500,unusual_volume,C,327.5,2026-08-21,21,8-30,0.06,OTM_5-15,2180,496,521020,450170,308.91,LAST_OUTSIDE_QUOTE,MONTHLY_EXPIRY|PROBABLE_MULTI_LEG(22)|EARNINGS_DATE_UNCHECKED
2026-07-31,AAPL,AAPL260828C00300000,unusual_volume,C,300.0,2026-08-28,28,8-30,-0.029,ATM,2087,179,3140935,3114847,308.91,,WEEKLY_EXPIRY|PROBABLE_MULTI_LEG(14)|EARNINGS_DATE_UNCHECKED
2026-07-31,AAPL,AAPL260828C00305000,unusual_volume,C,305.0,2026-08-28,28,8-30,-0.013,ATM,2255,303,2660900,2621437,308.91,,WEEKLY_EXPIRY|PROBABLE_MULTI_LEG(20)|EARNINGS_DATE_UNCHECKED
2026-07-31,AAPL,AAPL260828C00315000,unusual_volume,C,315.0,2026-08-28,28,8-30,0.02,ATM,1114,234,717416,726885,308.91,,WEEKLY_EXPIRY|PROBABLE_MULTI_LEG(28)|EARNINGS_DATE_UNCHECKED
2026-07-31,AAPL,AAPL260828C00320000,unusual_volume,C,320.0,2026-08-28,28,8-30,0.036,ATM,2673,413,1323135,1256309,308.91,,WEEKLY_EXPIRY|PROBABLE_MULTI_LEG(15)|EARNINGS_DATE_UNCHECKED
2026-07-31,AAPL,AAPL260828P00280000,unusual_volume,P,280.0,2026-08-28,28,8-30,0.094,OTM_5-15,2435,385,318985,322637,308.91,,WEEKLY_EXPIRY|PROBABLE_MULTI_LEG(13)|EARNINGS_DATE_UNCHECKED
2026-07-31,AAPL,AAPL260828P00285000,unusual_volume,P,285.0,2026-08-28,28,8-30,0.077,OTM_5-15,1128,244,204168,213192,308.91,,WEEKLY_EXPIRY|PROBABLE_MULTI_LEG(26)|EARNINGS_DATE_UNCHECKED
2026-07-31,AAPL,AAPL260828P00295000,unusual_volume,P,295.0,2026-08-28,28,8-30,0.045,ATM,1757,301,667660,658875,308.91,,WEEKLY_EXPIRY|PROBABLE_MULTI_LEG(25)|EARNINGS_DATE_UNCHECKED
2026-07-31,AAPL,AAPL260904C00300000,unusual_volume,C,300.0,2026-09-04,35,31-90,-0.029,ATM,643,33,1060950,1015940,308.91,,WEEKLY_EXPIRY|PROBABLE_MULTI_LEG(25)|EARNINGS_DATE_UNCHECKED
2026-07-31,AAPL,AAPL260904C00305000,unusual_volume,C,305.0,2026-09-04,35,31-90,-0.013,ATM,2523,20,3406050,3185287,308.91,,WEEKLY_EXPIRY|PROBABLE_MULTI_LEG(16)|EARNINGS_DATE_UNCHECKED
2026-07-31,AAPL,AAPL260904C00310000,unusual_volume,C,310.0,2026-09-04,35,31-90,0.004,ATM,968,51,990264,948640,308.91,LAST_OUTSIDE_QUOTE,WEEKLY_EXPIRY|PROBABLE_MULTI_LEG(15)|EARNINGS_DATE_UNCHECKED
2026-07-31,AAPL,AAPL260904C00315000,unusual_volume,C,315.0,2026-09-04,35,31-90,0.02,ATM,587,37,469600,440250,308.91,LAST_OUTSIDE_QUOTE,WEEKLY_EXPIRY|PROBABLE_MULTI_LEG(30)|EARNINGS_DATE_UNCHECKED
2026-07-31,AAPL,AAPL260904C00320000,unusual_volume,C,320.0,2026-09-04,35,31-90,0.036,ATM,3369,39,1937175,1928752,308.91,,WEEKLY_EXPIRY|PROBABLE_MULTI_LEG(12)|EARNINGS_DATE_UNCHECKED
2026-07-31,AAPL,AAPL260904C00330000,unusual_volume,C,330.0,2026-09-04,35,31-90,0.068,OTM_5-15,6051,164,1966575,1918166,308.91,,WEEKLY_EXPIRY|PROBABLE_MULTI_LEG(8)|EARNINGS_DATE_UNCHECKED
2026-07-31,AAPL,AAPL260904P00300000,unusual_volume,P,300.0,2026-09-04,35,31-90,0.029,ATM,1312,496,743904,783920,308.91,,WEEKLY_EXPIRY|PROBABLE_MULTI_LEG(26)|EARNINGS_DATE_UNCHECKED
2026-07-31,AAPL,AAPL260904P00315000,unusual_volume,P,315.0,2026-09-04,35,31-90,-0.02,ATM,373,138,453941,482102,308.91,,WEEKLY_EXPIRY|PROBABLE_MULTI_LEG(41)|EARNINGS_DATE_UNCHECKED
2026-07-31,AAPL,AAPL260911C00300000,unusual_volume,C,300.0,2026-09-11,42,31-90,-0.029,ATM,1671,12,2929263,2823990,308.91,,WEEKLY_EXPIRY|PROBABLE_MULTI_LEG(22)|EARNINGS_DATE_UNCHECKED
2026-07-31,AAPL,AAPL260911C00305000,unusual_volume,C,305.0,2026-09-11,42,31-90,-0.013,ATM,1068,0,1537920,1468500,308.91,,WEEKLY_EXPIRY|PROBABLE_MULTI_LEG(28)|EARNINGS_DATE_UNCHECKED
2026-07-31,AAPL,AAPL260911C00310000,unusual_volume,C,310.0,2026-09-11,42,31-90,0.004,ATM,1647,1,1836405,1815817,308.91,,WEEKLY_EXPIRY|PROBABLE_MULTI_LEG(21)|EARNINGS_DATE_UNCHECKED
2026-07-31,AAPL,AAPL260911C00315000,unusual_volume,C,315.0,2026-09-11,42,31-90,0.02,ATM,506,0,498409,438955,308.91,LAST_OUTSIDE_QUOTE,WEEKLY_EXPIRY|PROBABLE_MULTI_LEG(32)|EARNINGS_DATE_UNCHECKED
2026-07-31,AAPL,AAPL260911C00320000,unusual_volume,C,320.0,2026-09-11,42,31-90,0.036,ATM,407,16,297110,271672,308.91,LAST_OUTSIDE_QUOTE,WEEKLY_EXPIRY|PROBABLE_MULTI_LEG(30)|EARNINGS_DATE_UNCHECKED
2026-07-31,AAPL,AAPL261218C00420000,unusual_volume,C,420.0,2026-12-18,140,91+,0.36,OTM_15+,3366,855,286110,304623,308.91,WIDE_MARKET,QUARTERLY_EXPIRY|PROBABLE_MULTI_LEG(11)|EARNINGS_DATE_UNCHECKED
2026-07-31,AAPL,AAPL270219C00165000,unusual_volume,C,165.0,2027-02-19,203,91+,-0.466,ITM_15+,505,67,7124540,7481575,308.91,LAST_OUTSIDE_QUOTE,MONTHLY_EXPIRY|DEEP_ITM|PROBABLE_MULTI_LEG(33)|EARNINGS_DATE_UNCHECKED
2026-07-31,AAPL,AAPL270219P00350000,unusual_volume,P,350.0,2027-02-19,203,91+,-0.133,ITM_5-15,263,89,1354450,1242675,308.91,LAST_OUTSIDE_QUOTE,MONTHLY_EXPIRY|DEEP_ITM|PROBABLE_MULTI_LEG(21)|EARNINGS_DATE_UNCHECKED
2026-07-31,AAPL,AAPL270319C00170000,unusual_volume,C,170.0,2027-03-19,231,91+,-0.45,ITM_15+,305,46,4273965,4386662,308.91,LAST_OUTSIDE_QUOTE,QUARTERLY_EXPIRY|DEEP_ITM|PROBABLE_MULTI_LEG(33)|EARNINGS_DATE_UNCHECKED
2026-07-31,AAPL,AAPL280317C00430000,unusual_volume,C,430.0,2028-03-17,595,91+,0.392,OTM_15+,1274,151,1840930,2089359,308.91,LAST_OUTSIDE_QUOTE,QUARTERLY_EXPIRY|PROBABLE_MULTI_LEG(29)|EARNINGS_DATE_UNCHECKED
2026-07-31,ACN,ACN260807P00160000,oi_build,P,160.0,2026-08-07,7,0-7,0.036,ATM,401,3019,88621,89222,165.92,,WEEKLY_EXPIRY|PROBABLE_MULTI_LEG(2)|EARNINGS_DATE_UNCHECKED
2026-07-31,ACN,ACN260821C00170000,oi_build,C,170.0,2026-08-21,21,8-30,0.025,ATM,36,1487,25200,24300,165.92,,MONTHLY_EXPIRY|EARNINGS_DATE_UNCHECKED
2026-07-31,ACN,ACN260821C00190000,unusual_volume,C,190.0,2026-08-21,21,8-30,0.145,OTM_5-15,3101,728,573685,565932,165.92,,MONTHLY_EXPIRY|EARNINGS_DATE_UNCHECKED
2026-07-31,ACN,ACN260821P00140000,oi_build,P,140.0,2026-08-21,21,8-30,0.156,OTM_15+,12,5011,1320,1140,165.92,WIDE_MARKET,MONTHLY_EXPIRY|EARNINGS_DATE_UNCHECKED
2026-07-31,ACN,ACN270319C00240000,oi_build,C,240.0,2027-03-19,231,91+,0.446,OTM_15+,0,2037,0,0,165.92,WIDE_MARKET|STALE_LAST,QUARTERLY_EXPIRY|EARNINGS_DATE_UNCHECKED
2026-07-31,ASML,ASML260807P01585000,unusual_volume,P,1585.0,2026-08-07,7,0-7,0.027,ATM,337,19,1237464,1198034,1629.0,WIDE_MARKET,WEEKLY_EXPIRY|PROBABLE_MULTI_LEG(3)|EARNINGS_DATE_UNCHECKED
2026-07-31,ASML,ASML261218C00600000,unusual_volume,C,600.0,2026-12-18,140,91+,-0.632,ITM_15+,366,9,38496246,38166480,1629.0,LAST_OUTSIDE_QUOTE,QUARTERLY_EXPIRY|DEEP_ITM|PROBABLE_MULTI_LEG(3)|EARNINGS_DATE_UNCHECKED
2026-07-31,ASML,ASML261218C00700000,unusual_volume,C,700.0,2026-12-18,140,91+,-0.57,ITM_15+,334,70,32083038,31596400,1629.0,LAST_OUTSIDE_QUOTE,QUARTERLY_EXPIRY|DEEP_ITM|PROBABLE_MULTI_LEG(3)|EARNINGS_DATE_UNCHECKED
2026-07-31,ASML,ASML270115C00600000,unusual_volume,C,600.0,2027-01-15,168,91+,-0.632,ITM_15+,366,65,38599824,38287260,1629.0,LAST_OUTSIDE_QUOTE,MONTHLY_EXPIRY|DEEP_ITM|PROBABLE_MULTI_LEG(3)|EARNINGS_DATE_UNCHECKED
2026-07-31,ASML,ASML270115C00700000,unusual_volume,C,700.0,2027-01-15,168,91+,-0.57,ITM_15+,334,97,32209958,31743359,1629.0,LAST_OUTSIDE_QUOTE,MONTHLY_EXPIRY|DEEP_ITM|PROBABLE_MULTI_LEG(3)|EARNINGS_DATE_UNCHECKED
2026-07-31,COST,COST260731P00815000,oi_build,P,815.0,2026-07-31,0,0-7,0.144,OTM_5-15,2,2049,4,25,951.89,WIDE_MARKET,NEAR_EXPIRY|WEEKLY_EXPIRY|EARNINGS_DATE_UNCHECKED
2026-07-31,COST,COST260807P00750000,oi_build,P,750.0,2026-08-07,7,0-7,0.212,OTM_15+,101,2004,303,656,951.89,WIDE_MARKET,WEEKLY_EXPIRY|PROBABLE_MULTI_LEG(11)|EARNINGS_DATE_UNCHECKED
2026-07-31,COST,COST260821C00942500,unusual_volume,C,942.5,2026-08-21,21,8-30,-0.01,ATM,315,13,893025,861525,951.89,,MONTHLY_EXPIRY|PROBABLE_MULTI_LEG(5)|EARNINGS_DATE_UNCHECKED
2026-07-31,COST,COST260918P00500000,oi_build,P,500.0,2026-09-18,49,31-90,0.475,OTM_15+,265,1648,1589,794,951.89,WIDE_MARKET,QUARTERLY_EXPIRY|PROBABLE_MULTI_LEG(9)|EARNINGS_DATE_UNCHECKED
2026-07-31,GOOGL,GOOGL260731C00345000,unusual_volume,C,345.0,2026-07-31,0,0-7,-0.031,ATM,17610,6771,19828860,19282950,356.13,,NEAR_EXPIRY|WEEKLY_EXPIRY|PROBABLE_MULTI_LEG(3)|EARNINGS_DATE_UNCHECKED
2026-07-31,GOOGL,GOOGL260731C00347500,unusual_volume,C,347.5,2026-07-31,0,0-7,-0.024,ATM,17374,1535,15636600,15419425,356.13,,NEAR_EXPIRY|WEEKLY_EXPIRY|PROBABLE_MULTI_LEG(3)|EARNINGS_DATE_UNCHECKED
2026-07-31,GOOGL,GOOGL260731C00350000,unusual_volume,C,350.0,2026-07-31,0,0-7,-0.017,ATM,39572,8211,24930360,24039989,356.13,WIDE_MARKET,NEAR_EXPIRY|WEEKLY_EXPIRY|EARNINGS_DATE_UNCHECKED
2026-07-31,GOOGL,GOOGL260731C00352500,unusual_volume,C,352.5,2026-07-31,0,0-7,-0.01,ATM,48603,848,17740095,18274728,356.13,WIDE_MARKET,NEAR_EXPIRY|WEEKLY_EXPIRY|EARNINGS_DATE_UNCHECKED
2026-07-31,GOOGL,GOOGL260731C00355000,unusual_volume,C,355.0,2026-07-31,0,0-7,-0.003,ATM,82534,1816,11224624,8996206,356.13,WIDE_MARKET,NEAR_EXPIRY|WEEKLY_EXPIRY|EARNINGS_DATE_UNCHECKED
2026-07-31,GOOGL,GOOGL260731P00357500,unusual_volume,P,357.5,2026-07-31,0,0-7,-0.004,ATM,1413,20,172386,204885,356.13,WIDE_MARKET,NEAR_EXPIRY|WEEKLY_EXPIRY|PROBABLE_MULTI_LEG(6)|EARNINGS_DATE_UNCHECKED
2026-07-31,GOOGL,GOOGL260803C00345000,unusual_volume,C,345.0,2026-08-03,3,0-7,-0.031,ATM,2394,269,2872800,2896740,356.13,,NEAR_EXPIRY|WEEKLY_EXPIRY|PROBABLE_MULTI_LEG(6)|EARNINGS_DATE_UNCHECKED
2026-07-31,GOOGL,GOOGL260803C00347500,unusual_volume,C,347.5,2026-08-03,3,0-7,-0.024,ATM,2923,507,2806080,2762235,356.13,WIDE_MARKET,NEAR_EXPIRY|WEEKLY_EXPIRY|PROBABLE_MULTI_LEG(6)|EARNINGS_DATE_UNCHECKED
2026-07-31,GOOGL,GOOGL260803C00350000,unusual_volume,C,350.0,2026-08-03,3,0-7,-0.017,ATM,10882,1242,7835040,7971065,356.13,,NEAR_EXPIRY|WEEKLY_EXPIRY|EARNINGS_DATE_UNCHECKED
2026-07-31,GOOGL,GOOGL260803C00352500,unusual_volume,C,352.5,2026-08-03,3,0-7,-0.01,ATM,4258,159,2435576,2341900,356.13,,NEAR_EXPIRY|WEEKLY_EXPIRY|PROBABLE_MULTI_LEG(4)|EARNINGS_DATE_UNCHECKED
2026-07-31,GOOGL,GOOGL260803C00355000,unusual_volume,C,355.0,2026-08-03,3,0-7,-0.003,ATM,9396,318,3730212,3640950,356.13,,NEAR_EXPIRY|WEEKLY_EXPIRY|PROBABLE_MULTI_LEG(3)|EARNINGS_DATE_UNCHECKED
2026-07-31,GOOGL,GOOGL260803C00357500,unusual_volume,C,357.5,2026-08-03,3,0-7,0.004,ATM,3497,749,1038609,980908,356.13,,NEAR_EXPIRY|WEEKLY_EXPIRY|PROBABLE_MULTI_LEG(4)|EARNINGS_DATE_UNCHECKED
2026-07-31,GOOGL,GOOGL260803C00360000,unusual_volume,C,360.0,2026-08-03,3,0-7,0.011,ATM,6118,2150,1150184,1156302,356.13,,NEAR_EXPIRY|WEEKLY_EXPIRY|PROBABLE_MULTI_LEG(6)|EARNINGS_DATE_UNCHECKED
2026-07-31,GOOGL,GOOGL260803C00362500,unusual_volume,C,362.5,2026-08-03,3,0-7,0.018,ATM,3225,80,377324,378937,356.13,,NEAR_EXPIRY|WEEKLY_EXPIRY|PROBABLE_MULTI_LEG(5)|EARNINGS_DATE_UNCHECKED
2026-07-31,GOOGL,GOOGL260803C00365000,unusual_volume,C,365.0,2026-08-03,3,0-7,0.025,ATM,3004,69,252336,235814,356.13,,NEAR_EXPIRY|WEEKLY_EXPIRY|PROBABLE_MULTI_LEG(7)|EARNINGS_DATE_UNCHECKED
2026-07-31,GOOGL,GOOGL260803P00345000,unusual_volume,P,345.0,2026-08-03,3,0-7,0.031,ATM,6125,65,232750,226625,356.13,,NEAR_EXPIRY|WEEKLY_EXPIRY|PROBABLE_MULTI_LEG(6)|EARNINGS_DATE_UNCHECKED
2026-07-31,GOOGL,GOOGL260803P00347500,unusual_volume,P,347.5,2026-08-03,3,0-7,0.024,ATM,4277,14,273728,258758,356.13,,NEAR_EXPIRY|WEEKLY_EXPIRY|PROBABLE_MULTI_LEG(4)|EARNINGS_DATE_UNCHECKED
2026-07-31,GOOGL,GOOGL260803P00350000,unusual_volume,P,350.0,2026-08-03,3,0-7,0.017,ATM,6294,51,641988,660870,356.13,,NEAR_EXPIRY|WEEKLY_EXPIRY|PROBABLE_MULTI_LEG(5)|EARNINGS_DATE_UNCHECKED
2026-07-31,GOOGL,GOOGL260803P00352500,unusual_volume,P,352.5,2026-08-03,3,0-7,0.01,ATM,2631,41,452532,461740,356.13,,NEAR_EXPIRY|WEEKLY_EXPIRY|PROBABLE_MULTI_LEG(6)|EARNINGS_DATE_UNCHECKED
2026-07-31,GOOGL,GOOGL260803P00355000,unusual_volume,P,355.0,2026-08-03,3,0-7,0.003,ATM,2594,28,658876,708162,356.13,,NEAR_EXPIRY|WEEKLY_EXPIRY|PROBABLE_MULTI_LEG(6)|EARNINGS_DATE_UNCHECKED
2026-07-31,GOOGL,GOOGL260805C00345000,unusual_volume,C,345.0,2026-08-05,5,0-7,-0.031,ATM,387,136,512001,486652,356.13,,WEEKLY_EXPIRY|PROBABLE_MULTI_LEG(14)|EARNINGS_DATE_UNCHECKED
2026-07-31,GOOGL,GOOGL260805C00350000,unusual_volume,C,350.0,2026-08-05,5,0-7,-0.017,ATM,1248,191,1135680,1132559,356.13,,WEEKLY_EXPIRY|PROBABLE_MULTI_LEG(7)|EARNINGS_DATE_UNCHECKED
2026-07-31,GOOGL,GOOGL260805C00352500,unusual_volume,C,352.5,2026-08-05,5,0-7,-0.01,ATM,708,28,623040,515070,356.13,LAST_OUTSIDE_QUOTE,WEEKLY_EXPIRY|PROBABLE_MULTI_LEG(13)|EARNINGS_DATE_UNCHECKED
2026-07-31,GOOGL,GOOGL260805C00355000,unusual_volume,C,355.0,2026-08-05,5,0-7,-0.003,ATM,1450,65,848250,844625,356.13,WIDE_MARKET,WEEKLY_EXPIRY|PROBABLE_MULTI_LEG(7)|EARNINGS_DATE_UNCHECKED
2026-07-31,GOOGL,GOOGL260805C00360000,unusual_volume,C,360.0,2026-08-05,5,0-7,0.011,ATM,1841,286,708785,667362,356.13,,WEEKLY_EXPIRY|PROBABLE_MULTI_LEG(8)|EARNINGS_DATE_UNCHECKED
2026-07-31,GOOGL,GOOGL260805P00347500,unusual_volume,P,347.5,2026-08-05,5,0-7,0.024,ATM,2230,7,410320,414779,356.13,,WEEKLY_EXPIRY|PROBABLE_MULTI_LEG(9)|EARNINGS_DATE_UNCHECKED
2026-07-31,GOOGL,GOOGL260805P00350000,unusual_volume,P,350.0,2026-08-05,5,0-7,0.017,ATM,2508,5,624492,629507,356.13,,WEEKLY_EXPIRY|PROBABLE_MULTI_LEG(8)|EARNINGS_DATE_UNCHECKED
2026-07-31,GOOGL,GOOGL260807C00355000,unusual_volume,C,355.0,2026-08-07,7,0-7,-0.003,ATM,9215,853,6450500,6450500,356.13,,WEEKLY_EXPIRY|PROBABLE_MULTI_LEG(3)|EARNINGS_DATE_UNCHECKED
2026-07-31,GOOGL,GOOGL260807C00360000,unusual_volume,C,360.0,2026-08-07,7,0-7,0.011,ATM,8088,2324,3882240,3902459,356.13,,WEEKLY_EXPIRY|PROBABLE_MULTI_LEG(3)|EARNINGS_DATE_UNCHECKED
2026-07-31,GOOGL,GOOGL260807C00362500,unusual_volume,C,362.5,2026-08-07,7,0-7,0.018,ATM,2710,373,1097550,1084000,356.13,,WEEKLY_EXPIRY|PROBABLE_MULTI_LEG(3)|EARNINGS_DATE_UNCHECKED
2026-07-31,GOOGL,GOOGL260807C00367500,unusual_volume,C,367.5,2026-08-07,7,0-7,0.032,ATM,3910,392,1016600,1014644,356.13,,WEEKLY_EXPIRY|PROBABLE_MULTI_LEG(5)|EARNINGS_DATE_UNCHECKED
2026-07-31,GOOGL,GOOGL260807C00370000,unusual_volume,C,370.0,2026-08-07,7,0-7,0.039,ATM,3469,911,704207,699003,356.13,,WEEKLY_EXPIRY|PROBABLE_MULTI_LEG(4)|EARNINGS_DATE_UNCHECKED
2026-07-31,GOOGL,GOOGL260807C00375000,unusual_volume,C,375.0,2026-08-07,7,0-7,0.053,OTM_5-15,2304,832,288000,283392,356.13,,WEEKLY_EXPIRY|PROBABLE_MULTI_LEG(8)|EARNINGS_DATE_UNCHECKED
2026-07-31,GOOGL,GOOGL260807P00340000,unusual_volume,P,340.0,2026-08-07,7,0-7,0.045,ATM,2001,247,258129,273136,356.13,,WEEKLY_EXPIRY|PROBABLE_MULTI_LEG(6)|EARNINGS_DATE_UNCHECKED
2026-07-31,GOOGL,GOOGL260807P00342500,unusual_volume,P,342.5,2026-08-07,7,0-7,0.038,ATM,1614,95,264696,278415,356.13,,WEEKLY_EXPIRY|PROBABLE_MULTI_LEG(9)|EARNINGS_DATE_UNCHECKED
2026-07-31,GOOGL,GOOGL260807P00345000,unusual_volume,P,345.0,2026-08-07,7,0-7,0.031,ATM,1161,380,264708,269352,356.13,,WEEKLY_EXPIRY|PROBABLE_MULTI_LEG(15)|EARNINGS_DATE_UNCHECKED
2026-07-31,GOOGL,GOOGL260807P00350000,unusual_volume,P,350.0,2026-08-07,7,0-7,0.017,ATM,1742,637,656734,657605,356.13,,WEEKLY_EXPIRY|PROBABLE_MULTI_LEG(9)|EARNINGS_DATE_UNCHECKED
2026-07-31,GOOGL,GOOGL260807P00355000,unusual_volume,P,355.0,2026-08-07,7,0-7,0.003,ATM,660,172,384120,384450,356.13,,WEEKLY_EXPIRY|PROBABLE_MULTI_LEG(11)|EARNINGS_DATE_UNCHECKED
2026-07-31,GOOGL,GOOGL260812C00352500,unusual_volume,C,352.5,2026-08-12,12,8-30,-0.01,ATM,1798,98,1995780,1901384,356.13,WIDE_MARKET,WEEKLY_EXPIRY|PROBABLE_MULTI_LEG(8)|EARNINGS_DATE_UNCHECKED
2026-07-31,GOOGL,GOOGL260812C00362500,unusual_volume,C,362.5,2026-08-12,12,8-30,0.018,ATM,369,108,205164,221400,356.13,WIDE_MARKET,WEEKLY_EXPIRY|PROBABLE_MULTI_LEG(15)|EARNINGS_DATE_UNCHECKED
2026-07-31,GOOGL,GOOGL260814C00357500,unusual_volume,C,357.5,2026-08-14,14,8-30,0.004,ATM,270,96,249750,234225,356.13,LAST_OUTSIDE_QUOTE,WEEKLY_EXPIRY|PROBABLE_MULTI_LEG(25)|EARNINGS_DATE_UNCHECKED
2026-07-31,GOOGL,GOOGL260814P00355000,unusual_volume,P,355.0,2026-08-14,14,8-30,0.003,ATM,333,95,273060,269730,356.13,,WEEKLY_EXPIRY|PROBABLE_MULTI_LEG(17)|EARNINGS_DATE_UNCHECKED
2026-07-31,GOOGL,GOOGL260821P00347500,unusual_volume,P,347.5,2026-08-21,21,8-30,0.024,ATM,999,227,668331,684315,356.13,,MONTHLY_EXPIRY|PROBABLE_MULTI_LEG(14)|EARNINGS_DATE_UNCHECKED
2026-07-31,GOOGL,GOOGL260821P00352500,unusual_volume,P,352.5,2026-08-21,21,8-30,0.01,ATM,714,253,596190,644384,356.13,LAST_OUTSIDE_QUOTE,MONTHLY_EXPIRY|PROBABLE_MULTI_LEG(13)|EARNINGS_DATE_UNCHECKED
2026-07-31,GOOGL,GOOGL261120C00410000,unusual_volume,C,410.0,2026-11-20,112,91+,0.151,OTM_15+,5573,2028,6269625,6255692,356.13,,MONTHLY_EXPIRY|PROBABLE_MULTI_LEG(4)|EARNINGS_DATE_UNCHECKED
2026-07-31,ISRG,ISRG261218P00560000,unusual_volume,P,560.0,2026-12-18,140,91+,-0.585,ITM_15+,276,94,5666280,5695260,353.33,,QUARTERLY_EXPIRY|DEEP_ITM|EARNINGS_DATE_UNCHECKED
2026-07-31,MA,MA260821P00567500,unusual_volume,P,567.5,2026-08-21,21,8-30,0.01,ATM,359,13,392746,371565,573.1,LAST_OUTSIDE_QUOTE,MONTHLY_EXPIRY|EARNINGS_DATE_UNCHECKED
2026-07-31,MA,MA261120C00665000,unusual_volume,C,665.0,2026-11-20,112,91+,0.16,OTM_15+,513,13,376542,366795,573.1,WIDE_MARKET,MONTHLY_EXPIRY|EARNINGS_DATE_UNCHECKED
2026-07-31,MA,MA270617P00590000,unusual_volume,P,590.0,2027-06-17,321,91+,-0.029,ATM,469,40,2635780,2626400,573.1,,WEEKLY_EXPIRY|PROBABLE_MULTI_LEG(3)|EARNINGS_DATE_UNCHECKED
2026-07-31,MCO,MCO260918P00450000,oi_build,P,450.0,2026-09-18,49,31-90,0.059,OTM_5-15,9,237,8739,7875,478.38,LAST_OUTSIDE_QUOTE,QUARTERLY_EXPIRY|EARNINGS_DATE_UNCHECKED
2026-07-31,MSFT,MSFT260731C00455000,unusual_volume,C,455.0,2026-07-31,0,0-7,-0.021,ATM,16741,5543,16741000,17117672,464.72,,NEAR_EXPIRY|WEEKLY_EXPIRY|EARNINGS_DATE_UNCHECKED
2026-07-31,MSFT,MSFT260731C00457500,unusual_volume,C,457.5,2026-07-31,0,0-7,-0.016,ATM,17763,3646,13766325,13233435,464.72,,NEAR_EXPIRY|WEEKLY_EXPIRY|PROBABLE_MULTI_LEG(3)|EARNINGS_DATE_UNCHECKED
2026-07-31,MSFT,MSFT260731C00460000,unusual_volume,C,460.0,2026-07-31,0,0-7,-0.01,ATM,57598,7503,28799000,28511010,464.72,WIDE_MARKET,NEAR_EXPIRY|WEEKLY_EXPIRY|EARNINGS_DATE_UNCHECKED
2026-07-31,MSFT,MSFT260731C00462500,unusual_volume,C,462.5,2026-07-31,0,0-7,-0.005,ATM,46516,1866,10977776,11977870,464.72,WIDE_MARKET,NEAR_EXPIRY|WEEKLY_EXPIRY|EARNINGS_DATE_UNCHECKED
2026-07-31,MSFT,MSFT260731C00465000,unusual_volume,C,465.0,2026-07-31,0,0-7,0.001,ATM,70366,5995,4503424,3870130,464.72,WIDE_MARKET,NEAR_EXPIRY|WEEKLY_EXPIRY|EARNINGS_DATE_UNCHECKED
2026-07-31,MSFT,MSFT260731P00465000,unusual_volume,P,465.0,2026-07-31,0,0-7,-0.001,ATM,10253,123,779228,727962,464.72,WIDE_MARKET,NEAR_EXPIRY|WEEKLY_EXPIRY|EARNINGS_DATE_UNCHECKED
2026-07-31,MSFT,MSFT260731P00480000,unusual_volume,P,480.0,2026-07-31,0,0-7,-0.033,ATM,404,1,674679,596910,464.72,LAST_OUTSIDE_QUOTE,NEAR_EXPIRY|WEEKLY_EXPIRY|PROBABLE_MULTI_LEG(27)|EARNINGS_DATE_UNCHECKED
2026-07-31,MSFT,MSFT260803C00447500,unusual_volume,C,447.5,2026-08-03,3,0-7,-0.037,ATM,556,169,1015811,1013310,464.72,,NEAR_EXPIRY|WEEKLY_EXPIRY|PROBABLE_MULTI_LEG(20)|EARNINGS_DATE_UNCHECKED
2026-07-31,MSFT,MSFT260803C00452500,unusual_volume,C,452.5,2026-08-03,3,0-7,-0.026,ATM,5038,284,7053200,6738325,464.72,,NEAR_EXPIRY|WEEKLY_EXPIRY|PROBABLE_MULTI_LEG(6)|EARNINGS_DATE_UNCHECKED
2026-07-31,MSFT,MSFT260803C00455000,unusual_volume,C,455.0,2026-08-03,3,0-7,-0.021,ATM,1775,682,2067875,2014625,464.72,,NEAR_EXPIRY|WEEKLY_EXPIRY|PROBABLE_MULTI_LEG(10)|EARNINGS_DATE_UNCHECKED
2026-07-31,MSFT,MSFT260803C00457500,unusual_volume,C,457.5,2026-08-03,3,0-7,-0.016,ATM,1769,342,1772538,1552297,464.72,LAST_OUTSIDE_QUOTE,NEAR_EXPIRY|WEEKLY_EXPIRY|PROBABLE_MULTI_LEG(9)|EARNINGS_DATE_UNCHECKED
2026-07-31,MSFT,MSFT260803C00460000,unusual_volume,C,460.0,2026-08-03,3,0-7,-0.01,ATM,6785,1109,5156600,4868237,464.72,LAST_OUTSIDE_QUOTE,NEAR_EXPIRY|WEEKLY_EXPIRY|PROBABLE_MULTI_LEG(5)|EARNINGS_DATE_UNCHECKED
2026-07-31,MSFT,MSFT260803C00462500,unusual_volume,C,462.5,2026-08-03,3,0-7,-0.005,ATM,3412,261,1978959,1919250,464.72,,NEAR_EXPIRY|WEEKLY_EXPIRY|PROBABLE_MULTI_LEG(8)|EARNINGS_DATE_UNCHECKED
2026-07-31,MSFT,MSFT260803C00465000,unusual_volume,C,465.0,2026-08-03,3,0-7,0.001,ATM,6484,642,2658440,2674650,464.72,,NEAR_EXPIRY|WEEKLY_EXPIRY|PROBABLE_MULTI_LEG(3)|EARNINGS_DATE_UNCHECKED
2026-07-31,MSFT,MSFT260803C00467500,unusual_volume,C,467.5,2026-08-03,3,0-7,0.006,ATM,4708,199,1412400,1438293,464.72,,NEAR_EXPIRY|WEEKLY_EXPIRY|PROBABLE_MULTI_LEG(5)|EARNINGS_DATE_UNCHECKED
2026-07-31,MSFT,MSFT260803C00475000,unusual_volume,C,475.0,2026-08-03,3,0-7,0.022,ATM,4008,1015,360720,392784,464.72,,NEAR_EXPIRY|WEEKLY_EXPIRY|PROBABLE_MULTI_LEG(4)|EARNINGS_DATE_UNCHECKED
2026-07-31,MSFT,MSFT260803P00450000,unusual_volume,P,450.0,2026-08-03,3,0-7,0.032,ATM,4839,600,338730,309695,464.72,,NEAR_EXPIRY|WEEKLY_EXPIRY|PROBABLE_MULTI_LEG(5)|EARNINGS_DATE_UNCHECKED
2026-07-31,MSFT,MSFT260803P00452500,unusual_volume,P,452.5,2026-08-03,3,0-7,0.026,ATM,2079,130,191268,204781,464.72,WIDE_MARKET,NEAR_EXPIRY|WEEKLY_EXPIRY|PROBABLE_MULTI_LEG(12)|EARNINGS_DATE_UNCHECKED
2026-07-31,MSFT,MSFT260803P00455000,unusual_volume,P,455.0,2026-08-03,3,0-7,0.021,ATM,4700,619,578100,559300,464.72,,NEAR_EXPIRY|WEEKLY_EXPIRY|PROBABLE_MULTI_LEG(5)|EARNINGS_DATE_UNCHECKED
2026-07-31,MSFT,MSFT260803P00457500,unusual_volume,P,457.5,2026-08-03,3,0-7,0.016,ATM,2168,135,351216,375064,464.72,LAST_OUTSIDE_QUOTE,NEAR_EXPIRY|WEEKLY_EXPIRY|PROBABLE_MULTI_LEG(11)|EARNINGS_DATE_UNCHECKED
2026-07-31,MSFT,MSFT260803P00460000,unusual_volume,P,460.0,2026-08-03,3,0-7,0.01,ATM,4353,115,1022955,1053426,464.72,,NEAR_EXPIRY|WEEKLY_EXPIRY|EARNINGS_DATE_UNCHECKED
2026-07-31,MSFT,MSFT260803P00462500,unusual_volume,P,462.5,2026-08-03,3,0-7,0.005,ATM,1949,8,629527,633425,464.72,,NEAR_EXPIRY|WEEKLY_EXPIRY|PROBABLE_MULTI_LEG(14)|EARNINGS_DATE_UNCHECKED
2026-07-31,MSFT,MSFT260803P00465000,unusual_volume,P,465.0,2026-08-03,3,0-7,-0.001,ATM,2358,18,1025729,1066995,464.72,,NEAR_EXPIRY|WEEKLY_EXPIRY|PROBABLE_MULTI_LEG(6)|EARNINGS_DATE_UNCHECKED
2026-07-31,MSFT,MSFT260803P00470000,unusual_volume,P,470.0,2026-08-03,3,0-7,-0.011,ATM,645,21,454725,475687,464.72,,NEAR_EXPIRY|WEEKLY_EXPIRY|PROBABLE_MULTI_LEG(15)|EARNINGS_DATE_UNCHECKED
2026-07-31,MSFT,MSFT260805C00452500,unusual_volume,C,452.5,2026-08-05,5,0-7,-0.026,ATM,752,184,1173120,1143040,464.72,,WEEKLY_EXPIRY|PROBABLE_MULTI_LEG(21)|EARNINGS_DATE_UNCHECKED
2026-07-31,MSFT,MSFT260805C00460000,unusual_volume,C,460.0,2026-08-05,5,0-7,-0.01,ATM,1052,379,1053052,1065150,464.72,,WEEKLY_EXPIRY|PROBABLE_MULTI_LEG(10)|EARNINGS_DATE_UNCHECKED
2026-07-31,MSFT,MSFT260805C00462500,unusual_volume,C,462.5,2026-08-05,5,0-7,-0.005,ATM,2071,233,1791415,1765527,464.72,,WEEKLY_EXPIRY|PROBABLE_MULTI_LEG(11)|EARNINGS_DATE_UNCHECKED
2026-07-31,MSFT,MSFT260805C00465000,unusual_volume,C,465.0,2026-08-05,5,0-7,0.001,ATM,1556,411,1058080,1046409,464.72,,WEEKLY_EXPIRY|PROBABLE_MULTI_LEG(7)|EARNINGS_DATE_UNCHECKED
2026-07-31,MSFT,MSFT260805C00467500,unusual_volume,C,467.5,2026-08-05,5,0-7,0.006,ATM,1336,197,801600,738140,464.72,,WEEKLY_EXPIRY|PROBABLE_MULTI_LEG(11)|EARNINGS_DATE_UNCHECKED
2026-07-31,MSFT,MSFT260805C00470000,unusual_volume,C,470.0,2026-08-05,5,0-7,0.011,ATM,5163,335,2400795,2439517,464.72,,WEEKLY_EXPIRY|PROBABLE_MULTI_LEG(5)|EARNINGS_DATE_UNCHECKED
2026-07-31,MSFT,MSFT260805C00472500,unusual_volume,C,472.5,2026-08-05,5,0-7,0.017,ATM,1589,222,556150,576012,464.72,,WEEKLY_EXPIRY|PROBABLE_MULTI_LEG(6)|EARNINGS_DATE_UNCHECKED
2026-07-31,MSFT,MSFT260805C00480000,unusual_volume,C,480.0,2026-08-05,5,0-7,0.033,ATM,3192,774,542640,515508,464.72,,WEEKLY_EXPIRY|PROBABLE_MULTI_LEG(6)|EARNINGS_DATE_UNCHECKED
2026-07-31,MSFT,MSFT260805P00450000,unusual_volume,P,450.0,2026-08-05,5,0-7,0.032,ATM,2562,193,563640,545706,464.72,,WEEKLY_EXPIRY|PROBABLE_MULTI_LEG(6)|EARNINGS_DATE_UNCHECKED
2026-07-31,MSFT,MSFT260805P00455000,unusual_volume,P,455.0,2026-08-05,5,0-7,0.021,ATM,1731,106,519300,571229,464.72,LAST_OUTSIDE_QUOTE,WEEKLY_EXPIRY|PROBABLE_MULTI_LEG(9)|EARNINGS_DATE_UNCHECKED
2026-07-31,MSFT,MSFT260805P00460000,unusual_volume,P,460.0,2026-08-05,5,0-7,0.01,ATM,1233,64,567179,579510,464.72,,WEEKLY_EXPIRY|PROBABLE_MULTI_LEG(14)|EARNINGS_DATE_UNCHECKED
2026-07-31,MSFT,MSFT260805P00462500,unusual_volume,P,462.5,2026-08-05,5,0-7,0.005,ATM,655,25,334049,394637,464.72,WIDE_MARKET|LAST_OUTSIDE_QUOTE,WEEKLY_EXPIRY|PROBABLE_MULTI_LEG(13)|EARNINGS_DATE_UNCHECKED
2026-07-31,MSFT,MSFT260805P00465000,unusual_volume,P,465.0,2026-08-05,5,0-7,-0.001,ATM,401,28,256640,270675,464.72,,WEEKLY_EXPIRY|PROBABLE_MULTI_LEG(31)|EARNINGS_DATE_UNCHECKED
2026-07-31,MSFT,MSFT260807C00457500,unusual_volume,C,457.5,2026-08-07,7,0-7,-0.016,ATM,3391,842,4547331,4340480,464.72,,WEEKLY_EXPIRY|PROBABLE_MULTI_LEG(9)|EARNINGS_DATE_UNCHECKED
2026-07-31,MSFT,MSFT260807C00462500,unusual_volume,C,462.5,2026-08-07,7,0-7,-0.005,ATM,2230,488,2230000,2190975,464.72,,WEEKLY_EXPIRY|PROBABLE_MULTI_LEG(9)|EARNINGS_DATE_UNCHECKED
2026-07-31,MSFT,MSFT260807C00477500,unusual_volume,C,477.5,2026-08-07,7,0-7,0.028,ATM,1041,206,400785,377362,464.72,,WEEKLY_EXPIRY|PROBABLE_MULTI_LEG(10)|EARNINGS_DATE_UNCHECKED
2026-07-31,MSFT,MSFT260807P00427500,unusual_volume,P,427.5,2026-08-07,7,0-7,0.08,OTM_5-15,3292,243,194228,223856,464.72,WIDE_MARKET,WEEKLY_EXPIRY|PROBABLE_MULTI_LEG(9)|EARNINGS_DATE_UNCHECKED
2026-07-31,MSFT,MSFT260807P00440000,unusual_volume,P,440.0,2026-08-07,7,0-7,0.053,OTM_5-15,3235,1167,494955,519217,464.72,,WEEKLY_EXPIRY|PROBABLE_MULTI_LEG(8)|EARNINGS_DATE_UNCHECKED
2026-07-31,MSFT,MSFT260807P00452500,unusual_volume,P,452.5,2026-08-07,7,0-7,0.026,ATM,647,98,225156,234537,464.72,,WEEKLY_EXPIRY|PROBABLE_MULTI_LEG(14)|EARNINGS_DATE_UNCHECKED
2026-07-31,MSFT,MSFT260807P00455000,unusual_volume,P,455.0,2026-08-07,7,0-7,0.021,ATM,2515,653,1081450,1087737,464.72,,WEEKLY_EXPIRY|PROBABLE_MULTI_LEG(5)|EARNINGS_DATE_UNCHECKED
2026-07-31,MSFT,MSFT260807P00457500,unusual_volume,P,457.5,2026-08-07,7,0-7,0.016,ATM,919,138,462257,468689,464.72,,WEEKLY_EXPIRY|PROBABLE_MULTI_LEG(15)|EARNINGS_DATE_UNCHECKED
2026-07-31,MSFT,MSFT260807P00460000,unusual_volume,P,460.0,2026-08-07,7,0-7,0.01,ATM,3603,234,2179815,2197830,464.72,,WEEKLY_EXPIRY|PROBABLE_MULTI_LEG(2)|EARNINGS_DATE_UNCHECKED
2026-07-31,MSFT,MSFT260807P00462500,unusual_volume,P,462.5,2026-08-07,7,0-7,0.005,ATM,705,88,458250,488212,464.72,,WEEKLY_EXPIRY|PROBABLE_MULTI_LEG(22)|EARNINGS_DATE_UNCHECKED
2026-07-31,MSFT,MSFT260807P00465000,unusual_volume,P,465.0,2026-08-07,7,0-7,-0.001,ATM,559,53,463970,461175,464.72,,WEEKLY_EXPIRY|PROBABLE_MULTI_LEG(20)|EARNINGS_DATE_UNCHECKED
2026-07-31,MSFT,MSFT260807P00470000,unusual_volume,P,470.0,2026-08-07,7,0-7,-0.011,ATM,706,19,777306,771305,464.72,,WEEKLY_EXPIRY|PROBABLE_MULTI_LEG(22)|EARNINGS_DATE_UNCHECKED
2026-07-31,MSFT,MSFT260810C00467500,unusual_volume,C,467.5,2026-08-10,10,8-30,0.006,ATM,415,51,338225,334075,464.72,,WEEKLY_EXPIRY|PROBABLE_MULTI_LEG(27)|EARNINGS_DATE_UNCHECKED
2026-07-31,MSFT,MSFT260810P00460000,unusual_volume,P,460.0,2026-08-10,10,8-30,0.01,ATM,845,7,517985,555587,464.72,,WEEKLY_EXPIRY|PROBABLE_MULTI_LEG(19)|EARNINGS_DATE_UNCHECKED
2026-07-31,MSFT,MSFT260812C00462500,unusual_volume,C,462.5,2026-08-12,12,8-30,-0.005,ATM,255,18,284325,300900,464.72,,WEEKLY_EXPIRY|PROBABLE_MULTI_LEG(35)|EARNINGS_DATE_UNCHECKED
2026-07-31,MSFT,MSFT260814C00462500,unusual_volume,C,462.5,2026-08-14,14,8-30,-0.005,ATM,257,77,316624,331530,464.72,LAST_OUTSIDE_QUOTE,WEEKLY_EXPIRY|PROBABLE_MULTI_LEG(32)|EARNINGS_DATE_UNCHECKED
2026-07-31,MSFT,MSFT260814C00472500,unusual_volume,C,472.5,2026-08-14,14,8-30,0.017,ATM,309,38,259560,250290,464.72,,WEEKLY_EXPIRY|PROBABLE_MULTI_LEG(29)|EARNINGS_DATE_UNCHECKED
2026-07-31,MSFT,MSFT260814P00460000,unusual_volume,P,460.0,2026-08-14,14,8-30,0.01,ATM,816,67,697680,732360,464.72,,WEEKLY_EXPIRY|PROBABLE_MULTI_LEG(14)|EARNINGS_DATE_UNCHECKED
2026-07-31,MSFT,MSFT260814P00465000,unusual_volume,P,465.0,2026-08-14,14,8-30,-0.001,ATM,258,28,288960,287025,464.72,,WEEKLY_EXPIRY|PROBABLE_MULTI_LEG(34)|EARNINGS_DATE_UNCHECKED
2026-07-31,MSFT,MSFT260821P00465000,unusual_volume,P,465.0,2026-08-21,21,8-30,-0.001,ATM,1180,385,1551700,1578250,464.72,,MONTHLY_EXPIRY|PROBABLE_MULTI_LEG(15)|EARNINGS_DATE_UNCHECKED
2026-07-31,MSFT,MSFT260828P00450000,unusual_volume,P,450.0,2026-08-28,28,8-30,0.032,ATM,535,149,481500,489524,464.72,,WEEKLY_EXPIRY|PROBABLE_MULTI_LEG(21)|EARNINGS_DATE_UNCHECKED
2026-07-31,MSFT,MSFT260918P00455000,unusual_volume,P,455.0,2026-09-18,49,31-90,0.021,ATM,505,167,742350,776437,464.72,LAST_OUTSIDE_QUOTE,QUARTERLY_EXPIRY|PROBABLE_MULTI_LEG(24)|EARNINGS_DATE_UNCHECKED
2026-07-31,MSFT,MSFT261016C00500000,unusual_volume,C,500.0,2026-10-16,77,31-90,0.076,OTM_5-15,19486,5454,25624090,24844650,464.72,LAST_OUTSIDE_QUOTE,MONTHLY_EXPIRY|PROBABLE_MULTI_LEG(4)|EARNINGS_DATE_UNCHECKED
2026-07-31,MSFT,MSFT261016C00505000,unusual_volume,C,505.0,2026-10-16,77,31-90,0.087,OTM_5-15,743,195,832160,854450,464.72,,MONTHLY_EXPIRY|PROBABLE_MULTI_LEG(26)|EARNINGS_DATE_UNCHECKED
2026-07-31,MSFT,MSFT261016C00570000,unusual_volume,C,570.0,2026-10-16,77,31-90,0.227,OTM_15+,17865,62,3840975,3921367,464.72,,MONTHLY_EXPIRY|PROBABLE_MULTI_LEG(3)|EARNINGS_DATE_UNCHECKED
2026-07-31,MSFT,MSFT261016P00460000,unusual_volume,P,460.0,2026-10-16,77,31-90,0.01,ATM,1250,329,2650000,2724999,464.72,LAST_OUTSIDE_QUOTE,MONTHLY_EXPIRY|PROBABLE_MULTI_LEG(12)|EARNINGS_DATE_UNCHECKED
2026-07-31,MSFT,MSFT270115P00395000,unusual_volume,P,395.0,2027-01-15,168,91+,0.15,OTM_15+,1585,445,1902000,1925775,464.72,,MONTHLY_EXPIRY|PROBABLE_MULTI_LEG(6)|EARNINGS_DATE_UNCHECKED
2026-07-31,NVDA,NVDA260731C00080000,unusual_volume,C,80.0,2026-07-31,0,0-7,-0.601,ITM_15+,336,47,4017887,4074000,200.75,,NEAR_EXPIRY|WEEKLY_EXPIRY|DEEP_ITM|PROBABLE_MULTI_LEG(18)|EARNINGS_DATE_UNCHECKED
2026-07-31,NVDA,NVDA260731C00197500,unusual_volume,C,197.5,2026-07-31,0,0-7,-0.016,ATM,305142,32325,106799700,100544289,200.75,WIDE_MARKET,NEAR_EXPIRY|WEEKLY_EXPIRY|PROBABLE_MULTI_LEG(3)|EARNINGS_DATE_UNCHECKED
2026-07-31,NVDA,NVDA260731C00200000,unusual_volume,C,200.0,2026-07-31,0,0-7,-0.004,ATM,981125,65094,78490000,74565500,200.75,WIDE_MARKET,NEAR_EXPIRY|WEEKLY_EXPIRY|EARNINGS_DATE_UNCHECKED
2026-07-31,NVDA,NVDA260731P00200000,unusual_volume,P,200.0,2026-07-31,0,0-7,0.004,ATM,96799,11607,387196,290397,200.75,WIDE_MARKET,NEAR_EXPIRY|WEEKLY_EXPIRY|PROBABLE_MULTI_LEG(3)|EARNINGS_DATE_UNCHECKED
2026-07-31,NVDA,NVDA260731P00212500,unusual_volume,P,212.5,2026-07-31,0,0-7,-0.059,ITM_5-15,271,51,326826,361107,200.75,WIDE_MARKET,NEAR_EXPIRY|WEEKLY_EXPIRY|PROBABLE_MULTI_LEG(33)|EARNINGS_DATE_UNCHECKED
2026-07-31,NVDA,NVDA260803C00170000,unusual_volume,C,170.0,2026-08-03,3,0-7,-0.153,ITM_15+,327,49,1016316,1026779,200.75,,NEAR_EXPIRY|WEEKLY_EXPIRY|DEEP_ITM|PROBABLE_MULTI_LEG(20)|EARNINGS_DATE_UNCHECKED
2026-07-31,NVDA,NVDA260803C00172500,unusual_volume,C,172.5,2026-08-03,3,0-7,-0.141,ITM_5-15,506,27,1335334,1472460,200.75,,NEAR_EXPIRY|WEEKLY_EXPIRY|DEEP_ITM|PROBABLE_MULTI_LEG(29)|EARNINGS_DATE_UNCHECKED
2026-07-31,NVDA,NVDA260803C00175000,unusual_volume,C,175.0,2026-08-03,3,0-7,-0.128,ITM_5-15,464,92,1242128,1264400,200.75,,NEAR_EXPIRY|WEEKLY_EXPIRY|DEEP_ITM|PROBABLE_MULTI_LEG(16)|EARNINGS_DATE_UNCHECKED
2026-07-31,NVDA,NVDA260803C00177500,unusual_volume,C,177.5,2026-08-03,3,0-7,-0.116,ITM_5-15,1105,151,2287350,2740400,200.75,LAST_OUTSIDE_QUOTE,NEAR_EXPIRY|WEEKLY_EXPIRY|DEEP_ITM|PROBABLE_MULTI_LEG(16)|EARNINGS_DATE_UNCHECKED
2026-07-31,NVDA,NVDA260803C00180000,unusual_volume,C,180.0,2026-08-03,3,0-7,-0.103,ITM_5-15,944,159,2001280,1977680,200.75,,NEAR_EXPIRY|WEEKLY_EXPIRY|DEEP_ITM|PROBABLE_MULTI_LEG(13)|EARNINGS_DATE_UNCHECKED
2026-07-31,NVDA,NVDA260803C00182500,unusual_volume,C,182.5,2026-08-03,3,0-7,-0.091,ITM_5-15,715,206,1376375,1356712,200.75,,NEAR_EXPIRY|WEEKLY_EXPIRY|DEEP_ITM|PROBABLE_MULTI_LEG(15)|EARNINGS_DATE_UNCHECKED
2026-07-31,NVDA,NVDA260803C00185000,unusual_volume,C,185.0,2026-08-03,3,0-7,-0.078,ITM_5-15,7649,300,12888565,12372257,200.75,,NEAR_EXPIRY|WEEKLY_EXPIRY|DEEP_ITM|PROBABLE_MULTI_LEG(6)|EARNINGS_DATE_UNCHECKED
2026-07-31,NVDA,NVDA260803C00187500,unusual_volume,C,187.5,2026-08-03,3,0-7,-0.066,ITM_5-15,13682,376,18730658,18983775,200.75,,NEAR_EXPIRY|WEEKLY_EXPIRY|PROBABLE_MULTI_LEG(4)|EARNINGS_DATE_UNCHECKED
2026-07-31,NVDA,NVDA260803C00195000,unusual_volume,C,195.0,2026-08-03,3,0-7,-0.029,ATM,17341,5790,10751420,10534657,200.75,,NEAR_EXPIRY|WEEKLY_EXPIRY|PROBABLE_MULTI_LEG(4)|EARNINGS_DATE_UNCHECKED
2026-07-31,NVDA,NVDA260803C00197500,unusual_volume,C,197.5,2026-08-03,3,0-7,-0.016,ATM,33072,3916,14717040,13642200,200.75,LAST_OUTSIDE_QUOTE,NEAR_EXPIRY|WEEKLY_EXPIRY|EARNINGS_DATE_UNCHECKED
2026-07-31,NVDA,NVDA260803C00200000,unusual_volume,C,200.0,2026-08-03,3,0-7,-0.004,ATM,98092,10901,24719184,25062505,200.75,,NEAR_EXPIRY|WEEKLY_EXPIRY|PROBABLE_MULTI_LEG(3)|EARNINGS_DATE_UNCHECKED
2026-07-31,NVDA,NVDA260803C00202500,unusual_volume,C,202.5,2026-08-03,3,0-7,0.009,ATM,62721,5781,8592777,8592777,200.75,,NEAR_EXPIRY|WEEKLY_EXPIRY|PROBABLE_MULTI_LEG(3)|EARNINGS_DATE_UNCHECKED
2026-07-31,NVDA,NVDA260803C00205000,unusual_volume,C,205.0,2026-08-03,3,0-7,0.021,ATM,60287,4847,3918655,3948798,200.75,,NEAR_EXPIRY|WEEKLY_EXPIRY|PROBABLE_MULTI_LEG(2)|EARNINGS_DATE_UNCHECKED
2026-07-31,NVDA,NVDA260803C00207500,unusual_volume,C,207.5,2026-08-03,3,0-7,0.034,ATM,24044,3687,697275,733342,200.75,,NEAR_EXPIRY|WEEKLY_EXPIRY|EARNINGS_DATE_UNCHECKED
2026-07-31,NVDA,NVDA260803C00210000,unusual_volume,C,210.0,2026-08-03,3,0-7,0.046,ATM,28382,6985,368966,383157,200.75,,NEAR_EXPIRY|WEEKLY_EXPIRY|EARNINGS_DATE_UNCHECKED
2026-07-31,NVDA,NVDA260803P00190000,unusual_volume,P,190.0,2026-08-03,3,0-7,0.054,OTM_5-15,17873,6195,196603,205539,200.75,,NEAR_EXPIRY|WEEKLY_EXPIRY|PROBABLE_MULTI_LEG(4)|EARNINGS_DATE_UNCHECKED
2026-07-31,NVDA,NVDA260803P00192500,unusual_volume,P,192.5,2026-08-03,3,0-7,0.041,ATM,17407,3092,365547,348140,200.75,,NEAR_EXPIRY|WEEKLY_EXPIRY|PROBABLE_MULTI_LEG(4)|EARNINGS_DATE_UNCHECKED
2026-07-31,NVDA,NVDA260803P00195000,unusual_volume,P,195.0,2026-08-03,3,0-7,0.029,ATM,40014,6467,1680588,1680588,200.75,,NEAR_EXPIRY|WEEKLY_EXPIRY|EARNINGS_DATE_UNCHECKED
2026-07-31,NVDA,NVDA260803P00197500,unusual_volume,P,197.5,2026-08-03,3,0-7,0.016,ATM,38000,1376,3382000,3401000,200.75,,NEAR_EXPIRY|WEEKLY_EXPIRY|EARNINGS_DATE_UNCHECKED
2026-07-31,NVDA,NVDA260803P00200000,unusual_volume,P,200.0,2026-08-03,3,0-7,0.004,ATM,21836,1428,3821300,3832218,200.75,,NEAR_EXPIRY|WEEKLY_EXPIRY|PROBABLE_MULTI_LEG(5)|EARNINGS_DATE_UNCHECKED
2026-07-31,NVDA,NVDA260803P00202500,unusual_volume,P,202.5,2026-08-03,3,0-7,-0.009,ATM,2796,487,852779,845790,200.75,,NEAR_EXPIRY|WEEKLY_EXPIRY|PROBABLE_MULTI_LEG(10)|EARNINGS_DATE_UNCHECKED
2026-07-31,NVDA,NVDA260803P00205000,unusual_volume,P,205.0,2026-08-03,3,0-7,-0.021,ATM,2460,900,1237380,1156200,200.75,LAST_OUTSIDE_QUOTE,NEAR_EXPIRY|WEEKLY_EXPIRY|PROBABLE_MULTI_LEG(13)|EARNINGS_DATE_UNCHECKED
2026-07-31,NVDA,NVDA260803P00207500,unusual_volume,P,207.5,2026-08-03,3,0-7,-0.034,ATM,1587,578,983940,1106932,200.75,LAST_OUTSIDE_QUOTE,NEAR_EXPIRY|WEEKLY_EXPIRY|PROBABLE_MULTI_LEG(14)|EARNINGS_DATE_UNCHECKED
2026-07-31,NVDA,NVDA260803P00210000,unusual_volume,P,210.0,2026-08-03,3,0-7,-0.046,ATM,8373,104,7912484,7933417,200.75,,NEAR_EXPIRY|WEEKLY_EXPIRY|PROBABLE_MULTI_LEG(4)|EARNINGS_DATE_UNCHECKED
2026-07-31,NVDA,NVDA260803P00212500,unusual_volume,P,212.5,2026-08-03,3,0-7,-0.059,ITM_5-15,3305,5,3618975,3742912,200.75,,NEAR_EXPIRY|WEEKLY_EXPIRY|PROBABLE_MULTI_LEG(13)|EARNINGS_DATE_UNCHECKED
2026-07-31,NVDA,NVDA260803P00215000,unusual_volume,P,215.0,2026-08-03,3,0-7,-0.071,ITM_5-15,2046,2,2768237,3074115,200.75,LAST_OUTSIDE_QUOTE,NEAR_EXPIRY|WEEKLY_EXPIRY|DEEP_ITM|PROBABLE_MULTI_LEG(12)|EARNINGS_DATE_UNCHECKED
2026-07-31,NVDA,NVDA260803P00217500,unusual_volume,P,217.5,2026-08-03,3,0-7,-0.083,ITM_5-15,1722,0,2798250,2871434,200.75,,NEAR_EXPIRY|WEEKLY_EXPIRY|DEEP_ITM|PROBABLE_MULTI_LEG(15)|EARNINGS_DATE_UNCHECKED
2026-07-31,NVDA,NVDA260803P00220000,unusual_volume,P,220.0,2026-08-03,3,0-7,-0.096,ITM_5-15,580,0,1157100,1119400,200.75,,NEAR_EXPIRY|WEEKLY_EXPIRY|DEEP_ITM|PROBABLE_MULTI_LEG(23)|EARNINGS_DATE_UNCHECKED
2026-07-31,NVDA,NVDA260803P00222500,unusual_volume,P,222.5,2026-08-03,3,0-7,-0.108,ITM_5-15,835,0,1837000,1824475,200.75,,NEAR_EXPIRY|WEEKLY_EXPIRY|DEEP_ITM|PROBABLE_MULTI_LEG(21)|EARNINGS_DATE_UNCHECKED
2026-07-31,NVDA,NVDA260803P00227500,unusual_volume,P,227.5,2026-08-03,3,0-7,-0.133,ITM_5-15,1252,0,3376643,3414829,200.75,WIDE_MARKET,NEAR_EXPIRY|WEEKLY_EXPIRY|DEEP_ITM|PROBABLE_MULTI_LEG(18)|EARNINGS_DATE_UNCHECKED
2026-07-31,NVDA,NVDA260803P00230000,unusual_volume,P,230.0,2026-08-03,3,0-7,-0.146,ITM_5-15,868,0,2570148,2543240,200.75,,NEAR_EXPIRY|WEEKLY_EXPIRY|DEEP_ITM|PROBABLE_MULTI_LEG(22)|EARNINGS_DATE_UNCHECKED
2026-07-31,NVDA,NVDA260805C00180000,unusual_volume,C,180.0,2026-08-05,5,0-7,-0.103,ITM_5-15,543,96,1140300,1159305,200.75,,WEEKLY_EXPIRY|DEEP_ITM|PROBABLE_MULTI_LEG(24)|EARNINGS_DATE_UNCHECKED
2026-07-31,NVDA,NVDA260805C00182500,unusual_volume,C,182.5,2026-08-05,5,0-7,-0.091,ITM_5-15,271,102,493762,530482,200.75,WIDE_MARKET,WEEKLY_EXPIRY|DEEP_ITM|PROBABLE_MULTI_LEG(33)|EARNINGS_DATE_UNCHECKED
2026-07-31,NVDA,NVDA260805C00197500,unusual_volume,C,197.5,2026-08-05,5,0-7,-0.016,ATM,4417,1104,2606030,2429350,200.75,LAST_OUTSIDE_QUOTE,WEEKLY_EXPIRY|PROBABLE_MULTI_LEG(11)|EARNINGS_DATE_UNCHECKED
2026-07-31,NVDA,NVDA260805C00200000,unusual_volume,C,200.0,2026-08-05,5,0-7,-0.004,ATM,20643,2461,8050770,8153985,200.75,,WEEKLY_EXPIRY|PROBABLE_MULTI_LEG(6)|EARNINGS_DATE_UNCHECKED
2026-07-31,NVDA,NVDA260805C00202500,unusual_volume,C,202.5,2026-08-05,5,0-7,0.009,ATM,9413,1994,2550923,2560335,200.75,,WEEKLY_EXPIRY|PROBABLE_MULTI_LEG(5)|EARNINGS_DATE_UNCHECKED
2026-07-31,NVDA,NVDA260805C00205000,unusual_volume,C,205.0,2026-08-05,5,0-7,0.021,ATM,20912,3978,3764160,3743248,200.75,,WEEKLY_EXPIRY|PROBABLE_MULTI_LEG(7)|EARNINGS_DATE_UNCHECKED
2026-07-31,NVDA,NVDA260805C00207500,unusual_volume,C,207.5,2026-08-05,5,0-7,0.034,ATM,6323,2131,701853,714498,200.75,,WEEKLY_EXPIRY|PROBABLE_MULTI_LEG(7)|EARNINGS_DATE_UNCHECKED
2026-07-31,NVDA,NVDA260805P00195000,unusual_volume,P,195.0,2026-08-05,5,0-7,0.029,ATM,9180,2171,1193400,1257660,200.75,LAST_OUTSIDE_QUOTE,WEEKLY_EXPIRY|PROBABLE_MULTI_LEG(6)|EARNINGS_DATE_UNCHECKED
2026-07-31,NVDA,NVDA260805P00197500,unusual_volume,P,197.5,2026-08-05,5,0-7,0.016,ATM,8796,424,1847160,1838364,200.75,,WEEKLY_EXPIRY|PROBABLE_MULTI_LEG(7)|EARNINGS_DATE_UNCHECKED
2026-07-31,NVDA,NVDA260805P00200000,unusual_volume,P,200.0,2026-08-05,5,0-7,0.004,ATM,5387,1050,1669970,1656502,200.75,,WEEKLY_EXPIRY|PROBABLE_MULTI_LEG(6)|EARNINGS_DATE_UNCHECKED
2026-07-31,NVDA,NVDA260807C00185000,unusual_volume,C,185.0,2026-08-07,7,0-7,-0.078,ITM_5-15,7800,2499,13065000,12675000,200.75,LAST_OUTSIDE_QUOTE,WEEKLY_EXPIRY|DEEP_ITM|PROBABLE_MULTI_LEG(6)|EARNINGS_DATE_UNCHECKED
2026-07-31,NVDA,NVDA260807P00172500,unusual_volume,P,172.5,2026-08-07,7,0-7,0.141,OTM_5-15,14883,860,208362,208362,200.75,,WEEKLY_EXPIRY|PROBABLE_MULTI_LEG(2)|EARNINGS_DATE_UNCHECKED
2026-07-31,NVDA,NVDA260807P00187500,unusual_volume,P,187.5,2026-08-07,7,0-7,0.066,OTM_5-15,16318,4255,1028034,1134101,200.75,LAST_OUTSIDE_QUOTE,WEEKLY_EXPIRY|PROBABLE_MULTI_LEG(2)|EARNINGS_DATE_UNCHECKED
2026-07-31,NVDA,NVDA260807P00197500,unusual_volume,P,197.5,2026-08-07,7,0-7,0.016,ATM,6859,2153,1954815,1958244,200.75,,WEEKLY_EXPIRY|PROBABLE_MULTI_LEG(10)|EARNINGS_DATE_UNCHECKED
2026-07-31,NVDA,NVDA260807P00202500,unusual_volume,P,202.5,2026-08-07,7,0-7,-0.009,ATM,3271,851,1700920,1676387,200.75,,WEEKLY_EXPIRY|PROBABLE_MULTI_LEG(16)|EARNINGS_DATE_UNCHECKED
2026-07-31,NVDA,NVDA260810P00197500,unusual_volume,P,197.5,2026-08-10,10,8-30,0.016,ATM,879,157,266337,287872,200.75,LAST_OUTSIDE_QUOTE,WEEKLY_EXPIRY|PROBABLE_MULTI_LEG(20)|EARNINGS_DATE_UNCHECKED
2026-07-31,NVDA,NVDA260812C00202500,unusual_volume,C,202.5,2026-08-12,12,8-30,0.009,ATM,1224,248,643824,544679,200.75,LAST_OUTSIDE_QUOTE,WEEKLY_EXPIRY|PROBABLE_MULTI_LEG(18)|EARNINGS_DATE_UNCHECKED
2026-07-31,NVDA,NVDA260812P00192500,unusual_volume,P,192.5,2026-08-12,12,8-30,0.041,ATM,968,302,226512,224575,200.75,,WEEKLY_EXPIRY|PROBABLE_MULTI_LEG(15)|EARNINGS_DATE_UNCHECKED
2026-07-31,NVDA,NVDA260812P00195000,unusual_volume,P,195.0,2026-08-12,12,8-30,0.029,ATM,1130,186,346910,342955,200.75,,WEEKLY_EXPIRY|PROBABLE_MULTI_LEG(13)|EARNINGS_DATE_UNCHECKED
2026-07-31,NVDA,NVDA260911C00205000,unusual_volume,C,205.0,2026-09-11,42,31-90,0.021,ATM,272,39,285600,272680,200.75,LAST_OUTSIDE_QUOTE,WEEKLY_EXPIRY|PROBABLE_MULTI_LEG(32)|EARNINGS_DATE_UNCHECKED
2026-07-31,NVDA,NVDA260911C00225000,unusual_volume,C,225.0,2026-09-11,42,31-90,0.121,OTM_5-15,1763,162,671703,634680,200.75,,WEEKLY_EXPIRY|PROBABLE_MULTI_LEG(14)|EARNINGS_DATE_UNCHECKED
2026-07-31,ORCL,ORCL260731C00128000,unusual_volume,C,128.0,2026-07-31,0,0-7,-0.014,ATM,7257,2077,1429629,1447771,129.87,WIDE_MARKET,NEAR_EXPIRY|WEEKLY_EXPIRY|PROBABLE_MULTI_LEG(3)|EARNINGS_DATE_UNCHECKED
2026-07-31,ORCL,ORCL260731C00129000,unusual_volume,C,129.0,2026-07-31,0,0-7,-0.007,ATM,8743,1640,961730,948615,129.87,WIDE_MARKET,NEAR_EXPIRY|WEEKLY_EXPIRY|PROBABLE_MULTI_LEG(2)|EARNINGS_DATE_UNCHECKED
2026-07-31,ORCL,ORCL260807C00110000,unusual_volume,C,110.0,2026-08-07,7,0-7,-0.153,ITM_15+,838,83,1680190,1699044,129.87,,WEEKLY_EXPIRY|DEEP_ITM|PROBABLE_MULTI_LEG(8)|EARNINGS_DATE_UNCHECKED
2026-07-31,ORCL,ORCL260807C00129000,unusual_volume,C,129.0,2026-08-07,7,0-7,-0.007,ATM,1496,324,762960,748000,129.87,,WEEKLY_EXPIRY|PROBABLE_MULTI_LEG(3)|EARNINGS_DATE_UNCHECKED
2026-07-31,ORCL,ORCL260807C00132000,unusual_volume,C,132.0,2026-08-07,7,0-7,0.016,ATM,3116,766,1152920,1145130,129.87,,WEEKLY_EXPIRY|PROBABLE_MULTI_LEG(2)|EARNINGS_DATE_UNCHECKED
2026-07-31,ORCL,ORCL260807C00137000,unusual_volume,C,137.0,2026-08-07,7,0-7,0.055,OTM_5-15,2073,534,408381,387651,129.87,,WEEKLY_EXPIRY|PROBABLE_MULTI_LEG(6)|EARNINGS_DATE_UNCHECKED
2026-07-31,ORCL,ORCL260807P00120000,unusual_volume,P,120.0,2026-08-07,7,0-7,0.076,OTM_5-15,4971,1688,516984,531896,129.87,,WEEKLY_EXPIRY|PROBABLE_MULTI_LEG(3)|EARNINGS_DATE_UNCHECKED
2026-07-31,ORCL,ORCL260807P00125000,unusual_volume,P,125.0,2026-08-07,7,0-7,0.037,ATM,3023,1170,701336,692267,129.87,,WEEKLY_EXPIRY|PROBABLE_MULTI_LEG(2)|EARNINGS_DATE_UNCHECKED
2026-07-31,ORCL,ORCL260807P00126000,unusual_volume,P,126.0,2026-08-07,7,0-7,0.03,ATM,2035,343,565729,533170,129.87,LAST_OUTSIDE_QUOTE,WEEKLY_EXPIRY|PROBABLE_MULTI_LEG(6)|EARNINGS_DATE_UNCHECKED
2026-07-31,ORCL,ORCL260807P00128000,unusual_volume,P,128.0,2026-08-07,7,0-7,0.014,ATM,731,197,255850,255850,129.87,,WEEKLY_EXPIRY|PROBABLE_MULTI_LEG(9)|EARNINGS_DATE_UNCHECKED
2026-07-31,ORCL,ORCL260821P00250000,unusual_volume,P,250.0,2026-08-21,21,8-30,-0.925,ITM_15+,494,196,5982339,5926764,129.87,,MONTHLY_EXPIRY|DEEP_ITM|PROBABLE_MULTI_LEG(8)|EARNINGS_DATE_UNCHECKED
2026-07-31,ORCL,ORCL260828C00128000,unusual_volume,C,128.0,2026-08-28,28,8-30,-0.014,ATM,2282,177,2279718,2339050,129.87,,WEEKLY_EXPIRY|PROBABLE_MULTI_LEG(3)|EARNINGS_DATE_UNCHECKED
2026-07-31,ORCL,ORCL260904C00150000,unusual_volume,C,150.0,2026-09-04,35,31-90,0.155,OTM_15+,805,232,301875,297850,129.87,,WEEKLY_EXPIRY|PROBABLE_MULTI_LEG(9)|EARNINGS_DATE_UNCHECKED
2026-07-31,SOLS,SOLS260821P00095000,unusual_volume,P,95.0,2026-08-21,21,8-30,-0.655,ITM_15+,417,117,1552490,1567919,57.39,STALE_LAST,MONTHLY_EXPIRY|DEEP_ITM|PROBABLE_MULTI_LEG(2)|EARNINGS_DATE_UNCHECKED
2026-07-31,SPGI,SPGI260918C00460000,unusual_volume,C,460.0,2026-09-18,49,31-90,0.108,OTM_5-15,134,25,54940,51254,415.0,WIDE_MARKET|STALE_LAST,QUARTERLY_EXPIRY|EARNINGS_DATE_UNCHECKED
2026-07-31,SPGI,SPGI261016C00410000,unusual_volume,C,410.0,2026-10-16,77,31-90,-0.012,ATM,443,98,1085350,1200530,415.0,LAST_OUTSIDE_QUOTE|STALE_LAST,MONTHLY_EXPIRY|EARNINGS_DATE_UNCHECKED
2026-07-31,SPGI,SPGI261016P00410000,unusual_volume,P,410.0,2026-10-16,77,31-90,0.012,ATM,327,1,722670,639285,415.0,LAST_OUTSIDE_QUOTE|STALE_LAST,MONTHLY_EXPIRY|EARNINGS_DATE_UNCHECKED
2026-07-31,TSM,TSM260731C00380000,oi_build,C,380.0,2026-07-31,0,0-7,-0.06,ITM_5-15,198,3598,508266,482625,404.25,LAST_OUTSIDE_QUOTE,NEAR_EXPIRY|WEEKLY_EXPIRY|PROBABLE_MULTI_LEG(11)|EARNINGS_DATE_UNCHECKED
2026-07-31,TSM,TSM260731C00400000,oi_build,C,400.0,2026-07-31,0,0-7,-0.011,ATM,1243,5129,515845,540704,404.25,WIDE_MARKET,NEAR_EXPIRY|WEEKLY_EXPIRY|PROBABLE_MULTI_LEG(5)|EARNINGS_DATE_UNCHECKED
2026-07-31,TSM,TSM260807C00440000,oi_build,C,440.0,2026-08-07,7,0-7,0.088,OTM_5-15,858,2735,111540,115830,404.25,,WEEKLY_EXPIRY|PROBABLE_MULTI_LEG(4)|EARNINGS_DATE_UNCHECKED
2026-07-31,TSM,TSM260807P00397500,unusual_volume,P,397.5,2026-08-07,7,0-7,0.017,ATM,308,83,218679,237160,404.25,LAST_OUTSIDE_QUOTE,WEEKLY_EXPIRY|PROBABLE_MULTI_LEG(5)|EARNINGS_DATE_UNCHECKED
2026-07-31,TSM,TSM260807P00405000,unusual_volume,P,405.0,2026-08-07,7,0-7,-0.002,ATM,574,170,608440,628529,404.25,,WEEKLY_EXPIRY|PROBABLE_MULTI_LEG(3)|EARNINGS_DATE_UNCHECKED
2026-07-31,TSM,TSM260807P00407500,unusual_volume,P,407.5,2026-08-07,7,0-7,-0.008,ATM,758,53,928550,926655,404.25,,WEEKLY_EXPIRY|PROBABLE_MULTI_LEG(3)|EARNINGS_DATE_UNCHECKED
2026-07-31,TSM,TSM260814P00250000,oi_build,P,250.0,2026-08-14,14,8-30,0.382,OTM_15+,10,4145,150,165,404.25,WIDE_MARKET,WEEKLY_EXPIRY|EARNINGS_DATE_UNCHECKED
2026-07-31,TSM,TSM260814P00387500,unusual_volume,P,387.5,2026-08-14,14,8-30,0.041,ATM,392,22,299880,312620,404.25,,WEEKLY_EXPIRY|PROBABLE_MULTI_LEG(8)|EARNINGS_DATE_UNCHECKED
2026-07-31,TSM,TSM260828C00380000,unusual_volume,C,380.0,2026-08-28,28,8-30,-0.06,ITM_5-15,289,48,1070745,1044735,404.25,,WEEKLY_EXPIRY|PROBABLE_MULTI_LEG(6)|EARNINGS_DATE_UNCHECKED
2026-07-31,TSM,TSM260918C00390000,oi_build,C,390.0,2026-09-18,49,31-90,-0.035,ATM,1246,3472,4585280,4522980,404.25,,QUARTERLY_EXPIRY|PROBABLE_MULTI_LEG(5)|EARNINGS_DATE_UNCHECKED
2026-07-31,TSM,TSM260918P00260000,oi_build,P,260.0,2026-09-18,49,31-90,0.357,OTM_15+,374,8584,25058,25431,404.25,,QUARTERLY_EXPIRY|PROBABLE_MULTI_LEG(13)|EARNINGS_DATE_UNCHECKED
2026-07-31,TSM,TSM261120C00400000,oi_build,C,400.0,2026-11-20,112,91+,-0.011,ATM,38,4262,180044,177554,404.25,,MONTHLY_EXPIRY|EARNINGS_DATE_UNCHECKED
2026-07-31,TSM,TSM261120P00390000,oi_build,P,390.0,2026-11-20,112,91+,0.035,ATM,17,3267,55929,56312,404.25,,MONTHLY_EXPIRY|EARNINGS_DATE_UNCHECKED
2026-07-31,TSM,TSM280121C00500000,oi_build,C,500.0,2028-01-21,539,91+,0.237,OTM_15+,25,4672,176250,171812,404.25,LAST_OUTSIDE_QUOTE,MONTHLY_EXPIRY|EARNINGS_DATE_UNCHECKED
2026-07-31,V,V260731C00375000,oi_build,C,375.0,2026-07-31,0,0-7,0.024,ATM,152,1496,152,76,366.13,WIDE_MARKET,NEAR_EXPIRY|WEEKLY_EXPIRY|PROBABLE_MULTI_LEG(3)|EARNINGS_DATE_UNCHECKED
2026-07-31,V,V260814C00385000,unusual_volume,C,385.0,2026-08-14,14,8-30,0.052,OTM_5-15,2029,151,204929,205943,366.13,WIDE_MARKET,WEEKLY_EXPIRY|PROBABLE_MULTI_LEG(2)|EARNINGS_DATE_UNCHECKED
2026-07-31,V,V260821C00400000,oi_build,C,400.0,2026-08-21,21,8-30,0.093,OTM_5-15,35,1722,1575,1627,366.13,WIDE_MARKET,MONTHLY_EXPIRY|EARNINGS_DATE_UNCHECKED
2026-07-31,V,V260821P00357500,oi_build,P,357.5,2026-08-21,21,8-30,0.024,ATM,51,1052,23205,21930,366.13,,MONTHLY_EXPIRY|PROBABLE_MULTI_LEG(10)|EARNINGS_DATE_UNCHECKED
2026-07-31,V,V260918C00390000,unusual_volume,C,390.0,2026-09-18,49,31-90,0.065,OTM_5-15,1975,594,869000,859125,366.13,,QUARTERLY_EXPIRY|PROBABLE_MULTI_LEG(2)|EARNINGS_DATE_UNCHECKED
2026-07-31,V,V260918C00405000,unusual_volume,C,405.0,2026-09-18,49,31-90,0.106,OTM_5-15,1474,279,288904,257950,366.13,WIDE_MARKET,QUARTERLY_EXPIRY|EARNINGS_DATE_UNCHECKED
